2026-07-08 01:02:25 [lettuce-nioEventLoop-4-7] INFO  i.l.core.protocol.CommandHandler - null Unexpected exception during request: java.net.SocketException: Connection reset
java.net.SocketException: Connection reset
	at java.base/sun.nio.ch.SocketChannelImpl.throwConnectionReset(SocketChannelImpl.java:401)
	at java.base/sun.nio.ch.SocketChannelImpl.read(SocketChannelImpl.java:434)
	at io.netty.buffer.PooledByteBuf.setBytes(PooledByteBuf.java:255)
	at io.netty.buffer.AbstractByteBuf.writeBytes(AbstractByteBuf.java:1132)
	at io.netty.channel.socket.nio.NioSocketChannel.doReadBytes(NioSocketChannel.java:357)
	at io.netty.channel.nio.AbstractNioByteChannel$NioByteUnsafe.read(AbstractNioByteChannel.java:151)
	at io.netty.channel.nio.NioEventLoop.processSelectedKey(NioEventLoop.java:788)
	at io.netty.channel.nio.NioEventLoop.processSelectedKeysOptimized(NioEventLoop.java:724)
	at io.netty.channel.nio.NioEventLoop.processSelectedKeys(NioEventLoop.java:650)
	at io.netty.channel.nio.NioEventLoop.run(NioEventLoop.java:562)
	at io.netty.util.concurrent.SingleThreadEventExecutor$4.run(SingleThreadEventExecutor.java:997)
	at io.netty.util.internal.ThreadExecutorMap$2.run(ThreadExecutorMap.java:74)
	at io.netty.util.concurrent.FastThreadLocalRunnable.run(FastThreadLocalRunnable.java:30)
	at java.base/java.lang.Thread.run(Thread.java:1583)
2026-07-08 01:02:25 [lettuce-eventExecutorLoop-1-1] INFO  i.l.core.protocol.ConnectionWatchdog - Reconnecting, last destination was /8.138.40.200:6379
2026-07-08 01:02:28 [lettuce-nioEventLoop-4-8] WARN  i.l.core.protocol.ConnectionWatchdog - Cannot reconnect to [8.138.40.200/<unresolved>:6379]: java.nio.channels.ClosedChannelException
java.nio.channels.ClosedChannelException: null
	at io.netty.channel.nio.AbstractNioChannel.doClose(AbstractNioChannel.java:507)
	at io.netty.channel.socket.nio.NioSocketChannel.doClose(NioSocketChannel.java:349)
	at io.netty.channel.AbstractChannel$AbstractUnsafe.doClose0(AbstractChannel.java:754)
	at io.netty.channel.AbstractChannel$AbstractUnsafe.close(AbstractChannel.java:731)
	at io.netty.channel.AbstractChannel$AbstractUnsafe.close(AbstractChannel.java:620)
	at io.netty.channel.DefaultChannelPipeline$HeadContext.close(DefaultChannelPipeline.java:1352)
	at io.netty.channel.AbstractChannelHandlerContext.invokeClose(AbstractChannelHandlerContext.java:755)
	at io.netty.channel.AbstractChannelHandlerContext.access$1200(AbstractChannelHandlerContext.java:61)
	at io.netty.channel.AbstractChannelHandlerContext$11.run(AbstractChannelHandlerContext.java:738)
	at io.netty.util.concurrent.AbstractEventExecutor.runTask(AbstractEventExecutor.java:173)
	at io.netty.util.concurrent.AbstractEventExecutor.safeExecute(AbstractEventExecutor.java:166)
	at io.netty.util.concurrent.SingleThreadEventExecutor.runAllTasks(SingleThreadEventExecutor.java:470)
	at io.netty.channel.nio.NioEventLoop.run(NioEventLoop.java:569)
	at io.netty.util.concurrent.SingleThreadEventExecutor$4.run(SingleThreadEventExecutor.java:997)
	at io.netty.util.internal.ThreadExecutorMap$2.run(ThreadExecutorMap.java:74)
	at io.netty.util.concurrent.FastThreadLocalRunnable.run(FastThreadLocalRunnable.java:30)
	at java.base/java.lang.Thread.run(Thread.java:1583)
2026-07-08 14:08:53 [lettuce-eventExecutorLoop-1-7] INFO  i.l.core.protocol.ConnectionWatchdog - Reconnecting, last destination was 8.138.40.200/<unresolved>:6379
2026-07-08 14:08:54 [lettuce-eventExecutorLoop-1-7] WARN  i.l.core.protocol.ConnectionWatchdog - Cannot reconnect to [8.138.40.200/<unresolved>:6379]: No route to host: getsockopt: /8.138.40.200:6379
io.netty.channel.AbstractChannel$AnnotatedNoRouteToHostException: No route to host: getsockopt: /8.138.40.200:6379
Caused by: java.net.NoRouteToHostException: No route to host: getsockopt
	at java.base/sun.nio.ch.Net.pollConnect(Native Method)
	at java.base/sun.nio.ch.Net.pollConnectNow(Net.java:682)
	at java.base/sun.nio.ch.SocketChannelImpl.finishConnect(SocketChannelImpl.java:973)
	at io.netty.channel.socket.nio.NioSocketChannel.doFinishConnect(NioSocketChannel.java:337)
	at io.netty.channel.nio.AbstractNioChannel$AbstractNioUnsafe.finishConnect(AbstractNioChannel.java:339)
	at io.netty.channel.nio.NioEventLoop.processSelectedKey(NioEventLoop.java:776)
	at io.netty.channel.nio.NioEventLoop.processSelectedKeysOptimized(NioEventLoop.java:724)
	at io.netty.channel.nio.NioEventLoop.processSelectedKeys(NioEventLoop.java:650)
	at io.netty.channel.nio.NioEventLoop.run(NioEventLoop.java:562)
	at io.netty.util.concurrent.SingleThreadEventExecutor$4.run(SingleThreadEventExecutor.java:997)
	at io.netty.util.internal.ThreadExecutorMap$2.run(ThreadExecutorMap.java:74)
	at io.netty.util.concurrent.FastThreadLocalRunnable.run(FastThreadLocalRunnable.java:30)
	at java.base/java.lang.Thread.run(Thread.java:1583)
2026-07-08 14:08:59 [lettuce-eventExecutorLoop-1-1] INFO  i.l.core.protocol.ConnectionWatchdog - Reconnecting, last destination was 8.138.40.200/<unresolved>:6379
2026-07-08 14:09:01 [lettuce-nioEventLoop-4-5] WARN  i.l.core.protocol.ConnectionWatchdog - Cannot reconnect to [8.138.40.200/<unresolved>:6379]: java.nio.channels.ClosedChannelException
java.nio.channels.ClosedChannelException: null
	at io.netty.channel.nio.AbstractNioChannel.doClose(AbstractNioChannel.java:507)
	at io.netty.channel.socket.nio.NioSocketChannel.doClose(NioSocketChannel.java:349)
	at io.netty.channel.AbstractChannel$AbstractUnsafe.doClose0(AbstractChannel.java:754)
	at io.netty.channel.AbstractChannel$AbstractUnsafe.close(AbstractChannel.java:731)
	at io.netty.channel.AbstractChannel$AbstractUnsafe.close(AbstractChannel.java:620)
	at io.netty.channel.DefaultChannelPipeline$HeadContext.close(DefaultChannelPipeline.java:1352)
	at io.netty.channel.AbstractChannelHandlerContext.invokeClose(AbstractChannelHandlerContext.java:755)
	at io.netty.channel.AbstractChannelHandlerContext.access$1200(AbstractChannelHandlerContext.java:61)
	at io.netty.channel.AbstractChannelHandlerContext$11.run(AbstractChannelHandlerContext.java:738)
	at io.netty.util.concurrent.AbstractEventExecutor.runTask(AbstractEventExecutor.java:173)
	at io.netty.util.concurrent.AbstractEventExecutor.safeExecute(AbstractEventExecutor.java:166)
	at io.netty.util.concurrent.SingleThreadEventExecutor.runAllTasks(SingleThreadEventExecutor.java:470)
	at io.netty.channel.nio.NioEventLoop.run(NioEventLoop.java:569)
	at io.netty.util.concurrent.SingleThreadEventExecutor$4.run(SingleThreadEventExecutor.java:997)
	at io.netty.util.internal.ThreadExecutorMap$2.run(ThreadExecutorMap.java:74)
	at io.netty.util.concurrent.FastThreadLocalRunnable.run(FastThreadLocalRunnable.java:30)
	at java.base/java.lang.Thread.run(Thread.java:1583)
2026-07-08 14:09:06 [lettuce-eventExecutorLoop-1-1] INFO  i.l.core.protocol.ConnectionWatchdog - Reconnecting, last destination was 8.138.40.200/<unresolved>:6379
2026-07-08 14:09:07 [HikariPool-1 housekeeper] WARN  com.zaxxer.hikari.pool.HikariPool - HikariPool-1 - Thread starvation or clock leap detected (housekeeper delta=16h6m54s174ms915µs600ns).
2026-07-08 14:09:07 [HikariPool-1 housekeeper] WARN  com.zaxxer.hikari.pool.PoolBase - HikariPool-1 - Failed to validate connection com.mysql.cj.jdbc.ConnectionImpl@7d4486c5 (No operations allowed after connection closed.). Possibly consider using a shorter maxLifetime value.
2026-07-08 14:09:07 [HikariPool-1 housekeeper] WARN  com.zaxxer.hikari.pool.PoolBase - HikariPool-1 - Failed to validate connection com.mysql.cj.jdbc.ConnectionImpl@11790a89 (No operations allowed after connection closed.). Possibly consider using a shorter maxLifetime value.
2026-07-08 14:09:07 [HikariPool-1 housekeeper] WARN  com.zaxxer.hikari.pool.PoolBase - HikariPool-1 - Failed to validate connection com.mysql.cj.jdbc.ConnectionImpl@4852c4cd (No operations allowed after connection closed.). Possibly consider using a shorter maxLifetime value.
2026-07-08 14:09:07 [HikariPool-1 housekeeper] WARN  com.zaxxer.hikari.pool.PoolBase - HikariPool-1 - Failed to validate connection com.mysql.cj.jdbc.ConnectionImpl@7a438757 (No operations allowed after connection closed.). Possibly consider using a shorter maxLifetime value.
2026-07-08 14:09:07 [HikariPool-1 housekeeper] WARN  com.zaxxer.hikari.pool.PoolBase - HikariPool-1 - Failed to validate connection com.mysql.cj.jdbc.ConnectionImpl@75b4463f (No operations allowed after connection closed.). Possibly consider using a shorter maxLifetime value.
2026-07-08 14:09:08 [lettuce-nioEventLoop-4-8] WARN  i.l.core.protocol.ConnectionWatchdog - Cannot reconnect to [8.138.40.200/<unresolved>:6379]: java.nio.channels.ClosedChannelException
java.nio.channels.ClosedChannelException: null
	at io.netty.channel.nio.AbstractNioChannel.doClose(AbstractNioChannel.java:507)
	at io.netty.channel.socket.nio.NioSocketChannel.doClose(NioSocketChannel.java:349)
	at io.netty.channel.AbstractChannel$AbstractUnsafe.doClose0(AbstractChannel.java:754)
	at io.netty.channel.AbstractChannel$AbstractUnsafe.close(AbstractChannel.java:731)
	at io.netty.channel.AbstractChannel$AbstractUnsafe.close(AbstractChannel.java:620)
	at io.netty.channel.DefaultChannelPipeline$HeadContext.close(DefaultChannelPipeline.java:1352)
	at io.netty.channel.AbstractChannelHandlerContext.invokeClose(AbstractChannelHandlerContext.java:755)
	at io.netty.channel.AbstractChannelHandlerContext.access$1200(AbstractChannelHandlerContext.java:61)
	at io.netty.channel.AbstractChannelHandlerContext$11.run(AbstractChannelHandlerContext.java:738)
	at io.netty.util.concurrent.AbstractEventExecutor.runTask(AbstractEventExecutor.java:173)
	at io.netty.util.concurrent.AbstractEventExecutor.safeExecute(AbstractEventExecutor.java:166)
	at io.netty.util.concurrent.SingleThreadEventExecutor.runAllTasks(SingleThreadEventExecutor.java:470)
	at io.netty.channel.nio.NioEventLoop.run(NioEventLoop.java:569)
	at io.netty.util.concurrent.SingleThreadEventExecutor$4.run(SingleThreadEventExecutor.java:997)
	at io.netty.util.internal.ThreadExecutorMap$2.run(ThreadExecutorMap.java:74)
	at io.netty.util.concurrent.FastThreadLocalRunnable.run(FastThreadLocalRunnable.java:30)
	at java.base/java.lang.Thread.run(Thread.java:1583)
2026-07-08 14:09:12 [lettuce-eventExecutorLoop-1-5] INFO  i.l.core.protocol.ConnectionWatchdog - Reconnecting, last destination was 8.138.40.200/<unresolved>:6379
2026-07-08 14:09:14 [lettuce-nioEventLoop-4-2] WARN  i.l.core.protocol.ConnectionWatchdog - Cannot reconnect to [8.138.40.200/<unresolved>:6379]: java.nio.channels.ClosedChannelException
java.nio.channels.ClosedChannelException: null
	at io.netty.channel.nio.AbstractNioChannel.doClose(AbstractNioChannel.java:507)
	at io.netty.channel.socket.nio.NioSocketChannel.doClose(NioSocketChannel.java:349)
	at io.netty.channel.AbstractChannel$AbstractUnsafe.doClose0(AbstractChannel.java:754)
	at io.netty.channel.AbstractChannel$AbstractUnsafe.close(AbstractChannel.java:731)
	at io.netty.channel.AbstractChannel$AbstractUnsafe.close(AbstractChannel.java:620)
	at io.netty.channel.DefaultChannelPipeline$HeadContext.close(DefaultChannelPipeline.java:1352)
	at io.netty.channel.AbstractChannelHandlerContext.invokeClose(AbstractChannelHandlerContext.java:755)
	at io.netty.channel.AbstractChannelHandlerContext.access$1200(AbstractChannelHandlerContext.java:61)
	at io.netty.channel.AbstractChannelHandlerContext$11.run(AbstractChannelHandlerContext.java:738)
	at io.netty.util.concurrent.AbstractEventExecutor.runTask(AbstractEventExecutor.java:173)
	at io.netty.util.concurrent.AbstractEventExecutor.safeExecute(AbstractEventExecutor.java:166)
	at io.netty.util.concurrent.SingleThreadEventExecutor.runAllTasks(SingleThreadEventExecutor.java:470)
	at io.netty.channel.nio.NioEventLoop.run(NioEventLoop.java:569)
	at io.netty.util.concurrent.SingleThreadEventExecutor$4.run(SingleThreadEventExecutor.java:997)
	at io.netty.util.internal.ThreadExecutorMap$2.run(ThreadExecutorMap.java:74)
	at io.netty.util.concurrent.FastThreadLocalRunnable.run(FastThreadLocalRunnable.java:30)
	at java.base/java.lang.Thread.run(Thread.java:1583)
2026-07-08 14:09:22 [lettuce-eventExecutorLoop-1-1] INFO  i.l.core.protocol.ConnectionWatchdog - Reconnecting, last destination was 8.138.40.200/<unresolved>:6379
2026-07-08 14:09:25 [lettuce-nioEventLoop-4-4] WARN  i.l.core.protocol.ConnectionWatchdog - Cannot reconnect to [8.138.40.200/<unresolved>:6379]: java.nio.channels.ClosedChannelException
java.nio.channels.ClosedChannelException: null
	at io.netty.channel.nio.AbstractNioChannel.doClose(AbstractNioChannel.java:507)
	at io.netty.channel.socket.nio.NioSocketChannel.doClose(NioSocketChannel.java:349)
	at io.netty.channel.AbstractChannel$AbstractUnsafe.doClose0(AbstractChannel.java:754)
	at io.netty.channel.AbstractChannel$AbstractUnsafe.close(AbstractChannel.java:731)
	at io.netty.channel.AbstractChannel$AbstractUnsafe.close(AbstractChannel.java:620)
	at io.netty.channel.DefaultChannelPipeline$HeadContext.close(DefaultChannelPipeline.java:1352)
	at io.netty.channel.AbstractChannelHandlerContext.invokeClose(AbstractChannelHandlerContext.java:755)
	at io.netty.channel.AbstractChannelHandlerContext.access$1200(AbstractChannelHandlerContext.java:61)
	at io.netty.channel.AbstractChannelHandlerContext$11.run(AbstractChannelHandlerContext.java:738)
	at io.netty.util.concurrent.AbstractEventExecutor.runTask(AbstractEventExecutor.java:173)
	at io.netty.util.concurrent.AbstractEventExecutor.safeExecute(AbstractEventExecutor.java:166)
	at io.netty.util.concurrent.SingleThreadEventExecutor.runAllTasks(SingleThreadEventExecutor.java:470)
	at io.netty.channel.nio.NioEventLoop.run(NioEventLoop.java:569)
	at io.netty.util.concurrent.SingleThreadEventExecutor$4.run(SingleThreadEventExecutor.java:997)
	at io.netty.util.internal.ThreadExecutorMap$2.run(ThreadExecutorMap.java:74)
	at io.netty.util.concurrent.FastThreadLocalRunnable.run(FastThreadLocalRunnable.java:30)
	at java.base/java.lang.Thread.run(Thread.java:1583)
2026-07-08 14:09:33 [lettuce-eventExecutorLoop-1-3] INFO  i.l.core.protocol.ConnectionWatchdog - Reconnecting, last destination was 8.138.40.200/<unresolved>:6379
2026-07-08 14:09:35 [lettuce-nioEventLoop-4-5] WARN  i.l.core.protocol.ConnectionWatchdog - Cannot reconnect to [8.138.40.200/<unresolved>:6379]: java.nio.channels.ClosedChannelException
java.nio.channels.ClosedChannelException: null
	at io.netty.channel.nio.AbstractNioChannel.doClose(AbstractNioChannel.java:507)
	at io.netty.channel.socket.nio.NioSocketChannel.doClose(NioSocketChannel.java:349)
	at io.netty.channel.AbstractChannel$AbstractUnsafe.doClose0(AbstractChannel.java:754)
	at io.netty.channel.AbstractChannel$AbstractUnsafe.close(AbstractChannel.java:731)
	at io.netty.channel.AbstractChannel$AbstractUnsafe.close(AbstractChannel.java:620)
	at io.netty.channel.DefaultChannelPipeline$HeadContext.close(DefaultChannelPipeline.java:1352)
	at io.netty.channel.AbstractChannelHandlerContext.invokeClose(AbstractChannelHandlerContext.java:755)
	at io.netty.channel.AbstractChannelHandlerContext.access$1200(AbstractChannelHandlerContext.java:61)
	at io.netty.channel.AbstractChannelHandlerContext$11.run(AbstractChannelHandlerContext.java:738)
	at io.netty.util.concurrent.AbstractEventExecutor.runTask(AbstractEventExecutor.java:173)
	at io.netty.util.concurrent.AbstractEventExecutor.safeExecute(AbstractEventExecutor.java:166)
	at io.netty.util.concurrent.SingleThreadEventExecutor.runAllTasks(SingleThreadEventExecutor.java:470)
	at io.netty.channel.nio.NioEventLoop.run(NioEventLoop.java:569)
	at io.netty.util.concurrent.SingleThreadEventExecutor$4.run(SingleThreadEventExecutor.java:997)
	at io.netty.util.internal.ThreadExecutorMap$2.run(ThreadExecutorMap.java:74)
	at io.netty.util.concurrent.FastThreadLocalRunnable.run(FastThreadLocalRunnable.java:30)
	at java.base/java.lang.Thread.run(Thread.java:1583)
2026-07-08 14:09:51 [lettuce-eventExecutorLoop-1-5] INFO  i.l.core.protocol.ConnectionWatchdog - Reconnecting, last destination was 8.138.40.200/<unresolved>:6379
2026-07-08 14:09:53 [lettuce-nioEventLoop-4-6] WARN  i.l.core.protocol.ConnectionWatchdog - Cannot reconnect to [8.138.40.200/<unresolved>:6379]: java.nio.channels.ClosedChannelException
java.nio.channels.ClosedChannelException: null
	at io.netty.channel.nio.AbstractNioChannel.doClose(AbstractNioChannel.java:507)
	at io.netty.channel.socket.nio.NioSocketChannel.doClose(NioSocketChannel.java:349)
	at io.netty.channel.AbstractChannel$AbstractUnsafe.doClose0(AbstractChannel.java:754)
	at io.netty.channel.AbstractChannel$AbstractUnsafe.close(AbstractChannel.java:731)
	at io.netty.channel.AbstractChannel$AbstractUnsafe.close(AbstractChannel.java:620)
	at io.netty.channel.DefaultChannelPipeline$HeadContext.close(DefaultChannelPipeline.java:1352)
	at io.netty.channel.AbstractChannelHandlerContext.invokeClose(AbstractChannelHandlerContext.java:755)
	at io.netty.channel.AbstractChannelHandlerContext.access$1200(AbstractChannelHandlerContext.java:61)
	at io.netty.channel.AbstractChannelHandlerContext$11.run(AbstractChannelHandlerContext.java:738)
	at io.netty.util.concurrent.AbstractEventExecutor.runTask(AbstractEventExecutor.java:173)
	at io.netty.util.concurrent.AbstractEventExecutor.safeExecute(AbstractEventExecutor.java:166)
	at io.netty.util.concurrent.SingleThreadEventExecutor.runAllTasks(SingleThreadEventExecutor.java:470)
	at io.netty.channel.nio.NioEventLoop.run(NioEventLoop.java:569)
	at io.netty.util.concurrent.SingleThreadEventExecutor$4.run(SingleThreadEventExecutor.java:997)
	at io.netty.util.internal.ThreadExecutorMap$2.run(ThreadExecutorMap.java:74)
	at io.netty.util.concurrent.FastThreadLocalRunnable.run(FastThreadLocalRunnable.java:30)
	at java.base/java.lang.Thread.run(Thread.java:1583)
2026-07-08 14:31:48 [lettuce-eventExecutorLoop-1-7] INFO  i.l.core.protocol.ConnectionWatchdog - Reconnecting, last destination was 8.138.40.200/<unresolved>:6379
2026-07-08 14:31:50 [lettuce-nioEventLoop-4-7] WARN  i.l.core.protocol.ConnectionWatchdog - Cannot reconnect to [8.138.40.200/<unresolved>:6379]: java.nio.channels.ClosedChannelException
java.nio.channels.ClosedChannelException: null
	at io.netty.channel.nio.AbstractNioChannel.doClose(AbstractNioChannel.java:507)
	at io.netty.channel.socket.nio.NioSocketChannel.doClose(NioSocketChannel.java:349)
	at io.netty.channel.AbstractChannel$AbstractUnsafe.doClose0(AbstractChannel.java:754)
	at io.netty.channel.AbstractChannel$AbstractUnsafe.close(AbstractChannel.java:731)
	at io.netty.channel.AbstractChannel$AbstractUnsafe.close(AbstractChannel.java:620)
	at io.netty.channel.DefaultChannelPipeline$HeadContext.close(DefaultChannelPipeline.java:1352)
	at io.netty.channel.AbstractChannelHandlerContext.invokeClose(AbstractChannelHandlerContext.java:755)
	at io.netty.channel.AbstractChannelHandlerContext.access$1200(AbstractChannelHandlerContext.java:61)
	at io.netty.channel.AbstractChannelHandlerContext$11.run(AbstractChannelHandlerContext.java:738)
	at io.netty.util.concurrent.AbstractEventExecutor.runTask(AbstractEventExecutor.java:173)
	at io.netty.util.concurrent.AbstractEventExecutor.safeExecute(AbstractEventExecutor.java:166)
	at io.netty.util.concurrent.SingleThreadEventExecutor.runAllTasks(SingleThreadEventExecutor.java:470)
	at io.netty.channel.nio.NioEventLoop.run(NioEventLoop.java:569)
	at io.netty.util.concurrent.SingleThreadEventExecutor$4.run(SingleThreadEventExecutor.java:997)
	at io.netty.util.internal.ThreadExecutorMap$2.run(ThreadExecutorMap.java:74)
	at io.netty.util.concurrent.FastThreadLocalRunnable.run(FastThreadLocalRunnable.java:30)
	at java.base/java.lang.Thread.run(Thread.java:1583)
2026-07-08 14:32:12 [HikariPool-1 housekeeper] WARN  com.zaxxer.hikari.pool.HikariPool - HikariPool-1 - Thread starvation or clock leap detected (housekeeper delta=22m4s391ms508µs900ns).
2026-07-08 14:32:20 [lettuce-eventExecutorLoop-1-1] INFO  i.l.core.protocol.ConnectionWatchdog - Reconnecting, last destination was 8.138.40.200/<unresolved>:6379
2026-07-08 14:32:20 [lettuce-nioEventLoop-4-8] INFO  i.l.c.protocol.ReconnectionHandler - Reconnected to 8.138.40.200/<unresolved>:6379
2026-07-08 17:44:11 [lettuce-nioEventLoop-4-8] INFO  i.l.core.protocol.CommandHandler - null Unexpected exception during request: java.net.SocketException: Connection reset
java.net.SocketException: Connection reset
	at java.base/sun.nio.ch.SocketChannelImpl.throwConnectionReset(SocketChannelImpl.java:401)
	at java.base/sun.nio.ch.SocketChannelImpl.read(SocketChannelImpl.java:434)
	at io.netty.buffer.PooledByteBuf.setBytes(PooledByteBuf.java:255)
	at io.netty.buffer.AbstractByteBuf.writeBytes(AbstractByteBuf.java:1132)
	at io.netty.channel.socket.nio.NioSocketChannel.doReadBytes(NioSocketChannel.java:357)
	at io.netty.channel.nio.AbstractNioByteChannel$NioByteUnsafe.read(AbstractNioByteChannel.java:151)
	at io.netty.channel.nio.NioEventLoop.processSelectedKey(NioEventLoop.java:788)
	at io.netty.channel.nio.NioEventLoop.processSelectedKeysOptimized(NioEventLoop.java:724)
	at io.netty.channel.nio.NioEventLoop.processSelectedKeys(NioEventLoop.java:650)
	at io.netty.channel.nio.NioEventLoop.run(NioEventLoop.java:562)
	at io.netty.util.concurrent.SingleThreadEventExecutor$4.run(SingleThreadEventExecutor.java:997)
	at io.netty.util.internal.ThreadExecutorMap$2.run(ThreadExecutorMap.java:74)
	at io.netty.util.concurrent.FastThreadLocalRunnable.run(FastThreadLocalRunnable.java:30)
	at java.base/java.lang.Thread.run(Thread.java:1583)
2026-07-08 17:44:11 [HikariPool-1 housekeeper] WARN  com.zaxxer.hikari.pool.HikariPool - HikariPool-1 - Thread starvation or clock leap detected (housekeeper delta=3h27s608ms513µs400ns).
2026-07-08 17:44:11 [HikariPool-1 housekeeper] WARN  com.zaxxer.hikari.pool.PoolBase - HikariPool-1 - Failed to validate connection com.mysql.cj.jdbc.ConnectionImpl@516f3a1e (No operations allowed after connection closed.). Possibly consider using a shorter maxLifetime value.
2026-07-08 17:44:11 [HikariPool-1 housekeeper] WARN  com.zaxxer.hikari.pool.PoolBase - HikariPool-1 - Failed to validate connection com.mysql.cj.jdbc.ConnectionImpl@1e1ad6ce (No operations allowed after connection closed.). Possibly consider using a shorter maxLifetime value.
2026-07-08 17:44:11 [HikariPool-1 housekeeper] WARN  com.zaxxer.hikari.pool.PoolBase - HikariPool-1 - Failed to validate connection com.mysql.cj.jdbc.ConnectionImpl@476ad652 (No operations allowed after connection closed.). Possibly consider using a shorter maxLifetime value.
2026-07-08 17:44:11 [HikariPool-1 housekeeper] WARN  com.zaxxer.hikari.pool.PoolBase - HikariPool-1 - Failed to validate connection com.mysql.cj.jdbc.ConnectionImpl@18c05c35 (No operations allowed after connection closed.). Possibly consider using a shorter maxLifetime value.
2026-07-08 17:44:11 [lettuce-eventExecutorLoop-1-2] INFO  i.l.core.protocol.ConnectionWatchdog - Reconnecting, last destination was /8.138.40.200:6379
2026-07-08 17:44:13 [lettuce-nioEventLoop-4-1] WARN  i.l.core.protocol.ConnectionWatchdog - Cannot reconnect to [8.138.40.200/<unresolved>:6379]: java.nio.channels.ClosedChannelException
java.nio.channels.ClosedChannelException: null
	at io.netty.channel.nio.AbstractNioChannel.doClose(AbstractNioChannel.java:507)
	at io.netty.channel.socket.nio.NioSocketChannel.doClose(NioSocketChannel.java:349)
	at io.netty.channel.AbstractChannel$AbstractUnsafe.doClose0(AbstractChannel.java:754)
	at io.netty.channel.AbstractChannel$AbstractUnsafe.close(AbstractChannel.java:731)
	at io.netty.channel.AbstractChannel$AbstractUnsafe.close(AbstractChannel.java:620)
	at io.netty.channel.DefaultChannelPipeline$HeadContext.close(DefaultChannelPipeline.java:1352)
	at io.netty.channel.AbstractChannelHandlerContext.invokeClose(AbstractChannelHandlerContext.java:755)
	at io.netty.channel.AbstractChannelHandlerContext.access$1200(AbstractChannelHandlerContext.java:61)
	at io.netty.channel.AbstractChannelHandlerContext$11.run(AbstractChannelHandlerContext.java:738)
	at io.netty.util.concurrent.AbstractEventExecutor.runTask(AbstractEventExecutor.java:173)
	at io.netty.util.concurrent.AbstractEventExecutor.safeExecute(AbstractEventExecutor.java:166)
	at io.netty.util.concurrent.SingleThreadEventExecutor.runAllTasks(SingleThreadEventExecutor.java:470)
	at io.netty.channel.nio.NioEventLoop.run(NioEventLoop.java:569)
	at io.netty.util.concurrent.SingleThreadEventExecutor$4.run(SingleThreadEventExecutor.java:997)
	at io.netty.util.internal.ThreadExecutorMap$2.run(ThreadExecutorMap.java:74)
	at io.netty.util.concurrent.FastThreadLocalRunnable.run(FastThreadLocalRunnable.java:30)
	at java.base/java.lang.Thread.run(Thread.java:1583)
2026-07-08 17:44:17 [lettuce-eventExecutorLoop-1-8] INFO  i.l.core.protocol.ConnectionWatchdog - Reconnecting, last destination was 8.138.40.200/<unresolved>:6379
2026-07-08 19:49:14 [lettuce-nioEventLoop-4-4] WARN  i.l.core.protocol.ConnectionWatchdog - Cannot reconnect to [8.138.40.200/<unresolved>:6379]: java.nio.channels.ClosedChannelException
java.nio.channels.ClosedChannelException: null
	at io.netty.channel.nio.AbstractNioChannel.doClose(AbstractNioChannel.java:507)
	at io.netty.channel.socket.nio.NioSocketChannel.doClose(NioSocketChannel.java:349)
	at io.netty.channel.AbstractChannel$AbstractUnsafe.doClose0(AbstractChannel.java:754)
	at io.netty.channel.AbstractChannel$AbstractUnsafe.close(AbstractChannel.java:731)
	at io.netty.channel.AbstractChannel$AbstractUnsafe.close(AbstractChannel.java:620)
	at io.netty.channel.DefaultChannelPipeline$HeadContext.close(DefaultChannelPipeline.java:1352)
	at io.netty.channel.AbstractChannelHandlerContext.invokeClose(AbstractChannelHandlerContext.java:755)
	at io.netty.channel.AbstractChannelHandlerContext.access$1200(AbstractChannelHandlerContext.java:61)
	at io.netty.channel.AbstractChannelHandlerContext$11.run(AbstractChannelHandlerContext.java:738)
	at io.netty.util.concurrent.AbstractEventExecutor.runTask(AbstractEventExecutor.java:173)
	at io.netty.util.concurrent.AbstractEventExecutor.safeExecute(AbstractEventExecutor.java:166)
	at io.netty.util.concurrent.SingleThreadEventExecutor.runAllTasks(SingleThreadEventExecutor.java:470)
	at io.netty.channel.nio.NioEventLoop.run(NioEventLoop.java:569)
	at io.netty.util.concurrent.SingleThreadEventExecutor$4.run(SingleThreadEventExecutor.java:997)
	at io.netty.util.internal.ThreadExecutorMap$2.run(ThreadExecutorMap.java:74)
	at io.netty.util.concurrent.FastThreadLocalRunnable.run(FastThreadLocalRunnable.java:30)
	at java.base/java.lang.Thread.run(Thread.java:1583)
2026-07-08 19:49:15 [lettuce-eventExecutorLoop-1-2] INFO  i.l.core.protocol.ConnectionWatchdog - Reconnecting, last destination was 8.138.40.200/<unresolved>:6379
2026-07-08 19:49:15 [lettuce-nioEventLoop-4-5] WARN  i.l.core.protocol.ConnectionWatchdog - Cannot reconnect to [8.138.40.200/<unresolved>:6379]: No route to host: getsockopt: /8.138.40.200:6379
io.netty.channel.AbstractChannel$AnnotatedNoRouteToHostException: No route to host: getsockopt: /8.138.40.200:6379
Caused by: java.net.NoRouteToHostException: No route to host: getsockopt
	at java.base/sun.nio.ch.Net.pollConnect(Native Method)
	at java.base/sun.nio.ch.Net.pollConnectNow(Net.java:682)
	at java.base/sun.nio.ch.SocketChannelImpl.finishConnect(SocketChannelImpl.java:973)
	at io.netty.channel.socket.nio.NioSocketChannel.doFinishConnect(NioSocketChannel.java:337)
	at io.netty.channel.nio.AbstractNioChannel$AbstractNioUnsafe.finishConnect(AbstractNioChannel.java:339)
	at io.netty.channel.nio.NioEventLoop.processSelectedKey(NioEventLoop.java:776)
	at io.netty.channel.nio.NioEventLoop.processSelectedKeysOptimized(NioEventLoop.java:724)
	at io.netty.channel.nio.NioEventLoop.processSelectedKeys(NioEventLoop.java:650)
	at io.netty.channel.nio.NioEventLoop.run(NioEventLoop.java:562)
	at io.netty.util.concurrent.SingleThreadEventExecutor$4.run(SingleThreadEventExecutor.java:997)
	at io.netty.util.internal.ThreadExecutorMap$2.run(ThreadExecutorMap.java:74)
	at io.netty.util.concurrent.FastThreadLocalRunnable.run(FastThreadLocalRunnable.java:30)
	at java.base/java.lang.Thread.run(Thread.java:1583)
2026-07-08 19:49:20 [lettuce-eventExecutorLoop-1-2] INFO  i.l.core.protocol.ConnectionWatchdog - Reconnecting, last destination was 8.138.40.200/<unresolved>:6379
2026-07-08 19:49:22 [lettuce-nioEventLoop-4-1] WARN  i.l.core.protocol.ConnectionWatchdog - Cannot reconnect to [8.138.40.200/<unresolved>:6379]: java.nio.channels.ClosedChannelException
java.nio.channels.ClosedChannelException: null
	at io.netty.channel.nio.AbstractNioChannel.doClose(AbstractNioChannel.java:507)
	at io.netty.channel.socket.nio.NioSocketChannel.doClose(NioSocketChannel.java:349)
	at io.netty.channel.AbstractChannel$AbstractUnsafe.doClose0(AbstractChannel.java:754)
	at io.netty.channel.AbstractChannel$AbstractUnsafe.close(AbstractChannel.java:731)
	at io.netty.channel.AbstractChannel$AbstractUnsafe.close(AbstractChannel.java:620)
	at io.netty.channel.DefaultChannelPipeline$HeadContext.close(DefaultChannelPipeline.java:1352)
	at io.netty.channel.AbstractChannelHandlerContext.invokeClose(AbstractChannelHandlerContext.java:755)
	at io.netty.channel.AbstractChannelHandlerContext.access$1200(AbstractChannelHandlerContext.java:61)
	at io.netty.channel.AbstractChannelHandlerContext$11.run(AbstractChannelHandlerContext.java:738)
	at io.netty.util.concurrent.AbstractEventExecutor.runTask(AbstractEventExecutor.java:173)
	at io.netty.util.concurrent.AbstractEventExecutor.safeExecute(AbstractEventExecutor.java:166)
	at io.netty.util.concurrent.SingleThreadEventExecutor.runAllTasks(SingleThreadEventExecutor.java:470)
	at io.netty.channel.nio.NioEventLoop.run(NioEventLoop.java:569)
	at io.netty.util.concurrent.SingleThreadEventExecutor$4.run(SingleThreadEventExecutor.java:997)
	at io.netty.util.internal.ThreadExecutorMap$2.run(ThreadExecutorMap.java:74)
	at io.netty.util.concurrent.FastThreadLocalRunnable.run(FastThreadLocalRunnable.java:30)
	at java.base/java.lang.Thread.run(Thread.java:1583)
2026-07-08 19:49:26 [lettuce-eventExecutorLoop-1-6] INFO  i.l.core.protocol.ConnectionWatchdog - Reconnecting, last destination was 8.138.40.200/<unresolved>:6379
2026-07-08 19:49:28 [lettuce-nioEventLoop-4-3] WARN  i.l.core.protocol.ConnectionWatchdog - Cannot reconnect to [8.138.40.200/<unresolved>:6379]: java.nio.channels.ClosedChannelException
java.nio.channels.ClosedChannelException: null
	at io.netty.channel.nio.AbstractNioChannel.doClose(AbstractNioChannel.java:507)
	at io.netty.channel.socket.nio.NioSocketChannel.doClose(NioSocketChannel.java:349)
	at io.netty.channel.AbstractChannel$AbstractUnsafe.doClose0(AbstractChannel.java:754)
	at io.netty.channel.AbstractChannel$AbstractUnsafe.close(AbstractChannel.java:731)
	at io.netty.channel.AbstractChannel$AbstractUnsafe.close(AbstractChannel.java:620)
	at io.netty.channel.DefaultChannelPipeline$HeadContext.close(DefaultChannelPipeline.java:1352)
	at io.netty.channel.AbstractChannelHandlerContext.invokeClose(AbstractChannelHandlerContext.java:755)
	at io.netty.channel.AbstractChannelHandlerContext.access$1200(AbstractChannelHandlerContext.java:61)
	at io.netty.channel.AbstractChannelHandlerContext$11.run(AbstractChannelHandlerContext.java:738)
	at io.netty.util.concurrent.AbstractEventExecutor.runTask(AbstractEventExecutor.java:173)
	at io.netty.util.concurrent.AbstractEventExecutor.safeExecute(AbstractEventExecutor.java:166)
	at io.netty.util.concurrent.SingleThreadEventExecutor.runAllTasks(SingleThreadEventExecutor.java:470)
	at io.netty.channel.nio.NioEventLoop.run(NioEventLoop.java:569)
	at io.netty.util.concurrent.SingleThreadEventExecutor$4.run(SingleThreadEventExecutor.java:997)
	at io.netty.util.internal.ThreadExecutorMap$2.run(ThreadExecutorMap.java:74)
	at io.netty.util.concurrent.FastThreadLocalRunnable.run(FastThreadLocalRunnable.java:30)
	at java.base/java.lang.Thread.run(Thread.java:1583)
2026-07-08 19:49:36 [HikariPool-1 housekeeper] WARN  com.zaxxer.hikari.pool.HikariPool - HikariPool-1 - Thread starvation or clock leap detected (housekeeper delta=2h5m31s410ms882µs200ns).
2026-07-08 19:49:36 [lettuce-eventExecutorLoop-1-2] INFO  i.l.core.protocol.ConnectionWatchdog - Reconnecting, last destination was 8.138.40.200/<unresolved>:6379
2026-07-08 19:49:39 [lettuce-nioEventLoop-4-5] WARN  i.l.core.protocol.ConnectionWatchdog - Cannot reconnect to [8.138.40.200/<unresolved>:6379]: java.nio.channels.ClosedChannelException
java.nio.channels.ClosedChannelException: null
	at io.netty.channel.nio.AbstractNioChannel.doClose(AbstractNioChannel.java:507)
	at io.netty.channel.socket.nio.NioSocketChannel.doClose(NioSocketChannel.java:349)
	at io.netty.channel.AbstractChannel$AbstractUnsafe.doClose0(AbstractChannel.java:754)
	at io.netty.channel.AbstractChannel$AbstractUnsafe.close(AbstractChannel.java:731)
	at io.netty.channel.AbstractChannel$AbstractUnsafe.close(AbstractChannel.java:620)
	at io.netty.channel.DefaultChannelPipeline$HeadContext.close(DefaultChannelPipeline.java:1352)
	at io.netty.channel.AbstractChannelHandlerContext.invokeClose(AbstractChannelHandlerContext.java:755)
	at io.netty.channel.AbstractChannelHandlerContext.access$1200(AbstractChannelHandlerContext.java:61)
	at io.netty.channel.AbstractChannelHandlerContext$11.run(AbstractChannelHandlerContext.java:738)
	at io.netty.util.concurrent.AbstractEventExecutor.runTask(AbstractEventExecutor.java:173)
	at io.netty.util.concurrent.AbstractEventExecutor.safeExecute(AbstractEventExecutor.java:166)
	at io.netty.util.concurrent.SingleThreadEventExecutor.runAllTasks(SingleThreadEventExecutor.java:470)
	at io.netty.channel.nio.NioEventLoop.run(NioEventLoop.java:569)
	at io.netty.util.concurrent.SingleThreadEventExecutor$4.run(SingleThreadEventExecutor.java:997)
	at io.netty.util.internal.ThreadExecutorMap$2.run(ThreadExecutorMap.java:74)
	at io.netty.util.concurrent.FastThreadLocalRunnable.run(FastThreadLocalRunnable.java:30)
	at java.base/java.lang.Thread.run(Thread.java:1583)
2026-07-08 19:49:47 [lettuce-eventExecutorLoop-1-4] INFO  i.l.core.protocol.ConnectionWatchdog - Reconnecting, last destination was 8.138.40.200/<unresolved>:6379
2026-07-08 19:49:49 [lettuce-nioEventLoop-4-6] WARN  i.l.core.protocol.ConnectionWatchdog - Cannot reconnect to [8.138.40.200/<unresolved>:6379]: java.nio.channels.ClosedChannelException
java.nio.channels.ClosedChannelException: null
	at io.netty.channel.nio.AbstractNioChannel.doClose(AbstractNioChannel.java:507)
	at io.netty.channel.socket.nio.NioSocketChannel.doClose(NioSocketChannel.java:349)
	at io.netty.channel.AbstractChannel$AbstractUnsafe.doClose0(AbstractChannel.java:754)
	at io.netty.channel.AbstractChannel$AbstractUnsafe.close(AbstractChannel.java:731)
	at io.netty.channel.AbstractChannel$AbstractUnsafe.close(AbstractChannel.java:620)
	at io.netty.channel.DefaultChannelPipeline$HeadContext.close(DefaultChannelPipeline.java:1352)
	at io.netty.channel.AbstractChannelHandlerContext.invokeClose(AbstractChannelHandlerContext.java:755)
	at io.netty.channel.AbstractChannelHandlerContext.access$1200(AbstractChannelHandlerContext.java:61)
	at io.netty.channel.AbstractChannelHandlerContext$11.run(AbstractChannelHandlerContext.java:738)
	at io.netty.util.concurrent.AbstractEventExecutor.runTask(AbstractEventExecutor.java:173)
	at io.netty.util.concurrent.AbstractEventExecutor.safeExecute(AbstractEventExecutor.java:166)
	at io.netty.util.concurrent.SingleThreadEventExecutor.runAllTasks(SingleThreadEventExecutor.java:470)
	at io.netty.channel.nio.NioEventLoop.run(NioEventLoop.java:569)
	at io.netty.util.concurrent.SingleThreadEventExecutor$4.run(SingleThreadEventExecutor.java:997)
	at io.netty.util.internal.ThreadExecutorMap$2.run(ThreadExecutorMap.java:74)
	at io.netty.util.concurrent.FastThreadLocalRunnable.run(FastThreadLocalRunnable.java:30)
	at java.base/java.lang.Thread.run(Thread.java:1583)
2026-07-08 19:50:05 [lettuce-eventExecutorLoop-1-6] INFO  i.l.core.protocol.ConnectionWatchdog - Reconnecting, last destination was 8.138.40.200/<unresolved>:6379
2026-07-08 19:50:08 [lettuce-nioEventLoop-4-7] WARN  i.l.core.protocol.ConnectionWatchdog - Cannot reconnect to [8.138.40.200/<unresolved>:6379]: java.nio.channels.ClosedChannelException
java.nio.channels.ClosedChannelException: null
	at io.netty.channel.nio.AbstractNioChannel.doClose(AbstractNioChannel.java:507)
	at io.netty.channel.socket.nio.NioSocketChannel.doClose(NioSocketChannel.java:349)
	at io.netty.channel.AbstractChannel$AbstractUnsafe.doClose0(AbstractChannel.java:754)
	at io.netty.channel.AbstractChannel$AbstractUnsafe.close(AbstractChannel.java:731)
	at io.netty.channel.AbstractChannel$AbstractUnsafe.close(AbstractChannel.java:620)
	at io.netty.channel.DefaultChannelPipeline$HeadContext.close(DefaultChannelPipeline.java:1352)
	at io.netty.channel.AbstractChannelHandlerContext.invokeClose(AbstractChannelHandlerContext.java:755)
	at io.netty.channel.AbstractChannelHandlerContext.access$1200(AbstractChannelHandlerContext.java:61)
	at io.netty.channel.AbstractChannelHandlerContext$11.run(AbstractChannelHandlerContext.java:738)
	at io.netty.util.concurrent.AbstractEventExecutor.runTask(AbstractEventExecutor.java:173)
	at io.netty.util.concurrent.AbstractEventExecutor.safeExecute(AbstractEventExecutor.java:166)
	at io.netty.util.concurrent.SingleThreadEventExecutor.runAllTasks(SingleThreadEventExecutor.java:470)
	at io.netty.channel.nio.NioEventLoop.run(NioEventLoop.java:569)
	at io.netty.util.concurrent.SingleThreadEventExecutor$4.run(SingleThreadEventExecutor.java:997)
	at io.netty.util.internal.ThreadExecutorMap$2.run(ThreadExecutorMap.java:74)
	at io.netty.util.concurrent.FastThreadLocalRunnable.run(FastThreadLocalRunnable.java:30)
	at java.base/java.lang.Thread.run(Thread.java:1583)
2026-07-08 19:50:38 [lettuce-eventExecutorLoop-1-8] INFO  i.l.core.protocol.ConnectionWatchdog - Reconnecting, last destination was 8.138.40.200/<unresolved>:6379
2026-07-08 19:50:40 [lettuce-nioEventLoop-4-8] WARN  i.l.core.protocol.ConnectionWatchdog - Cannot reconnect to [8.138.40.200/<unresolved>:6379]: java.nio.channels.ClosedChannelException
java.nio.channels.ClosedChannelException: null
	at io.netty.channel.nio.AbstractNioChannel.doClose(AbstractNioChannel.java:507)
	at io.netty.channel.socket.nio.NioSocketChannel.doClose(NioSocketChannel.java:349)
	at io.netty.channel.AbstractChannel$AbstractUnsafe.doClose0(AbstractChannel.java:754)
	at io.netty.channel.AbstractChannel$AbstractUnsafe.close(AbstractChannel.java:731)
	at io.netty.channel.AbstractChannel$AbstractUnsafe.close(AbstractChannel.java:620)
	at io.netty.channel.DefaultChannelPipeline$HeadContext.close(DefaultChannelPipeline.java:1352)
	at io.netty.channel.AbstractChannelHandlerContext.invokeClose(AbstractChannelHandlerContext.java:755)
	at io.netty.channel.AbstractChannelHandlerContext.access$1200(AbstractChannelHandlerContext.java:61)
	at io.netty.channel.AbstractChannelHandlerContext$11.run(AbstractChannelHandlerContext.java:738)
	at io.netty.util.concurrent.AbstractEventExecutor.runTask(AbstractEventExecutor.java:173)
	at io.netty.util.concurrent.AbstractEventExecutor.safeExecute(AbstractEventExecutor.java:166)
	at io.netty.util.concurrent.SingleThreadEventExecutor.runAllTasks(SingleThreadEventExecutor.java:470)
	at io.netty.channel.nio.NioEventLoop.run(NioEventLoop.java:569)
	at io.netty.util.concurrent.SingleThreadEventExecutor$4.run(SingleThreadEventExecutor.java:997)
	at io.netty.util.internal.ThreadExecutorMap$2.run(ThreadExecutorMap.java:74)
	at io.netty.util.concurrent.FastThreadLocalRunnable.run(FastThreadLocalRunnable.java:30)
	at java.base/java.lang.Thread.run(Thread.java:1583)
2026-07-08 19:51:10 [lettuce-eventExecutorLoop-1-2] INFO  i.l.core.protocol.ConnectionWatchdog - Reconnecting, last destination was 8.138.40.200/<unresolved>:6379
2026-07-08 19:51:12 [lettuce-nioEventLoop-4-1] WARN  i.l.core.protocol.ConnectionWatchdog - Cannot reconnect to [8.138.40.200/<unresolved>:6379]: java.nio.channels.ClosedChannelException
java.nio.channels.ClosedChannelException: null
	at io.netty.channel.nio.AbstractNioChannel.doClose(AbstractNioChannel.java:507)
	at io.netty.channel.socket.nio.NioSocketChannel.doClose(NioSocketChannel.java:349)
	at io.netty.channel.AbstractChannel$AbstractUnsafe.doClose0(AbstractChannel.java:754)
	at io.netty.channel.AbstractChannel$AbstractUnsafe.close(AbstractChannel.java:731)
	at io.netty.channel.AbstractChannel$AbstractUnsafe.close(AbstractChannel.java:620)
	at io.netty.channel.DefaultChannelPipeline$HeadContext.close(DefaultChannelPipeline.java:1352)
	at io.netty.channel.AbstractChannelHandlerContext.invokeClose(AbstractChannelHandlerContext.java:755)
	at io.netty.channel.AbstractChannelHandlerContext.access$1200(AbstractChannelHandlerContext.java:61)
	at io.netty.channel.AbstractChannelHandlerContext$11.run(AbstractChannelHandlerContext.java:738)
	at io.netty.util.concurrent.AbstractEventExecutor.runTask(AbstractEventExecutor.java:173)
	at io.netty.util.concurrent.AbstractEventExecutor.safeExecute(AbstractEventExecutor.java:166)
	at io.netty.util.concurrent.SingleThreadEventExecutor.runAllTasks(SingleThreadEventExecutor.java:470)
	at io.netty.channel.nio.NioEventLoop.run(NioEventLoop.java:569)
	at io.netty.util.concurrent.SingleThreadEventExecutor$4.run(SingleThreadEventExecutor.java:997)
	at io.netty.util.internal.ThreadExecutorMap$2.run(ThreadExecutorMap.java:74)
	at io.netty.util.concurrent.FastThreadLocalRunnable.run(FastThreadLocalRunnable.java:30)
	at java.base/java.lang.Thread.run(Thread.java:1583)
2026-07-08 19:51:42 [lettuce-eventExecutorLoop-1-4] INFO  i.l.core.protocol.ConnectionWatchdog - Reconnecting, last destination was 8.138.40.200/<unresolved>:6379
2026-07-08 19:51:44 [lettuce-nioEventLoop-4-2] WARN  i.l.core.protocol.ConnectionWatchdog - Cannot reconnect to [8.138.40.200/<unresolved>:6379]: java.nio.channels.ClosedChannelException
java.nio.channels.ClosedChannelException: null
	at io.netty.channel.nio.AbstractNioChannel.doClose(AbstractNioChannel.java:507)
	at io.netty.channel.socket.nio.NioSocketChannel.doClose(NioSocketChannel.java:349)
	at io.netty.channel.AbstractChannel$AbstractUnsafe.doClose0(AbstractChannel.java:754)
	at io.netty.channel.AbstractChannel$AbstractUnsafe.close(AbstractChannel.java:731)
	at io.netty.channel.AbstractChannel$AbstractUnsafe.close(AbstractChannel.java:620)
	at io.netty.channel.DefaultChannelPipeline$HeadContext.close(DefaultChannelPipeline.java:1352)
	at io.netty.channel.AbstractChannelHandlerContext.invokeClose(AbstractChannelHandlerContext.java:755)
	at io.netty.channel.AbstractChannelHandlerContext.access$1200(AbstractChannelHandlerContext.java:61)
	at io.netty.channel.AbstractChannelHandlerContext$11.run(AbstractChannelHandlerContext.java:738)
	at io.netty.util.concurrent.AbstractEventExecutor.runTask(AbstractEventExecutor.java:173)
	at io.netty.util.concurrent.AbstractEventExecutor.safeExecute(AbstractEventExecutor.java:166)
	at io.netty.util.concurrent.SingleThreadEventExecutor.runAllTasks(SingleThreadEventExecutor.java:470)
	at io.netty.channel.nio.NioEventLoop.run(NioEventLoop.java:569)
	at io.netty.util.concurrent.SingleThreadEventExecutor$4.run(SingleThreadEventExecutor.java:997)
	at io.netty.util.internal.ThreadExecutorMap$2.run(ThreadExecutorMap.java:74)
	at io.netty.util.concurrent.FastThreadLocalRunnable.run(FastThreadLocalRunnable.java:30)
	at java.base/java.lang.Thread.run(Thread.java:1583)
2026-07-08 19:52:14 [lettuce-eventExecutorLoop-1-6] INFO  i.l.core.protocol.ConnectionWatchdog - Reconnecting, last destination was 8.138.40.200/<unresolved>:6379
2026-07-08 19:52:16 [lettuce-nioEventLoop-4-3] WARN  i.l.core.protocol.ConnectionWatchdog - Cannot reconnect to [8.138.40.200/<unresolved>:6379]: java.nio.channels.ClosedChannelException
java.nio.channels.ClosedChannelException: null
	at io.netty.channel.nio.AbstractNioChannel.doClose(AbstractNioChannel.java:507)
	at io.netty.channel.socket.nio.NioSocketChannel.doClose(NioSocketChannel.java:349)
	at io.netty.channel.AbstractChannel$AbstractUnsafe.doClose0(AbstractChannel.java:754)
	at io.netty.channel.AbstractChannel$AbstractUnsafe.close(AbstractChannel.java:731)
	at io.netty.channel.AbstractChannel$AbstractUnsafe.close(AbstractChannel.java:620)
	at io.netty.channel.DefaultChannelPipeline$HeadContext.close(DefaultChannelPipeline.java:1352)
	at io.netty.channel.AbstractChannelHandlerContext.invokeClose(AbstractChannelHandlerContext.java:755)
	at io.netty.channel.AbstractChannelHandlerContext.access$1200(AbstractChannelHandlerContext.java:61)
	at io.netty.channel.AbstractChannelHandlerContext$11.run(AbstractChannelHandlerContext.java:738)
	at io.netty.util.concurrent.AbstractEventExecutor.runTask(AbstractEventExecutor.java:173)
	at io.netty.util.concurrent.AbstractEventExecutor.safeExecute(AbstractEventExecutor.java:166)
	at io.netty.util.concurrent.SingleThreadEventExecutor.runAllTasks(SingleThreadEventExecutor.java:470)
	at io.netty.channel.nio.NioEventLoop.run(NioEventLoop.java:569)
	at io.netty.util.concurrent.SingleThreadEventExecutor$4.run(SingleThreadEventExecutor.java:997)
	at io.netty.util.internal.ThreadExecutorMap$2.run(ThreadExecutorMap.java:74)
	at io.netty.util.concurrent.FastThreadLocalRunnable.run(FastThreadLocalRunnable.java:30)
	at java.base/java.lang.Thread.run(Thread.java:1583)
2026-07-08 20:04:28 [lettuce-eventExecutorLoop-1-8] INFO  i.l.core.protocol.ConnectionWatchdog - Reconnecting, last destination was 8.138.40.200/<unresolved>:6379
2026-07-08 20:04:30 [lettuce-nioEventLoop-4-4] WARN  i.l.core.protocol.ConnectionWatchdog - Cannot reconnect to [8.138.40.200/<unresolved>:6379]: java.nio.channels.ClosedChannelException
java.nio.channels.ClosedChannelException: null
	at io.netty.channel.nio.AbstractNioChannel.doClose(AbstractNioChannel.java:507)
	at io.netty.channel.socket.nio.NioSocketChannel.doClose(NioSocketChannel.java:349)
	at io.netty.channel.AbstractChannel$AbstractUnsafe.doClose0(AbstractChannel.java:754)
	at io.netty.channel.AbstractChannel$AbstractUnsafe.close(AbstractChannel.java:731)
	at io.netty.channel.AbstractChannel$AbstractUnsafe.close(AbstractChannel.java:620)
	at io.netty.channel.DefaultChannelPipeline$HeadContext.close(DefaultChannelPipeline.java:1352)
	at io.netty.channel.AbstractChannelHandlerContext.invokeClose(AbstractChannelHandlerContext.java:755)
	at io.netty.channel.AbstractChannelHandlerContext.access$1200(AbstractChannelHandlerContext.java:61)
	at io.netty.channel.AbstractChannelHandlerContext$11.run(AbstractChannelHandlerContext.java:738)
	at io.netty.util.concurrent.AbstractEventExecutor.runTask(AbstractEventExecutor.java:173)
	at io.netty.util.concurrent.AbstractEventExecutor.safeExecute(AbstractEventExecutor.java:166)
	at io.netty.util.concurrent.SingleThreadEventExecutor.runAllTasks(SingleThreadEventExecutor.java:470)
	at io.netty.channel.nio.NioEventLoop.run(NioEventLoop.java:569)
	at io.netty.util.concurrent.SingleThreadEventExecutor$4.run(SingleThreadEventExecutor.java:997)
	at io.netty.util.internal.ThreadExecutorMap$2.run(ThreadExecutorMap.java:74)
	at io.netty.util.concurrent.FastThreadLocalRunnable.run(FastThreadLocalRunnable.java:30)
	at java.base/java.lang.Thread.run(Thread.java:1583)
2026-07-08 20:04:38 [HikariPool-1 housekeeper] WARN  com.zaxxer.hikari.pool.HikariPool - HikariPool-1 - Thread starvation or clock leap detected (housekeeper delta=12m32s579ms525µs800ns).
2026-07-08 20:05:00 [lettuce-eventExecutorLoop-1-2] INFO  i.l.core.protocol.ConnectionWatchdog - Reconnecting, last destination was 8.138.40.200/<unresolved>:6379
2026-07-08 20:05:02 [lettuce-nioEventLoop-4-5] WARN  i.l.core.protocol.ConnectionWatchdog - Cannot reconnect to [8.138.40.200/<unresolved>:6379]: java.nio.channels.ClosedChannelException
java.nio.channels.ClosedChannelException: null
	at io.netty.channel.nio.AbstractNioChannel.doClose(AbstractNioChannel.java:507)
	at io.netty.channel.socket.nio.NioSocketChannel.doClose(NioSocketChannel.java:349)
	at io.netty.channel.AbstractChannel$AbstractUnsafe.doClose0(AbstractChannel.java:754)
	at io.netty.channel.AbstractChannel$AbstractUnsafe.close(AbstractChannel.java:731)
	at io.netty.channel.AbstractChannel$AbstractUnsafe.close(AbstractChannel.java:620)
	at io.netty.channel.DefaultChannelPipeline$HeadContext.close(DefaultChannelPipeline.java:1352)
	at io.netty.channel.AbstractChannelHandlerContext.invokeClose(AbstractChannelHandlerContext.java:755)
	at io.netty.channel.AbstractChannelHandlerContext.access$1200(AbstractChannelHandlerContext.java:61)
	at io.netty.channel.AbstractChannelHandlerContext$11.run(AbstractChannelHandlerContext.java:738)
	at io.netty.util.concurrent.AbstractEventExecutor.runTask(AbstractEventExecutor.java:173)
	at io.netty.util.concurrent.AbstractEventExecutor.safeExecute(AbstractEventExecutor.java:166)
	at io.netty.util.concurrent.SingleThreadEventExecutor.runAllTasks(SingleThreadEventExecutor.java:470)
	at io.netty.channel.nio.NioEventLoop.run(NioEventLoop.java:569)
	at io.netty.util.concurrent.SingleThreadEventExecutor$4.run(SingleThreadEventExecutor.java:997)
	at io.netty.util.internal.ThreadExecutorMap$2.run(ThreadExecutorMap.java:74)
	at io.netty.util.concurrent.FastThreadLocalRunnable.run(FastThreadLocalRunnable.java:30)
	at java.base/java.lang.Thread.run(Thread.java:1583)
2026-07-08 20:05:32 [lettuce-eventExecutorLoop-1-4] INFO  i.l.core.protocol.ConnectionWatchdog - Reconnecting, last destination was 8.138.40.200/<unresolved>:6379
2026-07-08 20:05:34 [lettuce-nioEventLoop-4-6] WARN  i.l.core.protocol.ConnectionWatchdog - Cannot reconnect to [8.138.40.200/<unresolved>:6379]: java.nio.channels.ClosedChannelException
java.nio.channels.ClosedChannelException: null
	at io.netty.channel.nio.AbstractNioChannel.doClose(AbstractNioChannel.java:507)
	at io.netty.channel.socket.nio.NioSocketChannel.doClose(NioSocketChannel.java:349)
	at io.netty.channel.AbstractChannel$AbstractUnsafe.doClose0(AbstractChannel.java:754)
	at io.netty.channel.AbstractChannel$AbstractUnsafe.close(AbstractChannel.java:731)
	at io.netty.channel.AbstractChannel$AbstractUnsafe.close(AbstractChannel.java:620)
	at io.netty.channel.DefaultChannelPipeline$HeadContext.close(DefaultChannelPipeline.java:1352)
	at io.netty.channel.AbstractChannelHandlerContext.invokeClose(AbstractChannelHandlerContext.java:755)
	at io.netty.channel.AbstractChannelHandlerContext.access$1200(AbstractChannelHandlerContext.java:61)
	at io.netty.channel.AbstractChannelHandlerContext$11.run(AbstractChannelHandlerContext.java:738)
	at io.netty.util.concurrent.AbstractEventExecutor.runTask(AbstractEventExecutor.java:173)
	at io.netty.util.concurrent.AbstractEventExecutor.safeExecute(AbstractEventExecutor.java:166)
	at io.netty.util.concurrent.SingleThreadEventExecutor.runAllTasks(SingleThreadEventExecutor.java:470)
	at io.netty.channel.nio.NioEventLoop.run(NioEventLoop.java:569)
	at io.netty.util.concurrent.SingleThreadEventExecutor$4.run(SingleThreadEventExecutor.java:997)
	at io.netty.util.internal.ThreadExecutorMap$2.run(ThreadExecutorMap.java:74)
	at io.netty.util.concurrent.FastThreadLocalRunnable.run(FastThreadLocalRunnable.java:30)
	at java.base/java.lang.Thread.run(Thread.java:1583)
2026-07-08 20:06:05 [lettuce-eventExecutorLoop-1-6] INFO  i.l.core.protocol.ConnectionWatchdog - Reconnecting, last destination was 8.138.40.200/<unresolved>:6379
2026-07-08 20:06:07 [lettuce-nioEventLoop-4-7] WARN  i.l.core.protocol.ConnectionWatchdog - Cannot reconnect to [8.138.40.200/<unresolved>:6379]: java.nio.channels.ClosedChannelException
java.nio.channels.ClosedChannelException: null
	at io.netty.channel.nio.AbstractNioChannel.doClose(AbstractNioChannel.java:507)
	at io.netty.channel.socket.nio.NioSocketChannel.doClose(NioSocketChannel.java:349)
	at io.netty.channel.AbstractChannel$AbstractUnsafe.doClose0(AbstractChannel.java:754)
	at io.netty.channel.AbstractChannel$AbstractUnsafe.close(AbstractChannel.java:731)
	at io.netty.channel.AbstractChannel$AbstractUnsafe.close(AbstractChannel.java:620)
	at io.netty.channel.DefaultChannelPipeline$HeadContext.close(DefaultChannelPipeline.java:1352)
	at io.netty.channel.AbstractChannelHandlerContext.invokeClose(AbstractChannelHandlerContext.java:755)
	at io.netty.channel.AbstractChannelHandlerContext.access$1200(AbstractChannelHandlerContext.java:61)
	at io.netty.channel.AbstractChannelHandlerContext$11.run(AbstractChannelHandlerContext.java:738)
	at io.netty.util.concurrent.AbstractEventExecutor.runTask(AbstractEventExecutor.java:173)
	at io.netty.util.concurrent.AbstractEventExecutor.safeExecute(AbstractEventExecutor.java:166)
	at io.netty.util.concurrent.SingleThreadEventExecutor.runAllTasks(SingleThreadEventExecutor.java:470)
	at io.netty.channel.nio.NioEventLoop.run(NioEventLoop.java:569)
	at io.netty.util.concurrent.SingleThreadEventExecutor$4.run(SingleThreadEventExecutor.java:997)
	at io.netty.util.internal.ThreadExecutorMap$2.run(ThreadExecutorMap.java:74)
	at io.netty.util.concurrent.FastThreadLocalRunnable.run(FastThreadLocalRunnable.java:30)
	at java.base/java.lang.Thread.run(Thread.java:1583)
2026-07-08 20:06:37 [lettuce-eventExecutorLoop-1-8] INFO  i.l.core.protocol.ConnectionWatchdog - Reconnecting, last destination was 8.138.40.200/<unresolved>:6379
2026-07-08 20:06:39 [lettuce-nioEventLoop-4-8] WARN  i.l.core.protocol.ConnectionWatchdog - Cannot reconnect to [8.138.40.200/<unresolved>:6379]: java.nio.channels.ClosedChannelException
java.nio.channels.ClosedChannelException: null
	at io.netty.channel.nio.AbstractNioChannel.doClose(AbstractNioChannel.java:507)
	at io.netty.channel.socket.nio.NioSocketChannel.doClose(NioSocketChannel.java:349)
	at io.netty.channel.AbstractChannel$AbstractUnsafe.doClose0(AbstractChannel.java:754)
	at io.netty.channel.AbstractChannel$AbstractUnsafe.close(AbstractChannel.java:731)
	at io.netty.channel.AbstractChannel$AbstractUnsafe.close(AbstractChannel.java:620)
	at io.netty.channel.DefaultChannelPipeline$HeadContext.close(DefaultChannelPipeline.java:1352)
	at io.netty.channel.AbstractChannelHandlerContext.invokeClose(AbstractChannelHandlerContext.java:755)
	at io.netty.channel.AbstractChannelHandlerContext.access$1200(AbstractChannelHandlerContext.java:61)
	at io.netty.channel.AbstractChannelHandlerContext$11.run(AbstractChannelHandlerContext.java:738)
	at io.netty.util.concurrent.AbstractEventExecutor.runTask(AbstractEventExecutor.java:173)
	at io.netty.util.concurrent.AbstractEventExecutor.safeExecute(AbstractEventExecutor.java:166)
	at io.netty.util.concurrent.SingleThreadEventExecutor.runAllTasks(SingleThreadEventExecutor.java:470)
	at io.netty.channel.nio.NioEventLoop.run(NioEventLoop.java:569)
	at io.netty.util.concurrent.SingleThreadEventExecutor$4.run(SingleThreadEventExecutor.java:997)
	at io.netty.util.internal.ThreadExecutorMap$2.run(ThreadExecutorMap.java:74)
	at io.netty.util.concurrent.FastThreadLocalRunnable.run(FastThreadLocalRunnable.java:30)
	at java.base/java.lang.Thread.run(Thread.java:1583)
2026-07-08 20:07:09 [lettuce-eventExecutorLoop-1-2] INFO  i.l.core.protocol.ConnectionWatchdog - Reconnecting, last destination was 8.138.40.200/<unresolved>:6379
2026-07-08 20:07:11 [lettuce-nioEventLoop-4-1] WARN  i.l.core.protocol.ConnectionWatchdog - Cannot reconnect to [8.138.40.200/<unresolved>:6379]: java.nio.channels.ClosedChannelException
java.nio.channels.ClosedChannelException: null
	at io.netty.channel.nio.AbstractNioChannel.doClose(AbstractNioChannel.java:507)
	at io.netty.channel.socket.nio.NioSocketChannel.doClose(NioSocketChannel.java:349)
	at io.netty.channel.AbstractChannel$AbstractUnsafe.doClose0(AbstractChannel.java:754)
	at io.netty.channel.AbstractChannel$AbstractUnsafe.close(AbstractChannel.java:731)
	at io.netty.channel.AbstractChannel$AbstractUnsafe.close(AbstractChannel.java:620)
	at io.netty.channel.DefaultChannelPipeline$HeadContext.close(DefaultChannelPipeline.java:1352)
	at io.netty.channel.AbstractChannelHandlerContext.invokeClose(AbstractChannelHandlerContext.java:755)
	at io.netty.channel.AbstractChannelHandlerContext.access$1200(AbstractChannelHandlerContext.java:61)
	at io.netty.channel.AbstractChannelHandlerContext$11.run(AbstractChannelHandlerContext.java:738)
	at io.netty.util.concurrent.AbstractEventExecutor.runTask(AbstractEventExecutor.java:173)
	at io.netty.util.concurrent.AbstractEventExecutor.safeExecute(AbstractEventExecutor.java:166)
	at io.netty.util.concurrent.SingleThreadEventExecutor.runAllTasks(SingleThreadEventExecutor.java:470)
	at io.netty.channel.nio.NioEventLoop.run(NioEventLoop.java:569)
	at io.netty.util.concurrent.SingleThreadEventExecutor$4.run(SingleThreadEventExecutor.java:997)
	at io.netty.util.internal.ThreadExecutorMap$2.run(ThreadExecutorMap.java:74)
	at io.netty.util.concurrent.FastThreadLocalRunnable.run(FastThreadLocalRunnable.java:30)
	at java.base/java.lang.Thread.run(Thread.java:1583)
2026-07-08 20:07:41 [lettuce-eventExecutorLoop-1-4] INFO  i.l.core.protocol.ConnectionWatchdog - Reconnecting, last destination was 8.138.40.200/<unresolved>:6379
2026-07-08 20:07:43 [lettuce-nioEventLoop-4-2] WARN  i.l.core.protocol.ConnectionWatchdog - Cannot reconnect to [8.138.40.200/<unresolved>:6379]: java.nio.channels.ClosedChannelException
java.nio.channels.ClosedChannelException: null
	at io.netty.channel.nio.AbstractNioChannel.doClose(AbstractNioChannel.java:507)
	at io.netty.channel.socket.nio.NioSocketChannel.doClose(NioSocketChannel.java:349)
	at io.netty.channel.AbstractChannel$AbstractUnsafe.doClose0(AbstractChannel.java:754)
	at io.netty.channel.AbstractChannel$AbstractUnsafe.close(AbstractChannel.java:731)
	at io.netty.channel.AbstractChannel$AbstractUnsafe.close(AbstractChannel.java:620)
	at io.netty.channel.DefaultChannelPipeline$HeadContext.close(DefaultChannelPipeline.java:1352)
	at io.netty.channel.AbstractChannelHandlerContext.invokeClose(AbstractChannelHandlerContext.java:755)
	at io.netty.channel.AbstractChannelHandlerContext.access$1200(AbstractChannelHandlerContext.java:61)
	at io.netty.channel.AbstractChannelHandlerContext$11.run(AbstractChannelHandlerContext.java:738)
	at io.netty.util.concurrent.AbstractEventExecutor.runTask(AbstractEventExecutor.java:173)
	at io.netty.util.concurrent.AbstractEventExecutor.safeExecute(AbstractEventExecutor.java:166)
	at io.netty.util.concurrent.SingleThreadEventExecutor.runAllTasks(SingleThreadEventExecutor.java:470)
	at io.netty.channel.nio.NioEventLoop.run(NioEventLoop.java:569)
	at io.netty.util.concurrent.SingleThreadEventExecutor$4.run(SingleThreadEventExecutor.java:997)
	at io.netty.util.internal.ThreadExecutorMap$2.run(ThreadExecutorMap.java:74)
	at io.netty.util.concurrent.FastThreadLocalRunnable.run(FastThreadLocalRunnable.java:30)
	at java.base/java.lang.Thread.run(Thread.java:1583)
2026-07-08 20:08:13 [lettuce-eventExecutorLoop-1-6] INFO  i.l.core.protocol.ConnectionWatchdog - Reconnecting, last destination was 8.138.40.200/<unresolved>:6379
2026-07-08 20:08:15 [lettuce-nioEventLoop-4-3] WARN  i.l.core.protocol.ConnectionWatchdog - Cannot reconnect to [8.138.40.200/<unresolved>:6379]: java.nio.channels.ClosedChannelException
java.nio.channels.ClosedChannelException: null
	at io.netty.channel.nio.AbstractNioChannel.doClose(AbstractNioChannel.java:507)
	at io.netty.channel.socket.nio.NioSocketChannel.doClose(NioSocketChannel.java:349)
	at io.netty.channel.AbstractChannel$AbstractUnsafe.doClose0(AbstractChannel.java:754)
	at io.netty.channel.AbstractChannel$AbstractUnsafe.close(AbstractChannel.java:731)
	at io.netty.channel.AbstractChannel$AbstractUnsafe.close(AbstractChannel.java:620)
	at io.netty.channel.DefaultChannelPipeline$HeadContext.close(DefaultChannelPipeline.java:1352)
	at io.netty.channel.AbstractChannelHandlerContext.invokeClose(AbstractChannelHandlerContext.java:755)
	at io.netty.channel.AbstractChannelHandlerContext.access$1200(AbstractChannelHandlerContext.java:61)
	at io.netty.channel.AbstractChannelHandlerContext$11.run(AbstractChannelHandlerContext.java:738)
	at io.netty.util.concurrent.AbstractEventExecutor.runTask(AbstractEventExecutor.java:173)
	at io.netty.util.concurrent.AbstractEventExecutor.safeExecute(AbstractEventExecutor.java:166)
	at io.netty.util.concurrent.SingleThreadEventExecutor.runAllTasks(SingleThreadEventExecutor.java:470)
	at io.netty.channel.nio.NioEventLoop.run(NioEventLoop.java:569)
	at io.netty.util.concurrent.SingleThreadEventExecutor$4.run(SingleThreadEventExecutor.java:997)
	at io.netty.util.internal.ThreadExecutorMap$2.run(ThreadExecutorMap.java:74)
	at io.netty.util.concurrent.FastThreadLocalRunnable.run(FastThreadLocalRunnable.java:30)
	at java.base/java.lang.Thread.run(Thread.java:1583)
2026-07-08 20:08:46 [lettuce-eventExecutorLoop-1-8] INFO  i.l.core.protocol.ConnectionWatchdog - Reconnecting, last destination was 8.138.40.200/<unresolved>:6379
2026-07-08 20:08:48 [lettuce-nioEventLoop-4-4] WARN  i.l.core.protocol.ConnectionWatchdog - Cannot reconnect to [8.138.40.200/<unresolved>:6379]: java.nio.channels.ClosedChannelException
java.nio.channels.ClosedChannelException: null
	at io.netty.channel.nio.AbstractNioChannel.doClose(AbstractNioChannel.java:507)
	at io.netty.channel.socket.nio.NioSocketChannel.doClose(NioSocketChannel.java:349)
	at io.netty.channel.AbstractChannel$AbstractUnsafe.doClose0(AbstractChannel.java:754)
	at io.netty.channel.AbstractChannel$AbstractUnsafe.close(AbstractChannel.java:731)
	at io.netty.channel.AbstractChannel$AbstractUnsafe.close(AbstractChannel.java:620)
	at io.netty.channel.DefaultChannelPipeline$HeadContext.close(DefaultChannelPipeline.java:1352)
	at io.netty.channel.AbstractChannelHandlerContext.invokeClose(AbstractChannelHandlerContext.java:755)
	at io.netty.channel.AbstractChannelHandlerContext.access$1200(AbstractChannelHandlerContext.java:61)
	at io.netty.channel.AbstractChannelHandlerContext$11.run(AbstractChannelHandlerContext.java:738)
	at io.netty.util.concurrent.AbstractEventExecutor.runTask(AbstractEventExecutor.java:173)
	at io.netty.util.concurrent.AbstractEventExecutor.safeExecute(AbstractEventExecutor.java:166)
	at io.netty.util.concurrent.SingleThreadEventExecutor.runAllTasks(SingleThreadEventExecutor.java:470)
	at io.netty.channel.nio.NioEventLoop.run(NioEventLoop.java:569)
	at io.netty.util.concurrent.SingleThreadEventExecutor$4.run(SingleThreadEventExecutor.java:997)
	at io.netty.util.internal.ThreadExecutorMap$2.run(ThreadExecutorMap.java:74)
	at io.netty.util.concurrent.FastThreadLocalRunnable.run(FastThreadLocalRunnable.java:30)
	at java.base/java.lang.Thread.run(Thread.java:1583)
2026-07-08 20:10:46 [lettuce-eventExecutorLoop-1-2] INFO  i.l.core.protocol.ConnectionWatchdog - Reconnecting, last destination was 8.138.40.200/<unresolved>:6379
2026-07-08 20:10:48 [lettuce-nioEventLoop-4-5] WARN  i.l.core.protocol.ConnectionWatchdog - Cannot reconnect to [8.138.40.200/<unresolved>:6379]: java.nio.channels.ClosedChannelException
java.nio.channels.ClosedChannelException: null
	at io.netty.channel.nio.AbstractNioChannel.doClose(AbstractNioChannel.java:507)
	at io.netty.channel.socket.nio.NioSocketChannel.doClose(NioSocketChannel.java:349)
	at io.netty.channel.AbstractChannel$AbstractUnsafe.doClose0(AbstractChannel.java:754)
	at io.netty.channel.AbstractChannel$AbstractUnsafe.close(AbstractChannel.java:731)
	at io.netty.channel.AbstractChannel$AbstractUnsafe.close(AbstractChannel.java:620)
	at io.netty.channel.DefaultChannelPipeline$HeadContext.close(DefaultChannelPipeline.java:1352)
	at io.netty.channel.AbstractChannelHandlerContext.invokeClose(AbstractChannelHandlerContext.java:755)
	at io.netty.channel.AbstractChannelHandlerContext.access$1200(AbstractChannelHandlerContext.java:61)
	at io.netty.channel.AbstractChannelHandlerContext$11.run(AbstractChannelHandlerContext.java:738)
	at io.netty.util.concurrent.AbstractEventExecutor.runTask(AbstractEventExecutor.java:173)
	at io.netty.util.concurrent.AbstractEventExecutor.safeExecute(AbstractEventExecutor.java:166)
	at io.netty.util.concurrent.SingleThreadEventExecutor.runAllTasks(SingleThreadEventExecutor.java:470)
	at io.netty.channel.nio.NioEventLoop.run(NioEventLoop.java:569)
	at io.netty.util.concurrent.SingleThreadEventExecutor$4.run(SingleThreadEventExecutor.java:997)
	at io.netty.util.internal.ThreadExecutorMap$2.run(ThreadExecutorMap.java:74)
	at io.netty.util.concurrent.FastThreadLocalRunnable.run(FastThreadLocalRunnable.java:30)
	at java.base/java.lang.Thread.run(Thread.java:1583)
2026-07-08 20:11:06 [HikariPool-1 housekeeper] WARN  com.zaxxer.hikari.pool.HikariPool - HikariPool-1 - Thread starvation or clock leap detected (housekeeper delta=2m27s310ms988µs).
2026-07-08 20:11:19 [lettuce-eventExecutorLoop-1-4] INFO  i.l.core.protocol.ConnectionWatchdog - Reconnecting, last destination was 8.138.40.200/<unresolved>:6379
2026-07-08 20:11:21 [lettuce-nioEventLoop-4-6] WARN  i.l.core.protocol.ConnectionWatchdog - Cannot reconnect to [8.138.40.200/<unresolved>:6379]: java.nio.channels.ClosedChannelException
java.nio.channels.ClosedChannelException: null
	at io.netty.channel.nio.AbstractNioChannel.doClose(AbstractNioChannel.java:507)
	at io.netty.channel.socket.nio.NioSocketChannel.doClose(NioSocketChannel.java:349)
	at io.netty.channel.AbstractChannel$AbstractUnsafe.doClose0(AbstractChannel.java:754)
	at io.netty.channel.AbstractChannel$AbstractUnsafe.close(AbstractChannel.java:731)
	at io.netty.channel.AbstractChannel$AbstractUnsafe.close(AbstractChannel.java:620)
	at io.netty.channel.DefaultChannelPipeline$HeadContext.close(DefaultChannelPipeline.java:1352)
	at io.netty.channel.AbstractChannelHandlerContext.invokeClose(AbstractChannelHandlerContext.java:755)
	at io.netty.channel.AbstractChannelHandlerContext.access$1200(AbstractChannelHandlerContext.java:61)
	at io.netty.channel.AbstractChannelHandlerContext$11.run(AbstractChannelHandlerContext.java:738)
	at io.netty.util.concurrent.AbstractEventExecutor.runTask(AbstractEventExecutor.java:173)
	at io.netty.util.concurrent.AbstractEventExecutor.safeExecute(AbstractEventExecutor.java:166)
	at io.netty.util.concurrent.SingleThreadEventExecutor.runAllTasks(SingleThreadEventExecutor.java:470)
	at io.netty.channel.nio.NioEventLoop.run(NioEventLoop.java:569)
	at io.netty.util.concurrent.SingleThreadEventExecutor$4.run(SingleThreadEventExecutor.java:997)
	at io.netty.util.internal.ThreadExecutorMap$2.run(ThreadExecutorMap.java:74)
	at io.netty.util.concurrent.FastThreadLocalRunnable.run(FastThreadLocalRunnable.java:30)
	at java.base/java.lang.Thread.run(Thread.java:1583)
2026-07-08 20:11:51 [lettuce-eventExecutorLoop-1-6] INFO  i.l.core.protocol.ConnectionWatchdog - Reconnecting, last destination was 8.138.40.200/<unresolved>:6379
2026-07-08 20:11:53 [lettuce-nioEventLoop-4-7] WARN  i.l.core.protocol.ConnectionWatchdog - Cannot reconnect to [8.138.40.200/<unresolved>:6379]: java.nio.channels.ClosedChannelException
java.nio.channels.ClosedChannelException: null
	at io.netty.channel.nio.AbstractNioChannel.doClose(AbstractNioChannel.java:507)
	at io.netty.channel.socket.nio.NioSocketChannel.doClose(NioSocketChannel.java:349)
	at io.netty.channel.AbstractChannel$AbstractUnsafe.doClose0(AbstractChannel.java:754)
	at io.netty.channel.AbstractChannel$AbstractUnsafe.close(AbstractChannel.java:731)
	at io.netty.channel.AbstractChannel$AbstractUnsafe.close(AbstractChannel.java:620)
	at io.netty.channel.DefaultChannelPipeline$HeadContext.close(DefaultChannelPipeline.java:1352)
	at io.netty.channel.AbstractChannelHandlerContext.invokeClose(AbstractChannelHandlerContext.java:755)
	at io.netty.channel.AbstractChannelHandlerContext.access$1200(AbstractChannelHandlerContext.java:61)
	at io.netty.channel.AbstractChannelHandlerContext$11.run(AbstractChannelHandlerContext.java:738)
	at io.netty.util.concurrent.AbstractEventExecutor.runTask(AbstractEventExecutor.java:173)
	at io.netty.util.concurrent.AbstractEventExecutor.safeExecute(AbstractEventExecutor.java:166)
	at io.netty.util.concurrent.SingleThreadEventExecutor.runAllTasks(SingleThreadEventExecutor.java:470)
	at io.netty.channel.nio.NioEventLoop.run(NioEventLoop.java:569)
	at io.netty.util.concurrent.SingleThreadEventExecutor$4.run(SingleThreadEventExecutor.java:997)
	at io.netty.util.internal.ThreadExecutorMap$2.run(ThreadExecutorMap.java:74)
	at io.netty.util.concurrent.FastThreadLocalRunnable.run(FastThreadLocalRunnable.java:30)
	at java.base/java.lang.Thread.run(Thread.java:1583)
2026-07-08 20:12:23 [lettuce-eventExecutorLoop-1-8] INFO  i.l.core.protocol.ConnectionWatchdog - Reconnecting, last destination was 8.138.40.200/<unresolved>:6379
2026-07-08 20:12:25 [lettuce-nioEventLoop-4-8] WARN  i.l.core.protocol.ConnectionWatchdog - Cannot reconnect to [8.138.40.200/<unresolved>:6379]: java.nio.channels.ClosedChannelException
java.nio.channels.ClosedChannelException: null
	at io.netty.channel.nio.AbstractNioChannel.doClose(AbstractNioChannel.java:507)
	at io.netty.channel.socket.nio.NioSocketChannel.doClose(NioSocketChannel.java:349)
	at io.netty.channel.AbstractChannel$AbstractUnsafe.doClose0(AbstractChannel.java:754)
	at io.netty.channel.AbstractChannel$AbstractUnsafe.close(AbstractChannel.java:731)
	at io.netty.channel.AbstractChannel$AbstractUnsafe.close(AbstractChannel.java:620)
	at io.netty.channel.DefaultChannelPipeline$HeadContext.close(DefaultChannelPipeline.java:1352)
	at io.netty.channel.AbstractChannelHandlerContext.invokeClose(AbstractChannelHandlerContext.java:755)
	at io.netty.channel.AbstractChannelHandlerContext.access$1200(AbstractChannelHandlerContext.java:61)
	at io.netty.channel.AbstractChannelHandlerContext$11.run(AbstractChannelHandlerContext.java:738)
	at io.netty.util.concurrent.AbstractEventExecutor.runTask(AbstractEventExecutor.java:173)
	at io.netty.util.concurrent.AbstractEventExecutor.safeExecute(AbstractEventExecutor.java:166)
	at io.netty.util.concurrent.SingleThreadEventExecutor.runAllTasks(SingleThreadEventExecutor.java:470)
	at io.netty.channel.nio.NioEventLoop.run(NioEventLoop.java:569)
	at io.netty.util.concurrent.SingleThreadEventExecutor$4.run(SingleThreadEventExecutor.java:997)
	at io.netty.util.internal.ThreadExecutorMap$2.run(ThreadExecutorMap.java:74)
	at io.netty.util.concurrent.FastThreadLocalRunnable.run(FastThreadLocalRunnable.java:30)
	at java.base/java.lang.Thread.run(Thread.java:1583)
2026-07-08 20:12:55 [lettuce-eventExecutorLoop-1-2] INFO  i.l.core.protocol.ConnectionWatchdog - Reconnecting, last destination was 8.138.40.200/<unresolved>:6379
2026-07-08 20:12:57 [lettuce-nioEventLoop-4-1] WARN  i.l.core.protocol.ConnectionWatchdog - Cannot reconnect to [8.138.40.200/<unresolved>:6379]: java.nio.channels.ClosedChannelException
java.nio.channels.ClosedChannelException: null
	at io.netty.channel.nio.AbstractNioChannel.doClose(AbstractNioChannel.java:507)
	at io.netty.channel.socket.nio.NioSocketChannel.doClose(NioSocketChannel.java:349)
	at io.netty.channel.AbstractChannel$AbstractUnsafe.doClose0(AbstractChannel.java:754)
	at io.netty.channel.AbstractChannel$AbstractUnsafe.close(AbstractChannel.java:731)
	at io.netty.channel.AbstractChannel$AbstractUnsafe.close(AbstractChannel.java:620)
	at io.netty.channel.DefaultChannelPipeline$HeadContext.close(DefaultChannelPipeline.java:1352)
	at io.netty.channel.AbstractChannelHandlerContext.invokeClose(AbstractChannelHandlerContext.java:755)
	at io.netty.channel.AbstractChannelHandlerContext.access$1200(AbstractChannelHandlerContext.java:61)
	at io.netty.channel.AbstractChannelHandlerContext$11.run(AbstractChannelHandlerContext.java:738)
	at io.netty.util.concurrent.AbstractEventExecutor.runTask(AbstractEventExecutor.java:173)
	at io.netty.util.concurrent.AbstractEventExecutor.safeExecute(AbstractEventExecutor.java:166)
	at io.netty.util.concurrent.SingleThreadEventExecutor.runAllTasks(SingleThreadEventExecutor.java:470)
	at io.netty.channel.nio.NioEventLoop.run(NioEventLoop.java:569)
	at io.netty.util.concurrent.SingleThreadEventExecutor$4.run(SingleThreadEventExecutor.java:997)
	at io.netty.util.internal.ThreadExecutorMap$2.run(ThreadExecutorMap.java:74)
	at io.netty.util.concurrent.FastThreadLocalRunnable.run(FastThreadLocalRunnable.java:30)
	at java.base/java.lang.Thread.run(Thread.java:1583)
2026-07-08 20:13:27 [lettuce-eventExecutorLoop-1-4] INFO  i.l.core.protocol.ConnectionWatchdog - Reconnecting, last destination was 8.138.40.200/<unresolved>:6379
2026-07-08 20:13:29 [lettuce-nioEventLoop-4-2] WARN  i.l.core.protocol.ConnectionWatchdog - Cannot reconnect to [8.138.40.200/<unresolved>:6379]: java.nio.channels.ClosedChannelException
java.nio.channels.ClosedChannelException: null
	at io.netty.channel.nio.AbstractNioChannel.doClose(AbstractNioChannel.java:507)
	at io.netty.channel.socket.nio.NioSocketChannel.doClose(NioSocketChannel.java:349)
	at io.netty.channel.AbstractChannel$AbstractUnsafe.doClose0(AbstractChannel.java:754)
	at io.netty.channel.AbstractChannel$AbstractUnsafe.close(AbstractChannel.java:731)
	at io.netty.channel.AbstractChannel$AbstractUnsafe.close(AbstractChannel.java:620)
	at io.netty.channel.DefaultChannelPipeline$HeadContext.close(DefaultChannelPipeline.java:1352)
	at io.netty.channel.AbstractChannelHandlerContext.invokeClose(AbstractChannelHandlerContext.java:755)
	at io.netty.channel.AbstractChannelHandlerContext.access$1200(AbstractChannelHandlerContext.java:61)
	at io.netty.channel.AbstractChannelHandlerContext$11.run(AbstractChannelHandlerContext.java:738)
	at io.netty.util.concurrent.AbstractEventExecutor.runTask(AbstractEventExecutor.java:173)
	at io.netty.util.concurrent.AbstractEventExecutor.safeExecute(AbstractEventExecutor.java:166)
	at io.netty.util.concurrent.SingleThreadEventExecutor.runAllTasks(SingleThreadEventExecutor.java:470)
	at io.netty.channel.nio.NioEventLoop.run(NioEventLoop.java:569)
	at io.netty.util.concurrent.SingleThreadEventExecutor$4.run(SingleThreadEventExecutor.java:997)
	at io.netty.util.internal.ThreadExecutorMap$2.run(ThreadExecutorMap.java:74)
	at io.netty.util.concurrent.FastThreadLocalRunnable.run(FastThreadLocalRunnable.java:30)
	at java.base/java.lang.Thread.run(Thread.java:1583)
2026-07-08 20:14:00 [lettuce-eventExecutorLoop-1-6] INFO  i.l.core.protocol.ConnectionWatchdog - Reconnecting, last destination was 8.138.40.200/<unresolved>:6379
2026-07-08 20:14:02 [lettuce-nioEventLoop-4-3] WARN  i.l.core.protocol.ConnectionWatchdog - Cannot reconnect to [8.138.40.200/<unresolved>:6379]: java.nio.channels.ClosedChannelException
java.nio.channels.ClosedChannelException: null
	at io.netty.channel.nio.AbstractNioChannel.doClose(AbstractNioChannel.java:507)
	at io.netty.channel.socket.nio.NioSocketChannel.doClose(NioSocketChannel.java:349)
	at io.netty.channel.AbstractChannel$AbstractUnsafe.doClose0(AbstractChannel.java:754)
	at io.netty.channel.AbstractChannel$AbstractUnsafe.close(AbstractChannel.java:731)
	at io.netty.channel.AbstractChannel$AbstractUnsafe.close(AbstractChannel.java:620)
	at io.netty.channel.DefaultChannelPipeline$HeadContext.close(DefaultChannelPipeline.java:1352)
	at io.netty.channel.AbstractChannelHandlerContext.invokeClose(AbstractChannelHandlerContext.java:755)
	at io.netty.channel.AbstractChannelHandlerContext.access$1200(AbstractChannelHandlerContext.java:61)
	at io.netty.channel.AbstractChannelHandlerContext$11.run(AbstractChannelHandlerContext.java:738)
	at io.netty.util.concurrent.AbstractEventExecutor.runTask(AbstractEventExecutor.java:173)
	at io.netty.util.concurrent.AbstractEventExecutor.safeExecute(AbstractEventExecutor.java:166)
	at io.netty.util.concurrent.SingleThreadEventExecutor.runAllTasks(SingleThreadEventExecutor.java:470)
	at io.netty.channel.nio.NioEventLoop.run(NioEventLoop.java:569)
	at io.netty.util.concurrent.SingleThreadEventExecutor$4.run(SingleThreadEventExecutor.java:997)
	at io.netty.util.internal.ThreadExecutorMap$2.run(ThreadExecutorMap.java:74)
	at io.netty.util.concurrent.FastThreadLocalRunnable.run(FastThreadLocalRunnable.java:30)
	at java.base/java.lang.Thread.run(Thread.java:1583)
2026-07-08 20:14:32 [lettuce-eventExecutorLoop-1-8] INFO  i.l.core.protocol.ConnectionWatchdog - Reconnecting, last destination was 8.138.40.200/<unresolved>:6379
2026-07-08 20:14:34 [lettuce-nioEventLoop-4-4] WARN  i.l.core.protocol.ConnectionWatchdog - Cannot reconnect to [8.138.40.200/<unresolved>:6379]: java.nio.channels.ClosedChannelException
java.nio.channels.ClosedChannelException: null
	at io.netty.channel.nio.AbstractNioChannel.doClose(AbstractNioChannel.java:507)
	at io.netty.channel.socket.nio.NioSocketChannel.doClose(NioSocketChannel.java:349)
	at io.netty.channel.AbstractChannel$AbstractUnsafe.doClose0(AbstractChannel.java:754)
	at io.netty.channel.AbstractChannel$AbstractUnsafe.close(AbstractChannel.java:731)
	at io.netty.channel.AbstractChannel$AbstractUnsafe.close(AbstractChannel.java:620)
	at io.netty.channel.DefaultChannelPipeline$HeadContext.close(DefaultChannelPipeline.java:1352)
	at io.netty.channel.AbstractChannelHandlerContext.invokeClose(AbstractChannelHandlerContext.java:755)
	at io.netty.channel.AbstractChannelHandlerContext.access$1200(AbstractChannelHandlerContext.java:61)
	at io.netty.channel.AbstractChannelHandlerContext$11.run(AbstractChannelHandlerContext.java:738)
	at io.netty.util.concurrent.AbstractEventExecutor.runTask(AbstractEventExecutor.java:173)
	at io.netty.util.concurrent.AbstractEventExecutor.safeExecute(AbstractEventExecutor.java:166)
	at io.netty.util.concurrent.SingleThreadEventExecutor.runAllTasks(SingleThreadEventExecutor.java:470)
	at io.netty.channel.nio.NioEventLoop.run(NioEventLoop.java:569)
	at io.netty.util.concurrent.SingleThreadEventExecutor$4.run(SingleThreadEventExecutor.java:997)
	at io.netty.util.internal.ThreadExecutorMap$2.run(ThreadExecutorMap.java:74)
	at io.netty.util.concurrent.FastThreadLocalRunnable.run(FastThreadLocalRunnable.java:30)
	at java.base/java.lang.Thread.run(Thread.java:1583)
2026-07-08 20:15:00 [term-change-checker] ERROR com.student.service.RedisService - 获取缓存失败: key=sem:term:mapping-hash
org.springframework.dao.QueryTimeoutException: Redis command timed out
	at org.springframework.data.redis.connection.lettuce.LettuceExceptionConverter.convert(LettuceExceptionConverter.java:68)
	at org.springframework.data.redis.connection.lettuce.LettuceExceptionConverter.convert(LettuceExceptionConverter.java:41)
	at org.springframework.data.redis.PassThroughExceptionTranslationStrategy.translate(PassThroughExceptionTranslationStrategy.java:40)
	at org.springframework.data.redis.FallbackExceptionTranslationStrategy.translate(FallbackExceptionTranslationStrategy.java:38)
	at org.springframework.data.redis.connection.lettuce.LettuceConnection.convertLettuceAccessException(LettuceConnection.java:308)
	at org.springframework.data.redis.connection.lettuce.LettuceConnection.await(LettuceConnection.java:1026)
	at org.springframework.data.redis.connection.lettuce.LettuceConnection.lambda$doInvoke$3(LettuceConnection.java:445)
	at org.springframework.data.redis.connection.lettuce.LettuceInvoker$Synchronizer.invoke(LettuceInvoker.java:665)
	at org.springframework.data.redis.connection.lettuce.LettuceInvoker.just(LettuceInvoker.java:94)
	at org.springframework.data.redis.connection.lettuce.LettuceStringCommands.get(LettuceStringCommands.java:54)
	at org.springframework.data.redis.connection.DefaultedRedisConnection.get(DefaultedRedisConnection.java:284)
	at org.springframework.data.redis.core.DefaultValueOperations$1.inRedis(DefaultValueOperations.java:54)
	at org.springframework.data.redis.core.AbstractOperations$ValueDeserializingRedisCallback.doInRedis(AbstractOperations.java:61)
	at org.springframework.data.redis.core.RedisTemplate.execute(RedisTemplate.java:396)
	at org.springframework.data.redis.core.RedisTemplate.execute(RedisTemplate.java:363)
	at org.springframework.data.redis.core.AbstractOperations.execute(AbstractOperations.java:97)
	at org.springframework.data.redis.core.DefaultValueOperations.get(DefaultValueOperations.java:50)
	at com.student.service.RedisService.get(RedisService.java:59)
	at com.student.service.rag.impl.TermChangeListenerImpl.getTermMappingHash(TermChangeListenerImpl.java:138)
	at com.student.service.rag.impl.TermChangeListenerImpl.scheduledVersionCheck(TermChangeListenerImpl.java:109)
	at java.base/java.util.concurrent.Executors$RunnableAdapter.call(Executors.java:572)
	at java.base/java.util.concurrent.FutureTask.runAndReset(FutureTask.java:358)
	at java.base/java.util.concurrent.ScheduledThreadPoolExecutor$ScheduledFutureTask.run(ScheduledThreadPoolExecutor.java:305)
	at java.base/java.util.concurrent.ThreadPoolExecutor.runWorker(ThreadPoolExecutor.java:1144)
	at java.base/java.util.concurrent.ThreadPoolExecutor$Worker.run(ThreadPoolExecutor.java:642)
	at java.base/java.lang.Thread.run(Thread.java:1583)
Caused by: io.lettuce.core.RedisCommandTimeoutException: Command timed out after 2 second(s)
	at io.lettuce.core.internal.ExceptionFactory.createTimeoutException(ExceptionFactory.java:59)
	at io.lettuce.core.internal.Futures.awaitOrCancel(Futures.java:246)
	at io.lettuce.core.LettuceFutures.awaitOrCancel(LettuceFutures.java:74)
	at org.springframework.data.redis.connection.lettuce.LettuceConnection.await(LettuceConnection.java:1024)
	... 20 common frames omitted
2026-07-08 20:15:00 [term-change-checker] DEBUG c.s.s.r.impl.TermChangeListenerImpl - 术语映射表未变更: hash=53fb004ebcab8e021740d53a9a7a2cbc, 检查次数=5
2026-07-08 20:15:04 [lettuce-eventExecutorLoop-1-2] INFO  i.l.core.protocol.ConnectionWatchdog - Reconnecting, last destination was 8.138.40.200/<unresolved>:6379
2026-07-08 20:15:06 [lettuce-nioEventLoop-4-5] WARN  i.l.core.protocol.ConnectionWatchdog - Cannot reconnect to [8.138.40.200/<unresolved>:6379]: java.nio.channels.ClosedChannelException
java.nio.channels.ClosedChannelException: null
	at io.netty.channel.nio.AbstractNioChannel.doClose(AbstractNioChannel.java:507)
	at io.netty.channel.socket.nio.NioSocketChannel.doClose(NioSocketChannel.java:349)
	at io.netty.channel.AbstractChannel$AbstractUnsafe.doClose0(AbstractChannel.java:754)
	at io.netty.channel.AbstractChannel$AbstractUnsafe.close(AbstractChannel.java:731)
	at io.netty.channel.AbstractChannel$AbstractUnsafe.close(AbstractChannel.java:620)
	at io.netty.channel.DefaultChannelPipeline$HeadContext.close(DefaultChannelPipeline.java:1352)
	at io.netty.channel.AbstractChannelHandlerContext.invokeClose(AbstractChannelHandlerContext.java:755)
	at io.netty.channel.AbstractChannelHandlerContext.access$1200(AbstractChannelHandlerContext.java:61)
	at io.netty.channel.AbstractChannelHandlerContext$11.run(AbstractChannelHandlerContext.java:738)
	at io.netty.util.concurrent.AbstractEventExecutor.runTask(AbstractEventExecutor.java:173)
	at io.netty.util.concurrent.AbstractEventExecutor.safeExecute(AbstractEventExecutor.java:166)
	at io.netty.util.concurrent.SingleThreadEventExecutor.runAllTasks(SingleThreadEventExecutor.java:470)
	at io.netty.channel.nio.NioEventLoop.run(NioEventLoop.java:569)
	at io.netty.util.concurrent.SingleThreadEventExecutor$4.run(SingleThreadEventExecutor.java:997)
	at io.netty.util.internal.ThreadExecutorMap$2.run(ThreadExecutorMap.java:74)
	at io.netty.util.concurrent.FastThreadLocalRunnable.run(FastThreadLocalRunnable.java:30)
	at java.base/java.lang.Thread.run(Thread.java:1583)
2026-07-08 20:15:36 [lettuce-eventExecutorLoop-1-4] INFO  i.l.core.protocol.ConnectionWatchdog - Reconnecting, last destination was 8.138.40.200/<unresolved>:6379
2026-07-08 20:15:38 [lettuce-nioEventLoop-4-6] WARN  i.l.core.protocol.ConnectionWatchdog - Cannot reconnect to [8.138.40.200/<unresolved>:6379]: java.nio.channels.ClosedChannelException
java.nio.channels.ClosedChannelException: null
	at io.netty.channel.nio.AbstractNioChannel.doClose(AbstractNioChannel.java:507)
	at io.netty.channel.socket.nio.NioSocketChannel.doClose(NioSocketChannel.java:349)
	at io.netty.channel.AbstractChannel$AbstractUnsafe.doClose0(AbstractChannel.java:754)
	at io.netty.channel.AbstractChannel$AbstractUnsafe.close(AbstractChannel.java:731)
	at io.netty.channel.AbstractChannel$AbstractUnsafe.close(AbstractChannel.java:620)
	at io.netty.channel.DefaultChannelPipeline$HeadContext.close(DefaultChannelPipeline.java:1352)
	at io.netty.channel.AbstractChannelHandlerContext.invokeClose(AbstractChannelHandlerContext.java:755)
	at io.netty.channel.AbstractChannelHandlerContext.access$1200(AbstractChannelHandlerContext.java:61)
	at io.netty.channel.AbstractChannelHandlerContext$11.run(AbstractChannelHandlerContext.java:738)
	at io.netty.util.concurrent.AbstractEventExecutor.runTask(AbstractEventExecutor.java:173)
	at io.netty.util.concurrent.AbstractEventExecutor.safeExecute(AbstractEventExecutor.java:166)
	at io.netty.util.concurrent.SingleThreadEventExecutor.runAllTasks(SingleThreadEventExecutor.java:470)
	at io.netty.channel.nio.NioEventLoop.run(NioEventLoop.java:569)
	at io.netty.util.concurrent.SingleThreadEventExecutor$4.run(SingleThreadEventExecutor.java:997)
	at io.netty.util.internal.ThreadExecutorMap$2.run(ThreadExecutorMap.java:74)
	at io.netty.util.concurrent.FastThreadLocalRunnable.run(FastThreadLocalRunnable.java:30)
	at java.base/java.lang.Thread.run(Thread.java:1583)
2026-07-08 20:16:08 [lettuce-eventExecutorLoop-1-6] INFO  i.l.core.protocol.ConnectionWatchdog - Reconnecting, last destination was 8.138.40.200/<unresolved>:6379
2026-07-08 20:16:10 [lettuce-nioEventLoop-4-7] WARN  i.l.core.protocol.ConnectionWatchdog - Cannot reconnect to [8.138.40.200/<unresolved>:6379]: java.nio.channels.ClosedChannelException
java.nio.channels.ClosedChannelException: null
	at io.netty.channel.nio.AbstractNioChannel.doClose(AbstractNioChannel.java:507)
	at io.netty.channel.socket.nio.NioSocketChannel.doClose(NioSocketChannel.java:349)
	at io.netty.channel.AbstractChannel$AbstractUnsafe.doClose0(AbstractChannel.java:754)
	at io.netty.channel.AbstractChannel$AbstractUnsafe.close(AbstractChannel.java:731)
	at io.netty.channel.AbstractChannel$AbstractUnsafe.close(AbstractChannel.java:620)
	at io.netty.channel.DefaultChannelPipeline$HeadContext.close(DefaultChannelPipeline.java:1352)
	at io.netty.channel.AbstractChannelHandlerContext.invokeClose(AbstractChannelHandlerContext.java:755)
	at io.netty.channel.AbstractChannelHandlerContext.access$1200(AbstractChannelHandlerContext.java:61)
	at io.netty.channel.AbstractChannelHandlerContext$11.run(AbstractChannelHandlerContext.java:738)
	at io.netty.util.concurrent.AbstractEventExecutor.runTask(AbstractEventExecutor.java:173)
	at io.netty.util.concurrent.AbstractEventExecutor.safeExecute(AbstractEventExecutor.java:166)
	at io.netty.util.concurrent.SingleThreadEventExecutor.runAllTasks(SingleThreadEventExecutor.java:470)
	at io.netty.channel.nio.NioEventLoop.run(NioEventLoop.java:569)
	at io.netty.util.concurrent.SingleThreadEventExecutor$4.run(SingleThreadEventExecutor.java:997)
	at io.netty.util.internal.ThreadExecutorMap$2.run(ThreadExecutorMap.java:74)
	at io.netty.util.concurrent.FastThreadLocalRunnable.run(FastThreadLocalRunnable.java:30)
	at java.base/java.lang.Thread.run(Thread.java:1583)
2026-07-08 20:16:41 [lettuce-eventExecutorLoop-1-8] INFO  i.l.core.protocol.ConnectionWatchdog - Reconnecting, last destination was 8.138.40.200/<unresolved>:6379
2026-07-08 20:16:43 [lettuce-nioEventLoop-4-8] WARN  i.l.core.protocol.ConnectionWatchdog - Cannot reconnect to [8.138.40.200/<unresolved>:6379]: java.nio.channels.ClosedChannelException
java.nio.channels.ClosedChannelException: null
	at io.netty.channel.nio.AbstractNioChannel.doClose(AbstractNioChannel.java:507)
	at io.netty.channel.socket.nio.NioSocketChannel.doClose(NioSocketChannel.java:349)
	at io.netty.channel.AbstractChannel$AbstractUnsafe.doClose0(AbstractChannel.java:754)
	at io.netty.channel.AbstractChannel$AbstractUnsafe.close(AbstractChannel.java:731)
	at io.netty.channel.AbstractChannel$AbstractUnsafe.close(AbstractChannel.java:620)
	at io.netty.channel.DefaultChannelPipeline$HeadContext.close(DefaultChannelPipeline.java:1352)
	at io.netty.channel.AbstractChannelHandlerContext.invokeClose(AbstractChannelHandlerContext.java:755)
	at io.netty.channel.AbstractChannelHandlerContext.access$1200(AbstractChannelHandlerContext.java:61)
	at io.netty.channel.AbstractChannelHandlerContext$11.run(AbstractChannelHandlerContext.java:738)
	at io.netty.util.concurrent.AbstractEventExecutor.runTask(AbstractEventExecutor.java:173)
	at io.netty.util.concurrent.AbstractEventExecutor.safeExecute(AbstractEventExecutor.java:166)
	at io.netty.util.concurrent.SingleThreadEventExecutor.runAllTasks(SingleThreadEventExecutor.java:470)
	at io.netty.channel.nio.NioEventLoop.run(NioEventLoop.java:569)
	at io.netty.util.concurrent.SingleThreadEventExecutor$4.run(SingleThreadEventExecutor.java:997)
	at io.netty.util.internal.ThreadExecutorMap$2.run(ThreadExecutorMap.java:74)
	at io.netty.util.concurrent.FastThreadLocalRunnable.run(FastThreadLocalRunnable.java:30)
	at java.base/java.lang.Thread.run(Thread.java:1583)
2026-07-08 20:17:13 [lettuce-eventExecutorLoop-1-2] INFO  i.l.core.protocol.ConnectionWatchdog - Reconnecting, last destination was 8.138.40.200/<unresolved>:6379
2026-07-08 20:17:15 [lettuce-nioEventLoop-4-1] WARN  i.l.core.protocol.ConnectionWatchdog - Cannot reconnect to [8.138.40.200/<unresolved>:6379]: java.nio.channels.ClosedChannelException
java.nio.channels.ClosedChannelException: null
	at io.netty.channel.nio.AbstractNioChannel.doClose(AbstractNioChannel.java:507)
	at io.netty.channel.socket.nio.NioSocketChannel.doClose(NioSocketChannel.java:349)
	at io.netty.channel.AbstractChannel$AbstractUnsafe.doClose0(AbstractChannel.java:754)
	at io.netty.channel.AbstractChannel$AbstractUnsafe.close(AbstractChannel.java:731)
	at io.netty.channel.AbstractChannel$AbstractUnsafe.close(AbstractChannel.java:620)
	at io.netty.channel.DefaultChannelPipeline$HeadContext.close(DefaultChannelPipeline.java:1352)
	at io.netty.channel.AbstractChannelHandlerContext.invokeClose(AbstractChannelHandlerContext.java:755)
	at io.netty.channel.AbstractChannelHandlerContext.access$1200(AbstractChannelHandlerContext.java:61)
	at io.netty.channel.AbstractChannelHandlerContext$11.run(AbstractChannelHandlerContext.java:738)
	at io.netty.util.concurrent.AbstractEventExecutor.runTask(AbstractEventExecutor.java:173)
	at io.netty.util.concurrent.AbstractEventExecutor.safeExecute(AbstractEventExecutor.java:166)
	at io.netty.util.concurrent.SingleThreadEventExecutor.runAllTasks(SingleThreadEventExecutor.java:470)
	at io.netty.channel.nio.NioEventLoop.run(NioEventLoop.java:569)
	at io.netty.util.concurrent.SingleThreadEventExecutor$4.run(SingleThreadEventExecutor.java:997)
	at io.netty.util.internal.ThreadExecutorMap$2.run(ThreadExecutorMap.java:74)
	at io.netty.util.concurrent.FastThreadLocalRunnable.run(FastThreadLocalRunnable.java:30)
	at java.base/java.lang.Thread.run(Thread.java:1583)
2026-07-08 20:17:45 [lettuce-eventExecutorLoop-1-4] INFO  i.l.core.protocol.ConnectionWatchdog - Reconnecting, last destination was 8.138.40.200/<unresolved>:6379
2026-07-08 20:17:45 [lettuce-nioEventLoop-4-2] INFO  i.l.c.protocol.ReconnectionHandler - Reconnected to 8.138.40.200/<unresolved>:6379
2026-07-08 20:32:39 [main] INFO  com.student.ImkqasApplication - Starting ImkqasApplication using Java 21.0.4 with PID 7500 (D:\Java\代码\IMKQAS\target\classes started by 冯芊肉 in D:\Java\代码\IMKQAS)
2026-07-08 20:32:39 [main] DEBUG com.student.ImkqasApplication - Running with Spring Boot v3.2.5, Spring v6.1.6
2026-07-08 20:32:39 [main] INFO  com.student.ImkqasApplication - No active profile set, falling back to 1 default profile: "default"
2026-07-08 20:32:39 [main] DEBUG o.s.boot.SpringApplication - Loading source class com.student.ImkqasApplication
2026-07-08 20:32:39 [main] DEBUG o.s.b.w.s.c.AnnotationConfigServletWebServerApplicationContext - Refreshing org.springframework.boot.web.servlet.context.AnnotationConfigServletWebServerApplicationContext@1a15b789
2026-07-08 20:32:41 [main] INFO  o.s.d.r.c.RepositoryConfigurationDelegate - Multiple Spring Data modules found, entering strict repository configuration mode
2026-07-08 20:32:41 [main] INFO  o.s.d.r.c.RepositoryConfigurationDelegate - Bootstrapping Spring Data Redis repositories in DEFAULT mode.
2026-07-08 20:32:41 [main] DEBUG o.s.b.a.AutoConfigurationPackages - @EnableAutoConfiguration was declared on a class in the package 'com.student'. Automatic @Repository and @Entity scanning is enabled.
2026-07-08 20:32:41 [main] INFO  o.s.d.r.c.RepositoryConfigurationDelegate - Finished Spring Data repository scanning in 56 ms. Found 0 Redis repository interfaces.
2026-07-08 20:32:42 [main] DEBUG o.s.b.w.e.t.TomcatServletWebServerFactory - Code archive: C:\Users\冯芊肉\.m2\repository\org\springframework\boot\spring-boot\3.2.5\spring-boot-3.2.5.jar
2026-07-08 20:32:42 [main] DEBUG o.s.b.w.e.t.TomcatServletWebServerFactory - Code archive: C:\Users\冯芊肉\.m2\repository\org\springframework\boot\spring-boot\3.2.5\spring-boot-3.2.5.jar
2026-07-08 20:32:42 [main] DEBUG o.s.b.w.e.t.TomcatServletWebServerFactory - None of the document roots [src/main/webapp, public, static] point to a directory and will be ignored.
2026-07-08 20:32:42 [main] INFO  o.s.b.w.e.tomcat.TomcatWebServer - Tomcat initialized with port 8080 (http)
2026-07-08 20:32:42 [main] INFO  o.a.catalina.core.StandardService - Starting service [Tomcat]
2026-07-08 20:32:42 [main] INFO  o.a.catalina.core.StandardEngine - Starting Servlet engine: [Apache Tomcat/10.1.20]
2026-07-08 20:32:42 [main] INFO  o.a.c.c.C.[Tomcat].[localhost].[/] - Initializing Spring embedded WebApplicationContext
2026-07-08 20:32:42 [main] DEBUG o.s.b.w.s.c.ServletWebServerApplicationContext - Published root WebApplicationContext as ServletContext attribute with name [org.springframework.web.context.WebApplicationContext.ROOT]
2026-07-08 20:32:42 [main] INFO  o.s.b.w.s.c.ServletWebServerApplicationContext - Root WebApplicationContext: initialization completed in 3486 ms
2026-07-08 20:32:42 [main] INFO  com.zaxxer.hikari.HikariDataSource - HikariPool-1 - Starting...
2026-07-08 20:32:43 [main] INFO  com.zaxxer.hikari.pool.HikariPool - HikariPool-1 - Added connection com.mysql.cj.jdbc.ConnectionImpl@336d28a1
2026-07-08 20:32:43 [main] INFO  com.zaxxer.hikari.HikariDataSource - HikariPool-1 - Start completed.
2026-07-08 20:32:43 [main] INFO  o.f.c.i.license.VersionPrinter - Flyway Community Edition 9.22.3 by Redgate
2026-07-08 20:32:43 [main] INFO  o.f.c.i.license.VersionPrinter - See release notes here: https://rd.gt/416ObMi
2026-07-08 20:32:43 [main] INFO  o.f.c.i.license.VersionPrinter - 
2026-07-08 20:32:43 [main] INFO  org.flywaydb.core.FlywayExecutor - Database: jdbc:mysql://8.138.40.200:3306/imkqas (MySQL 8.0)
2026-07-08 20:32:43 [main] INFO  o.f.core.internal.command.DbValidate - Successfully validated 9 migrations (execution time 00:00.218s)
2026-07-08 20:32:44 [main] INFO  o.f.core.internal.command.DbMigrate - Current version of schema `imkqas`: 7
2026-07-08 20:32:44 [main] INFO  o.f.core.internal.command.DbMigrate - Migrating schema `imkqas` to version "8 - Contraindication rules"
2026-07-08 20:32:44 [main] WARN  o.f.c.i.s.DefaultSqlScriptExecutor - DB: Integer display width is deprecated and will be removed in a future release. (SQL State: HY000 - Error Code: 1681)
2026-07-08 20:32:44 [main] WARN  o.f.c.i.s.DefaultSqlScriptExecutor - DB: Integer display width is deprecated and will be removed in a future release. (SQL State: HY000 - Error Code: 1681)
2026-07-08 20:32:45 [main] WARN  o.f.c.i.s.DefaultSqlScriptExecutor - DB: Integer display width is deprecated and will be removed in a future release. (SQL State: HY000 - Error Code: 1681)
2026-07-08 20:32:46 [main] INFO  o.f.core.internal.command.DbMigrate - Successfully applied 1 migration to schema `imkqas`, now at version v8 (execution time 00:01.094s)
2026-07-08 20:32:46 [main] DEBUG o.s.b.w.s.ServletContextInitializerBeans - Mapping filters: springSecurityFilterChain urls=[/*] order=-100, characterEncodingFilter urls=[/*] order=-2147483648, formContentFilter urls=[/*] order=-9900, requestContextFilter urls=[/*] order=-105, jwtAuthenticationFilter urls=[/*] order=2147483647
2026-07-08 20:32:46 [main] DEBUG o.s.b.w.s.ServletContextInitializerBeans - Mapping servlets: dispatcherServlet urls=[/]
2026-07-08 20:32:46 [main] DEBUG o.s.b.w.s.f.OrderedRequestContextFilter - Filter 'requestContextFilter' configured for use
2026-07-08 20:32:46 [main] DEBUG c.s.filter.JwtAuthenticationFilter - Filter 'jwtAuthenticationFilter' configured for use
2026-07-08 20:32:46 [main] DEBUG o.s.b.w.s.f.OrderedCharacterEncodingFilter - Filter 'characterEncodingFilter' configured for use
2026-07-08 20:32:46 [main] DEBUG o.s.b.w.s.DelegatingFilterProxyRegistrationBean$1 - Filter 'springSecurityFilterChain' configured for use
2026-07-08 20:32:46 [main] DEBUG o.s.b.w.s.f.OrderedFormContentFilter - Filter 'formContentFilter' configured for use
2026-07-08 20:32:46 [main] INFO  com.student.config.EvaluationConfig - 评估系统配置初始化完成
2026-07-08 20:32:46 [main] INFO  com.student.config.EvaluationConfig - 离线评估: 并发数=4, LLM评判=启用
2026-07-08 20:32:46 [main] INFO  com.student.config.EvaluationConfig - 在线监控: 采集间隔=60s, 保留=30天, 慢查询阈值=5000ms
2026-07-08 20:32:46 [main] INFO  com.student.config.EvaluationConfig - 报告: 输出目录=./evaluation-reports, 格式=BOTH
2026-07-08 20:32:47 [main] INFO  com.student.utils.EnvUtil - .env文件加载成功: D:\Java\代码\IMKQAS\.env (12个变量)
2026-07-08 20:32:47 [main] DEBUG com.student.utils.EnvUtil - 从.env文件读取环境变量: DASHSCOPE_API_KEY=sk-w****XX_w
2026-07-08 20:32:47 [main] DEBUG com.student.utils.EnvUtil - 环境变量未找到: BAILIAN_API_KEY, 使用默认值: null
2026-07-08 20:32:47 [main] DEBUG com.student.utils.EnvUtil - 环境变量未找到: IMKQAS_RAG_LLM_API_KEY, 使用默认值: null
2026-07-08 20:32:47 [main] DEBUG com.student.utils.EnvUtil - 环境变量未找到: IMKQAS_RAG_LLM_BASE_URL, 使用默认值: null
2026-07-08 20:32:47 [main] DEBUG com.student.utils.EnvUtil - 环境变量未找到: IMKQAS_RAG_EMBEDDING_API_KEY, 使用默认值: null
2026-07-08 20:32:47 [main] DEBUG com.student.utils.EnvUtil - 环境变量未找到: IMKQAS_RAG_EMBEDDING_API_ENDPOINT, 使用默认值: null
2026-07-08 20:32:47 [main] DEBUG com.student.utils.EnvUtil - 环境变量未找到: IMKQAS_RAG_RERANKER_API_KEY, 使用默认值: null
2026-07-08 20:32:47 [main] DEBUG com.student.utils.EnvUtil - 环境变量未找到: IMKQAS_RAG_RERANKER_API_ENDPOINT, 使用默认值: null
2026-07-08 20:32:47 [main] INFO  com.student.config.RagConfig - RAG配置初始化完成 (API密钥来源: .env DASHSCOPE_API_KEY)
2026-07-08 20:32:47 [main] INFO  com.student.config.RagConfig - 重排序模型: gte-rerank-v2, 部署方式: api
2026-07-08 20:32:47 [main] INFO  com.student.config.RagConfig - 检索模式: HYBRID, 权重[向量: 0.6, 关键词: 0.4]
2026-07-08 20:32:47 [main] INFO  com.student.config.RagConfig - 嵌入模型: text-embedding-v3, 维度: 1024
2026-07-08 20:32:47 [main] INFO  com.student.config.RagConfig - LLM模型: qwen-plus, 温度: 0.1, 最大token: 2000
2026-07-08 20:32:47 [main] INFO  com.student.config.RagConfig - 质量过滤: 最小片段长度=20, 黑名单域名数=6, 矛盾检测=启用, 禁忌规则检测=启用
2026-07-08 20:32:47 [main] INFO  com.student.config.RagConfig - 多因子重排序: 权威权重=0.4, 时效权重=0.2, 语义权重=0.4
2026-07-08 20:32:47 [main] INFO  com.student.config.RagConfig - 语义缓存链: 启用=true, TTL=7200s, 版本=1
2026-07-08 20:32:47 [main] INFO  com.student.config.RagConfig - MinerU PDF转换: 启用=true, API端点=https://mineru.net/api/v1/agent/parse/file, 超时=300s
2026-07-08 20:32:47 [main] INFO  com.student.config.MilvusConfig - 初始化Milvus客户端: host=8.138.40.200, port=19530, collection=medical_documents
2026-07-08 20:32:48 [main] INFO  com.student.config.MilvusConfig - Milvus版本: 2.6.14
2026-07-08 20:32:48 [main] INFO  com.student.config.MilvusConfig - Milvus连接测试成功
2026-07-08 20:32:48 [main] INFO  com.student.config.MilvusConfig - Milvus集合已存在: medical_documents
2026-07-08 20:32:48 [main] INFO  com.student.config.MinioConfig - 初始化MinIO客户端: endpoint=http://8.138.40.200:9000, bucket=imkqas
2026-07-08 20:32:49 [main] INFO  com.student.config.MinioConfig - MinIO连接测试成功
2026-07-08 20:32:49 [main] DEBUG com.student.config.MinioConfig - 存储桶 imkqas 已存在
2026-07-08 20:32:50 [main] INFO  c.s.s.r.i.KeywordRetrievalServiceImpl - 医学术语同义词词典初始化完成，共加载 11 个术语
2026-07-08 20:32:50 [main] INFO  o.a.l.s.MemorySegmentIndexInputProvider - Using MemorySegmentIndexInput with Java 21 or later; to disable start with -Dorg.apache.lucene.store.MMapDirectory.enableMemorySegments=false
2026-07-08 20:32:51 [main] INFO  c.s.s.r.i.KeywordRetrievalServiceImpl - 关键词检索服务初始化完成，索引路径: lucene-index
2026-07-08 20:32:51 [main] INFO  c.s.s.rag.impl.RrfFusionServiceImpl - RRF融合服务初始化完成，rrfK=60
2026-07-08 20:32:51 [main] INFO  ca.uhn.fhir.util.VersionUtil - HAPI FHIR version 7.4.0 - Rev 71e9af61cf
2026-07-08 20:32:51 [main] INFO  ca.uhn.fhir.context.FhirContext - Creating new FHIR context for FHIR version [R4]
2026-07-08 20:32:51 [main] INFO  c.s.s.s.config.SnomedFallbackMapper - SNOMED CT本地降级映射表初始化完成: 口语词=45, 医学术语=27, 症状=17, 疾病=9
2026-07-08 20:32:51 [main] WARN  c.s.s.r.i.MedicalEntityRecognitionServiceImpl - THUOCL词库文件不存在: /data/dict/thuocl_medical.txt，使用内置词库
2026-07-08 20:32:51 [main] INFO  c.s.s.r.i.MedicalEntityRecognitionServiceImpl - 内置医学词库加载完成: 条目数=84
2026-07-08 20:32:51 [main] INFO  c.s.s.r.i.MedicalEntityRecognitionServiceImpl - 医学实体识别服务初始化完成: 词库条目数=84
2026-07-08 20:32:52 [main] DEBUG c.s.m.M.findAllApproved - ==>  Preparing: SELECT * FROM medical_synonym_mapping WHERE status = 'APPROVED' AND deleted = 0
2026-07-08 20:32:52 [main] DEBUG c.s.m.M.findAllApproved - ==> Parameters: 
2026-07-08 20:32:52 [main] DEBUG c.s.m.M.findAllApproved - <==      Total: 71
2026-07-08 20:32:52 [main] DEBUG c.s.s.r.i.SynonymExpansionServiceImpl - 本地映射缓存刷新完成: 条目数=71
2026-07-08 20:32:52 [main] INFO  c.s.s.r.i.SynonymExpansionServiceImpl - 同义词扩展服务初始化完成: 本地映射缓存条目数=71
2026-07-08 20:32:52 [main] WARN  c.s.s.r.i.QueryRewriteServiceImplRefactored - THUOCL词库文件不存在: /data/dict/thuocl_medical.txt，使用内置医学术语
2026-07-08 20:32:52 [main] INFO  c.s.s.r.i.QueryRewriteServiceImplRefactored - 查询改写服务初始化完成：医学术语数=58, 同义词数=10, 停用词数=45
2026-07-08 20:32:52 [main] INFO  c.s.service.rag.impl.LlmServiceImpl - LLM服务初始化完成：模型=qwen-plus, 本地缓存大小=10000, 线程池核心=10最大=50
2026-07-08 20:32:52 [main] INFO  c.s.s.r.i.CrossEncoderRerankServiceImpl - 交叉编码器重排序服务初始化完成，模型: gte-rerank-v2, API端点: https://dashscope.aliyuncs.com/api/v1/services/rerank/text-rerank/text-rerank, topK: 10, 完整URL长度: 77
2026-07-08 20:32:52 [main] DEBUG c.s.s.r.i.CrossEncoderRerankServiceImpl - API端点完整URL: https://dashscope.aliyuncs.com/api/v1/services/rerank/text-rerank/text-rerank
2026-07-08 20:32:53 [main] DEBUG com.student.service.RedisService - 获取缓存: key=sem:version:knowledge, value=null
2026-07-08 20:32:53 [main] INFO  c.s.s.r.i.SemanticCacheServiceImpl - 语义缓存链初始化完成: 版本=1, TTL=7200s, 锁TTL=30s
2026-07-08 20:32:53 [main] DEBUG c.s.m.D.selectActive - ==>  Preparing: SELECT * FROM drug_population_contraindication WHERE deleted = 0 AND is_active = 1
2026-07-08 20:32:53 [main] DEBUG c.s.m.D.selectActive - ==> Parameters: 
2026-07-08 20:32:53 [main] DEBUG c.s.m.D.selectActive - <==      Total: 28
2026-07-08 20:32:53 [main] DEBUG c.s.mapper.DrugMapper.selectList - ==>  Preparing: SELECT id,generic_name,brand_name,english_name,drug_class,dosage_form,specification,manufacturer,indications,contraindications,adverse_reactions,dosage,precautions,storage,approval_number,has_interactions,created_at,updated_at,deleted FROM drugs WHERE deleted=0 AND (deleted = ?)
2026-07-08 20:32:53 [main] DEBUG c.s.mapper.DrugMapper.selectList - ==> Parameters: 0(Integer)
2026-07-08 20:32:53 [main] DEBUG c.s.mapper.DrugMapper.selectList - <==      Total: 3
2026-07-08 20:32:53 [main] DEBUG c.s.m.DrugAliasMapper.selectList - ==>  Preparing: SELECT id,drug_id,alias_type,alias_name,created_at,updated_at,deleted FROM drug_aliases WHERE deleted=0 AND (deleted = ?)
2026-07-08 20:32:53 [main] DEBUG c.s.m.DrugAliasMapper.selectList - ==> Parameters: 0(Integer)
2026-07-08 20:32:53 [main] DEBUG c.s.m.DrugAliasMapper.selectList - <==      Total: 9
2026-07-08 20:32:53 [main] DEBUG c.s.mapper.DrugMapper.selectById - ==>  Preparing: SELECT id,generic_name,brand_name,english_name,drug_class,dosage_form,specification,manufacturer,indications,contraindications,adverse_reactions,dosage,precautions,storage,approval_number,has_interactions,created_at,updated_at,deleted FROM drugs WHERE id=? AND deleted=0
2026-07-08 20:32:53 [main] DEBUG c.s.mapper.DrugMapper.selectById - ==> Parameters: 1(Long)
2026-07-08 20:32:53 [main] DEBUG c.s.mapper.DrugMapper.selectById - <==      Total: 1
2026-07-08 20:32:53 [main] DEBUG c.s.mapper.DrugMapper.selectById - ==>  Preparing: SELECT id,generic_name,brand_name,english_name,drug_class,dosage_form,specification,manufacturer,indications,contraindications,adverse_reactions,dosage,precautions,storage,approval_number,has_interactions,created_at,updated_at,deleted FROM drugs WHERE id=? AND deleted=0
2026-07-08 20:32:53 [main] DEBUG c.s.mapper.DrugMapper.selectById - ==> Parameters: 1(Long)
2026-07-08 20:32:53 [main] DEBUG c.s.mapper.DrugMapper.selectById - <==      Total: 1
2026-07-08 20:32:53 [main] DEBUG c.s.mapper.DrugMapper.selectById - ==>  Preparing: SELECT id,generic_name,brand_name,english_name,drug_class,dosage_form,specification,manufacturer,indications,contraindications,adverse_reactions,dosage,precautions,storage,approval_number,has_interactions,created_at,updated_at,deleted FROM drugs WHERE id=? AND deleted=0
2026-07-08 20:32:53 [main] DEBUG c.s.mapper.DrugMapper.selectById - ==> Parameters: 1(Long)
2026-07-08 20:32:53 [main] DEBUG c.s.mapper.DrugMapper.selectById - <==      Total: 1
2026-07-08 20:32:53 [main] DEBUG c.s.mapper.DrugMapper.selectById - ==>  Preparing: SELECT id,generic_name,brand_name,english_name,drug_class,dosage_form,specification,manufacturer,indications,contraindications,adverse_reactions,dosage,precautions,storage,approval_number,has_interactions,created_at,updated_at,deleted FROM drugs WHERE id=? AND deleted=0
2026-07-08 20:32:53 [main] DEBUG c.s.mapper.DrugMapper.selectById - ==> Parameters: 2(Long)
2026-07-08 20:32:53 [main] DEBUG c.s.mapper.DrugMapper.selectById - <==      Total: 1
2026-07-08 20:32:53 [main] DEBUG c.s.mapper.DrugMapper.selectById - ==>  Preparing: SELECT id,generic_name,brand_name,english_name,drug_class,dosage_form,specification,manufacturer,indications,contraindications,adverse_reactions,dosage,precautions,storage,approval_number,has_interactions,created_at,updated_at,deleted FROM drugs WHERE id=? AND deleted=0
2026-07-08 20:32:53 [main] DEBUG c.s.mapper.DrugMapper.selectById - ==> Parameters: 2(Long)
2026-07-08 20:32:53 [main] DEBUG c.s.mapper.DrugMapper.selectById - <==      Total: 1
2026-07-08 20:32:53 [main] DEBUG c.s.mapper.DrugMapper.selectById - ==>  Preparing: SELECT id,generic_name,brand_name,english_name,drug_class,dosage_form,specification,manufacturer,indications,contraindications,adverse_reactions,dosage,precautions,storage,approval_number,has_interactions,created_at,updated_at,deleted FROM drugs WHERE id=? AND deleted=0
2026-07-08 20:32:53 [main] DEBUG c.s.mapper.DrugMapper.selectById - ==> Parameters: 2(Long)
2026-07-08 20:32:53 [main] DEBUG c.s.mapper.DrugMapper.selectById - <==      Total: 1
2026-07-08 20:32:53 [main] DEBUG c.s.mapper.DrugMapper.selectById - ==>  Preparing: SELECT id,generic_name,brand_name,english_name,drug_class,dosage_form,specification,manufacturer,indications,contraindications,adverse_reactions,dosage,precautions,storage,approval_number,has_interactions,created_at,updated_at,deleted FROM drugs WHERE id=? AND deleted=0
2026-07-08 20:32:53 [main] DEBUG c.s.mapper.DrugMapper.selectById - ==> Parameters: 3(Long)
2026-07-08 20:32:53 [main] DEBUG c.s.mapper.DrugMapper.selectById - <==      Total: 1
2026-07-08 20:32:53 [main] DEBUG c.s.mapper.DrugMapper.selectById - ==>  Preparing: SELECT id,generic_name,brand_name,english_name,drug_class,dosage_form,specification,manufacturer,indications,contraindications,adverse_reactions,dosage,precautions,storage,approval_number,has_interactions,created_at,updated_at,deleted FROM drugs WHERE id=? AND deleted=0
2026-07-08 20:32:53 [main] DEBUG c.s.mapper.DrugMapper.selectById - ==> Parameters: 3(Long)
2026-07-08 20:32:53 [main] DEBUG c.s.mapper.DrugMapper.selectById - <==      Total: 1
2026-07-08 20:32:53 [main] DEBUG c.s.mapper.DrugMapper.selectById - ==>  Preparing: SELECT id,generic_name,brand_name,english_name,drug_class,dosage_form,specification,manufacturer,indications,contraindications,adverse_reactions,dosage,precautions,storage,approval_number,has_interactions,created_at,updated_at,deleted FROM drugs WHERE id=? AND deleted=0
2026-07-08 20:32:53 [main] DEBUG c.s.mapper.DrugMapper.selectById - ==> Parameters: 3(Long)
2026-07-08 20:32:53 [main] DEBUG c.s.mapper.DrugMapper.selectById - <==      Total: 1
2026-07-08 20:32:53 [main] DEBUG c.s.m.M.findAllApproved - ==>  Preparing: SELECT * FROM medical_synonym_mapping WHERE status = 'APPROVED' AND deleted = 0
2026-07-08 20:32:53 [main] DEBUG c.s.m.M.findAllApproved - ==> Parameters: 
2026-07-08 20:32:53 [main] DEBUG c.s.m.M.findAllApproved - <==      Total: 71
2026-07-08 20:32:53 [main] INFO  c.s.s.r.i.ContraindicationDetectionServiceImpl - 禁忌规则缓存已刷新: 规则数=28, 别名映射=12, 人群同义词=9
2026-07-08 20:32:53 [main] INFO  c.s.s.r.i.ContraindicationDetectionServiceImpl - 禁忌检测服务初始化完成: 规则缓存大小=28, 别名映射=12, 人群同义词=9
2026-07-08 20:32:53 [main] INFO  c.s.config.DepartmentKnowledgeConfig - 成功加载症状同义词配置，共21组同义词
2026-07-08 20:32:53 [main] INFO  c.s.s.triage.impl.SymptomNormalizer - 症状标准化器初始化完成，同义词组数: 21, 启用模糊匹配: true, 模糊匹配阈值: 0.7
2026-07-08 20:32:53 [main] INFO  c.s.config.DepartmentKnowledgeConfig - 成功加载科室知识库配置，共6个科室
2026-07-08 20:32:53 [main] INFO  c.s.s.triage.impl.SymptomNormalizer - 症状标准化器初始化完成，同义词组数: 0, 启用模糊匹配: false, 模糊匹配阈值: 0.0
2026-07-08 20:32:53 [main] INFO  c.s.s.t.config.TriageEngineConfig - 创建科室导诊线程池: coreSize=2, maxSize=4, queueCapacity=100
2026-07-08 20:32:53 [main] DEBUG com.student.service.RedisService - 获取缓存: key=sem:term:mapping-hash, value=null
2026-07-08 20:32:53 [main] DEBUG com.student.service.RedisService - 获取缓存: key=sem:term:mapping-version, value=null
2026-07-08 20:32:53 [main] INFO  c.s.s.r.impl.TermChangeListenerImpl - 术语变更监听器初始化完成: 初始Hash=a3379072a77391d220fe04ceb3297b21, 检查间隔=3600s
2026-07-08 20:32:54 [main] INFO  o.s.s.web.DefaultSecurityFilterChain - Will secure any request with [org.springframework.security.web.session.DisableEncodeUrlFilter@4702faee, org.springframework.security.web.context.request.async.WebAsyncManagerIntegrationFilter@576d4810, org.springframework.security.web.context.SecurityContextHolderFilter@1ad4ff2a, org.springframework.security.web.header.HeaderWriterFilter@27d6ff8c, org.springframework.web.filter.CorsFilter@3609b8f2, org.springframework.security.web.authentication.logout.LogoutFilter@2539ab41, com.student.filter.JwtAuthenticationFilter@611587f7, org.springframework.security.web.savedrequest.RequestCacheAwareFilter@207bf6d8, org.springframework.security.web.servletapi.SecurityContextHolderAwareRequestFilter@5cdb7b, org.springframework.security.web.authentication.AnonymousAuthenticationFilter@62dfe32e, org.springframework.security.web.session.SessionManagementFilter@1990afa2, org.springframework.security.web.access.ExceptionTranslationFilter@4c02f50, org.springframework.security.web.access.intercept.AuthorizationFilter@38950d4b]
2026-07-08 20:32:54 [main] INFO  c.s.s.t.config.TriageEngineConfig - 科室导诊引擎配置验证通过
2026-07-08 20:32:54 [main] INFO  c.s.s.t.config.TriageEngineConfig - 规则引擎阈值: 0.6
2026-07-08 20:32:54 [main] INFO  c.s.s.t.config.TriageEngineConfig - LLM超时时间: 3000ms
2026-07-08 20:32:54 [main] INFO  c.s.s.t.config.TriageEngineConfig - 规则引擎权重: 0.8, LLM权重: 0.2
2026-07-08 20:32:54 [main] INFO  c.s.s.t.config.TriageEngineConfig - 启用急诊检测: true
2026-07-08 20:32:54 [main] INFO  c.s.s.t.config.TriageEngineConfig - 启用统计收集: true
2026-07-08 20:32:55 [main] DEBUG o.s.b.a.SpringApplicationAdminMXBeanRegistrar$SpringApplicationAdmin - Application Admin MBean registered with name 'org.springframework.boot:type=Admin,name=SpringApplication'
2026-07-08 20:32:55 [main] WARN  o.s.b.w.s.c.AnnotationConfigServletWebServerApplicationContext - Exception encountered during context initialization - cancelling refresh attempt: org.springframework.context.ApplicationContextException: Failed to start bean 'webServerStartStop'
2026-07-08 20:32:55 [main] DEBUG c.s.service.rag.impl.LlmServiceImpl - OkHttpClient连接池已关闭
2026-07-08 20:32:55 [main] DEBUG c.s.service.rag.impl.LlmServiceImpl - 异步线程池已关闭
2026-07-08 20:32:55 [main] INFO  com.zaxxer.hikari.HikariDataSource - HikariPool-1 - Shutdown initiated...
2026-07-08 20:32:55 [main] INFO  com.zaxxer.hikari.HikariDataSource - HikariPool-1 - Shutdown completed.
2026-07-08 20:32:55 [main] DEBUG o.s.b.a.l.ConditionEvaluationReportLogger - 


============================
CONDITIONS EVALUATION REPORT
============================


Positive matches:
-----------------

   AopAutoConfiguration matched:
      - @ConditionalOnProperty (spring.aop.auto=true) matched (OnPropertyCondition)

   AopAutoConfiguration.ClassProxyingConfiguration matched:
      - @ConditionalOnMissingClass did not find unwanted class 'org.aspectj.weaver.Advice' (OnClassCondition)
      - @ConditionalOnProperty (spring.aop.proxy-target-class=true) matched (OnPropertyCondition)

   ApplicationAvailabilityAutoConfiguration#applicationAvailability matched:
      - @ConditionalOnMissingBean (types: org.springframework.boot.availability.ApplicationAvailability; SearchStrategy: all) did not find any beans (OnBeanCondition)

   DataSourceAutoConfiguration matched:
      - @ConditionalOnClass found required classes 'javax.sql.DataSource', 'org.springframework.jdbc.datasource.embedded.EmbeddedDatabaseType' (OnClassCondition)
      - @ConditionalOnMissingBean (types: io.r2dbc.spi.ConnectionFactory; SearchStrategy: all) did not find any beans (OnBeanCondition)

   DataSourceAutoConfiguration.PooledDataSourceConfiguration matched:
      - AnyNestedCondition 1 matched 1 did not; NestedCondition on DataSourceAutoConfiguration.PooledDataSourceCondition.PooledDataSourceAvailable PooledDataSource found supported DataSource; NestedCondition on DataSourceAutoConfiguration.PooledDataSourceCondition.ExplicitType @ConditionalOnProperty (spring.datasource.type) did not find property 'type' (DataSourceAutoConfiguration.PooledDataSourceCondition)
      - @ConditionalOnMissingBean (types: javax.sql.DataSource,javax.sql.XADataSource; SearchStrategy: all) did not find any beans (OnBeanCondition)

   DataSourceAutoConfiguration.PooledDataSourceConfiguration#jdbcConnectionDetails matched:
      - @ConditionalOnMissingBean (types: org.springframework.boot.autoconfigure.jdbc.JdbcConnectionDetails; SearchStrategy: all) did not find any beans (OnBeanCondition)

   DataSourceConfiguration.Hikari matched:
      - @ConditionalOnClass found required class 'com.zaxxer.hikari.HikariDataSource' (OnClassCondition)
      - @ConditionalOnProperty (spring.datasource.type=com.zaxxer.hikari.HikariDataSource) matched (OnPropertyCondition)
      - @ConditionalOnMissingBean (types: javax.sql.DataSource; SearchStrategy: all) did not find any beans (OnBeanCondition)

   DataSourceInitializationConfiguration matched:
      - @ConditionalOnClass found required class 'org.springframework.jdbc.datasource.init.DatabasePopulator' (OnClassCondition)
      - @ConditionalOnSingleCandidate (types: javax.sql.DataSource; SearchStrategy: all) found a single bean 'dataSource'; @ConditionalOnMissingBean (types: org.springframework.boot.autoconfigure.sql.init.SqlDataSourceScriptDatabaseInitializer,org.springframework.boot.autoconfigure.sql.init.SqlR2dbcScriptDatabaseInitializer; SearchStrategy: all) did not find any beans (OnBeanCondition)

   DataSourceJmxConfiguration matched:
      - @ConditionalOnProperty (spring.jmx.enabled=true) matched (OnPropertyCondition)

   DataSourceJmxConfiguration.Hikari matched:
      - @ConditionalOnClass found required class 'com.zaxxer.hikari.HikariDataSource' (OnClassCondition)
      - @ConditionalOnSingleCandidate (types: javax.sql.DataSource; SearchStrategy: all) found a single bean 'dataSource' (OnBeanCondition)

   DataSourcePoolMetadataProvidersConfiguration.HikariPoolDataSourceMetadataProviderConfiguration matched:
      - @ConditionalOnClass found required class 'com.zaxxer.hikari.HikariDataSource' (OnClassCondition)

   DataSourceTransactionManagerAutoConfiguration matched:
      - @ConditionalOnClass found required classes 'org.springframework.jdbc.core.JdbcTemplate', 'org.springframework.transaction.TransactionManager' (OnClassCondition)

   DataSourceTransactionManagerAutoConfiguration.JdbcTransactionManagerConfiguration matched:
      - @ConditionalOnSingleCandidate (types: javax.sql.DataSource; SearchStrategy: all) found a single bean 'dataSource' (OnBeanCondition)

   DataSourceTransactionManagerAutoConfiguration.JdbcTransactionManagerConfiguration#transactionManager matched:
      - @ConditionalOnMissingBean (types: org.springframework.transaction.TransactionManager; SearchStrategy: all) did not find any beans (OnBeanCondition)

   DispatcherServletAutoConfiguration matched:
      - @ConditionalOnClass found required class 'org.springframework.web.servlet.DispatcherServlet' (OnClassCondition)
      - found 'session' scope (OnWebApplicationCondition)

   DispatcherServletAutoConfiguration.DispatcherServletConfiguration matched:
      - @ConditionalOnClass found required class 'jakarta.servlet.ServletRegistration' (OnClassCondition)
      - Default DispatcherServlet did not find dispatcher servlet beans (DispatcherServletAutoConfiguration.DefaultDispatcherServletCondition)

   DispatcherServletAutoConfiguration.DispatcherServletRegistrationConfiguration matched:
      - @ConditionalOnClass found required class 'jakarta.servlet.ServletRegistration' (OnClassCondition)
      - DispatcherServlet Registration did not find servlet registration bean (DispatcherServletAutoConfiguration.DispatcherServletRegistrationCondition)

   DispatcherServletAutoConfiguration.DispatcherServletRegistrationConfiguration#dispatcherServletRegistration matched:
      - @ConditionalOnBean (names: dispatcherServlet types: org.springframework.web.servlet.DispatcherServlet; SearchStrategy: all) found bean 'dispatcherServlet' (OnBeanCondition)

   EmbeddedWebServerFactoryCustomizerAutoConfiguration matched:
      - @ConditionalOnWebApplication (required) found 'session' scope (OnWebApplicationCondition)
      - @ConditionalOnWarDeployment the application is not deployed as a WAR file. (OnWarDeploymentCondition)

   EmbeddedWebServerFactoryCustomizerAutoConfiguration.NettyWebServerFactoryCustomizerConfiguration matched:
      - @ConditionalOnClass found required class 'reactor.netty.http.server.HttpServer' (OnClassCondition)

   EmbeddedWebServerFactoryCustomizerAutoConfiguration.TomcatWebServerFactoryCustomizerConfiguration matched:
      - @ConditionalOnClass found required classes 'org.apache.catalina.startup.Tomcat', 'org.apache.coyote.UpgradeProtocol' (OnClassCondition)

   ErrorMvcAutoConfiguration matched:
      - @ConditionalOnClass found required classes 'jakarta.servlet.Servlet', 'org.springframework.web.servlet.DispatcherServlet' (OnClassCondition)
      - found 'session' scope (OnWebApplicationCondition)

   ErrorMvcAutoConfiguration#basicErrorController matched:
      - @ConditionalOnMissingBean (types: org.springframework.boot.web.servlet.error.ErrorController; SearchStrategy: current) did not find any beans (OnBeanCondition)

   ErrorMvcAutoConfiguration#errorAttributes matched:
      - @ConditionalOnMissingBean (types: org.springframework.boot.web.servlet.error.ErrorAttributes; SearchStrategy: current) did not find any beans (OnBeanCondition)

   ErrorMvcAutoConfiguration.DefaultErrorViewResolverConfiguration#conventionErrorViewResolver matched:
      - @ConditionalOnBean (types: org.springframework.web.servlet.DispatcherServlet; SearchStrategy: all) found bean 'dispatcherServlet'; @ConditionalOnMissingBean (types: org.springframework.boot.autoconfigure.web.servlet.error.ErrorViewResolver; SearchStrategy: all) did not find any beans (OnBeanCondition)

   ErrorMvcAutoConfiguration.WhitelabelErrorViewConfiguration matched:
      - @ConditionalOnProperty (server.error.whitelabel.enabled) matched (OnPropertyCondition)
      - ErrorTemplate Missing did not find error template view (ErrorMvcAutoConfiguration.ErrorTemplateMissingCondition)

   ErrorMvcAutoConfiguration.WhitelabelErrorViewConfiguration#beanNameViewResolver matched:
      - @ConditionalOnMissingBean (types: org.springframework.web.servlet.view.BeanNameViewResolver; SearchStrategy: all) did not find any beans (OnBeanCondition)

   ErrorMvcAutoConfiguration.WhitelabelErrorViewConfiguration#defaultErrorView matched:
      - @ConditionalOnMissingBean (names: error; SearchStrategy: all) did not find any beans (OnBeanCondition)

   FlywayAutoConfiguration matched:
      - @ConditionalOnClass found required class 'org.flywaydb.core.Flyway' (OnClassCondition)
      - @ConditionalOnProperty (spring.flyway.enabled) matched (OnPropertyCondition)
      - AnyNestedCondition 2 matched 1 did not; NestedCondition on FlywayAutoConfiguration.FlywayDataSourceCondition.FlywayUrlCondition @ConditionalOnProperty (spring.flyway.url) did not find property 'url'; NestedCondition on FlywayAutoConfiguration.FlywayDataSourceCondition.JdbcConnectionDetailsCondition @ConditionalOnBean (types: org.springframework.boot.autoconfigure.jdbc.JdbcConnectionDetails; SearchStrategy: all) found bean 'jdbcConnectionDetails'; NestedCondition on FlywayAutoConfiguration.FlywayDataSourceCondition.DataSourceBeanCondition @ConditionalOnBean (types: javax.sql.DataSource; SearchStrategy: all) found bean 'dataSource' (FlywayAutoConfiguration.FlywayDataSourceCondition)

   FlywayAutoConfiguration.FlywayConfiguration matched:
      - @ConditionalOnClass found required class 'org.springframework.jdbc.support.JdbcUtils' (OnClassCondition)
      - @ConditionalOnMissingBean (types: org.flywaydb.core.Flyway; SearchStrategy: all) did not find any beans (OnBeanCondition)

   FlywayAutoConfiguration.FlywayConfiguration#flywayConnectionDetails matched:
      - @ConditionalOnMissingBean (types: org.springframework.boot.autoconfigure.flyway.FlywayConnectionDetails; SearchStrategy: all) did not find any beans (OnBeanCondition)

   FlywayAutoConfiguration.FlywayConfiguration#flywayInitializer matched:
      - @ConditionalOnMissingBean (types: org.springframework.boot.autoconfigure.flyway.FlywayMigrationInitializer; SearchStrategy: all) did not find any beans (OnBeanCondition)

   FlywayAutoConfiguration.FlywayConfiguration#postgresqlFlywayConfigurationCustomizer matched:
      - @ConditionalOnClass found required class 'org.flywaydb.core.internal.database.postgresql.PostgreSQLConfigurationExtension' (OnClassCondition)

   GsonAutoConfiguration matched:
      - @ConditionalOnClass found required class 'com.google.gson.Gson' (OnClassCondition)

   GsonAutoConfiguration#gson matched:
      - @ConditionalOnMissingBean (types: com.google.gson.Gson; SearchStrategy: all) did not find any beans (OnBeanCondition)

   GsonAutoConfiguration#gsonBuilder matched:
      - @ConditionalOnMissingBean (types: com.google.gson.GsonBuilder; SearchStrategy: all) did not find any beans (OnBeanCondition)

   GsonHttpMessageConvertersConfiguration matched:
      - @ConditionalOnClass found required class 'com.google.gson.Gson' (OnClassCondition)

   HttpEncodingAutoConfiguration matched:
      - @ConditionalOnClass found required class 'org.springframework.web.filter.CharacterEncodingFilter' (OnClassCondition)
      - found 'session' scope (OnWebApplicationCondition)
      - @ConditionalOnProperty (server.servlet.encoding.enabled) matched (OnPropertyCondition)

   HttpEncodingAutoConfiguration#characterEncodingFilter matched:
      - @ConditionalOnMissingBean (types: org.springframework.web.filter.CharacterEncodingFilter; SearchStrategy: all) did not find any beans (OnBeanCondition)

   HttpMessageConvertersAutoConfiguration matched:
      - @ConditionalOnClass found required class 'org.springframework.http.converter.HttpMessageConverter' (OnClassCondition)
      - NoneNestedConditions 0 matched 1 did not; NestedCondition on HttpMessageConvertersAutoConfiguration.NotReactiveWebApplicationCondition.ReactiveWebApplication did not find reactive web application classes (HttpMessageConvertersAutoConfiguration.NotReactiveWebApplicationCondition)

   HttpMessageConvertersAutoConfiguration#messageConverters matched:
      - @ConditionalOnMissingBean (types: org.springframework.boot.autoconfigure.http.HttpMessageConverters; SearchStrategy: all) did not find any beans (OnBeanCondition)

   HttpMessageConvertersAutoConfiguration.StringHttpMessageConverterConfiguration matched:
      - @ConditionalOnClass found required class 'org.springframework.http.converter.StringHttpMessageConverter' (OnClassCondition)

   HttpMessageConvertersAutoConfiguration.StringHttpMessageConverterConfiguration#stringHttpMessageConverter matched:
      - @ConditionalOnMissingBean (types: org.springframework.http.converter.StringHttpMessageConverter; SearchStrategy: all) did not find any beans (OnBeanCondition)

   JacksonAutoConfiguration matched:
      - @ConditionalOnClass found required class 'com.fasterxml.jackson.databind.ObjectMapper' (OnClassCondition)

   JacksonAutoConfiguration.Jackson2ObjectMapperBuilderCustomizerConfiguration matched:
      - @ConditionalOnClass found required class 'org.springframework.http.converter.json.Jackson2ObjectMapperBuilder' (OnClassCondition)

   JacksonAutoConfiguration.JacksonObjectMapperBuilderConfiguration matched:
      - @ConditionalOnClass found required class 'org.springframework.http.converter.json.Jackson2ObjectMapperBuilder' (OnClassCondition)

   JacksonAutoConfiguration.JacksonObjectMapperBuilderConfiguration#jacksonObjectMapperBuilder matched:
      - @ConditionalOnMissingBean (types: org.springframework.http.converter.json.Jackson2ObjectMapperBuilder; SearchStrategy: all) did not find any beans (OnBeanCondition)

   JacksonAutoConfiguration.JacksonObjectMapperConfiguration matched:
      - @ConditionalOnClass found required class 'org.springframework.http.converter.json.Jackson2ObjectMapperBuilder' (OnClassCondition)

   JacksonAutoConfiguration.JacksonObjectMapperConfiguration#jacksonObjectMapper matched:
      - @ConditionalOnMissingBean (types: com.fasterxml.jackson.databind.ObjectMapper; SearchStrategy: all) did not find any beans (OnBeanCondition)

   JacksonAutoConfiguration.ParameterNamesModuleConfiguration matched:
      - @ConditionalOnClass found required class 'com.fasterxml.jackson.module.paramnames.ParameterNamesModule' (OnClassCondition)

   JacksonAutoConfiguration.ParameterNamesModuleConfiguration#parameterNamesModule matched:
      - @ConditionalOnMissingBean (types: com.fasterxml.jackson.module.paramnames.ParameterNamesModule; SearchStrategy: all) did not find any beans (OnBeanCondition)

   JacksonHttpMessageConvertersConfiguration.MappingJackson2HttpMessageConverterConfiguration matched:
      - @ConditionalOnClass found required class 'com.fasterxml.jackson.databind.ObjectMapper' (OnClassCondition)
      - @ConditionalOnProperty (spring.mvc.converters.preferred-json-mapper=jackson) matched (OnPropertyCondition)
      - @ConditionalOnBean (types: com.fasterxml.jackson.databind.ObjectMapper; SearchStrategy: all) found bean 'jacksonObjectMapper' (OnBeanCondition)

   JacksonHttpMessageConvertersConfiguration.MappingJackson2HttpMessageConverterConfiguration#mappingJackson2HttpMessageConverter matched:
      - @ConditionalOnMissingBean (types: org.springframework.http.converter.json.MappingJackson2HttpMessageConverter ignored: org.springframework.hateoas.server.mvc.TypeConstrainedMappingJackson2HttpMessageConverter,org.springframework.data.rest.webmvc.alps.AlpsJsonHttpMessageConverter; SearchStrategy: all) did not find any beans (OnBeanCondition)

   JacksonHttpMessageConvertersConfiguration.MappingJackson2XmlHttpMessageConverterConfiguration matched:
      - @ConditionalOnClass found required class 'com.fasterxml.jackson.dataformat.xml.XmlMapper' (OnClassCondition)
      - @ConditionalOnBean (types: org.springframework.http.converter.json.Jackson2ObjectMapperBuilder; SearchStrategy: all) found bean 'jacksonObjectMapperBuilder' (OnBeanCondition)

   JacksonHttpMessageConvertersConfiguration.MappingJackson2XmlHttpMessageConverterConfiguration#mappingJackson2XmlHttpMessageConverter matched:
      - @ConditionalOnMissingBean (types: org.springframework.http.converter.xml.MappingJackson2XmlHttpMessageConverter; SearchStrategy: all) did not find any beans (OnBeanCondition)

   JdbcClientAutoConfiguration matched:
      - @ConditionalOnSingleCandidate (types: org.springframework.jdbc.core.namedparam.NamedParameterJdbcTemplate; SearchStrategy: all) found a single bean 'namedParameterJdbcTemplate'; @ConditionalOnMissingBean (types: org.springframework.jdbc.core.simple.JdbcClient; SearchStrategy: all) did not find any beans (OnBeanCondition)

   JdbcTemplateAutoConfiguration matched:
      - @ConditionalOnClass found required classes 'javax.sql.DataSource', 'org.springframework.jdbc.core.JdbcTemplate' (OnClassCondition)
      - @ConditionalOnSingleCandidate (types: javax.sql.DataSource; SearchStrategy: all) found a single bean 'dataSource' (OnBeanCondition)

   JdbcTemplateConfiguration matched:
      - @ConditionalOnMissingBean (types: org.springframework.jdbc.core.JdbcOperations; SearchStrategy: all) did not find any beans (OnBeanCondition)

   JmxAutoConfiguration matched:
      - @ConditionalOnClass found required class 'org.springframework.jmx.export.MBeanExporter' (OnClassCondition)
      - @ConditionalOnProperty (spring.jmx.enabled=true) matched (OnPropertyCondition)

   JmxAutoConfiguration#mbeanExporter matched:
      - @ConditionalOnMissingBean (types: org.springframework.jmx.export.MBeanExporter; SearchStrategy: current) did not find any beans (OnBeanCondition)

   JmxAutoConfiguration#mbeanServer matched:
      - @ConditionalOnMissingBean (types: javax.management.MBeanServer; SearchStrategy: all) did not find any beans (OnBeanCondition)

   JmxAutoConfiguration#objectNamingStrategy matched:
      - @ConditionalOnMissingBean (types: org.springframework.jmx.export.naming.ObjectNamingStrategy; SearchStrategy: current) did not find any beans (OnBeanCondition)

   LettuceConnectionConfiguration matched:
      - @ConditionalOnClass found required class 'io.lettuce.core.RedisClient' (OnClassCondition)
      - @ConditionalOnProperty (spring.data.redis.client-type=lettuce) matched (OnPropertyCondition)

   LettuceConnectionConfiguration#lettuceClientResources matched:
      - @ConditionalOnMissingBean (types: io.lettuce.core.resource.ClientResources; SearchStrategy: all) did not find any beans (OnBeanCondition)

   LettuceConnectionConfiguration#redisConnectionFactory matched:
      - @ConditionalOnMissingBean (types: org.springframework.data.redis.connection.RedisConnectionFactory; SearchStrategy: all) did not find any beans (OnBeanCondition)
      - @ConditionalOnThreading found PLATFORM (OnThreadingCondition)

   LifecycleAutoConfiguration#defaultLifecycleProcessor matched:
      - @ConditionalOnMissingBean (names: lifecycleProcessor; SearchStrategy: current) did not find any beans (OnBeanCondition)

   MultipartAutoConfiguration matched:
      - @ConditionalOnClass found required classes 'jakarta.servlet.Servlet', 'org.springframework.web.multipart.support.StandardServletMultipartResolver', 'jakarta.servlet.MultipartConfigElement' (OnClassCondition)
      - found 'session' scope (OnWebApplicationCondition)
      - @ConditionalOnProperty (spring.servlet.multipart.enabled) matched (OnPropertyCondition)

   MultipartAutoConfiguration#multipartConfigElement matched:
      - @ConditionalOnMissingBean (types: jakarta.servlet.MultipartConfigElement; SearchStrategy: all) did not find any beans (OnBeanCondition)

   MultipartAutoConfiguration#multipartResolver matched:
      - @ConditionalOnMissingBean (types: org.springframework.web.multipart.MultipartResolver; SearchStrategy: all) did not find any beans (OnBeanCondition)

   MybatisPlusAutoConfiguration matched:
      - @ConditionalOnClass found required classes 'org.apache.ibatis.session.SqlSessionFactory', 'org.mybatis.spring.SqlSessionFactoryBean' (OnClassCondition)
      - @ConditionalOnSingleCandidate (types: javax.sql.DataSource; SearchStrategy: all) found a single bean 'dataSource' (OnBeanCondition)

   MybatisPlusAutoConfiguration#ddlApplicationRunner matched:
      - @ConditionalOnMissingBean (types: com.baomidou.mybatisplus.autoconfigure.DdlApplicationRunner; SearchStrategy: all) did not find any beans (OnBeanCondition)

   MybatisPlusAutoConfiguration#sqlSessionFactory matched:
      - @ConditionalOnMissingBean (types: org.apache.ibatis.session.SqlSessionFactory; SearchStrategy: all) did not find any beans (OnBeanCondition)

   MybatisPlusAutoConfiguration#sqlSessionTemplate matched:
      - @ConditionalOnMissingBean (types: org.mybatis.spring.SqlSessionTemplate; SearchStrategy: all) did not find any beans (OnBeanCondition)

   MybatisPlusLanguageDriverAutoConfiguration matched:
      - @ConditionalOnClass found required class 'org.apache.ibatis.scripting.LanguageDriver' (OnClassCondition)

   NamedParameterJdbcTemplateConfiguration matched:
      - @ConditionalOnSingleCandidate (types: org.springframework.jdbc.core.JdbcTemplate; SearchStrategy: all) found a single bean 'jdbcTemplate'; @ConditionalOnMissingBean (types: org.springframework.jdbc.core.namedparam.NamedParameterJdbcOperations; SearchStrategy: all) did not find any beans (OnBeanCondition)

   NettyAutoConfiguration matched:
      - @ConditionalOnClass found required class 'io.netty.util.NettyRuntime' (OnClassCondition)

   PersistenceExceptionTranslationAutoConfiguration matched:
      - @ConditionalOnClass found required class 'org.springframework.dao.annotation.PersistenceExceptionTranslationPostProcessor' (OnClassCondition)

   PersistenceExceptionTranslationAutoConfiguration#persistenceExceptionTranslationPostProcessor matched:
      - @ConditionalOnProperty (spring.dao.exceptiontranslation.enabled) matched (OnPropertyCondition)
      - @ConditionalOnMissingBean (types: org.springframework.dao.annotation.PersistenceExceptionTranslationPostProcessor; SearchStrategy: all) did not find any beans (OnBeanCondition)

   PropertyPlaceholderAutoConfiguration#propertySourcesPlaceholderConfigurer matched:
      - @ConditionalOnMissingBean (types: org.springframework.context.support.PropertySourcesPlaceholderConfigurer; SearchStrategy: current) did not find any beans (OnBeanCondition)

   RabbitAnnotationDrivenConfiguration matched:
      - @ConditionalOnClass found required class 'org.springframework.amqp.rabbit.annotation.EnableRabbit' (OnClassCondition)

   RabbitAnnotationDrivenConfiguration#directRabbitListenerContainerFactoryConfigurer matched:
      - @ConditionalOnMissingBean (types: org.springframework.boot.autoconfigure.amqp.DirectRabbitListenerContainerFactoryConfigurer; SearchStrategy: all) did not find any beans (OnBeanCondition)
      - @ConditionalOnThreading found PLATFORM (OnThreadingCondition)

   RabbitAnnotationDrivenConfiguration#simpleRabbitListenerContainerFactory matched:
      - @ConditionalOnProperty (spring.rabbitmq.listener.type=simple) matched (OnPropertyCondition)
      - @ConditionalOnMissingBean (names: rabbitListenerContainerFactory; SearchStrategy: all) did not find any beans (OnBeanCondition)

   RabbitAnnotationDrivenConfiguration#simpleRabbitListenerContainerFactoryConfigurer matched:
      - @ConditionalOnMissingBean (types: org.springframework.boot.autoconfigure.amqp.SimpleRabbitListenerContainerFactoryConfigurer; SearchStrategy: all) did not find any beans (OnBeanCondition)
      - @ConditionalOnThreading found PLATFORM (OnThreadingCondition)

   RabbitAnnotationDrivenConfiguration.EnableRabbitConfiguration matched:
      - @ConditionalOnMissingBean (names: org.springframework.amqp.rabbit.config.internalRabbitListenerAnnotationProcessor; SearchStrategy: all) did not find any beans (OnBeanCondition)

   RabbitAutoConfiguration matched:
      - @ConditionalOnClass found required classes 'org.springframework.amqp.rabbit.core.RabbitTemplate', 'com.rabbitmq.client.Channel' (OnClassCondition)

   RabbitAutoConfiguration.MessagingTemplateConfiguration matched:
      - @ConditionalOnClass found required class 'org.springframework.amqp.rabbit.core.RabbitMessagingTemplate' (OnClassCondition)
      - @ConditionalOnMissingBean (types: org.springframework.amqp.rabbit.core.RabbitMessagingTemplate; SearchStrategy: all) did not find any beans (OnBeanCondition)

   RabbitAutoConfiguration.MessagingTemplateConfiguration#rabbitMessagingTemplate matched:
      - @ConditionalOnSingleCandidate (types: org.springframework.amqp.rabbit.core.RabbitTemplate; SearchStrategy: all) found a single bean 'rabbitTemplate' (OnBeanCondition)

   RabbitAutoConfiguration.RabbitConnectionFactoryCreator#rabbitConnectionDetails matched:
      - @ConditionalOnMissingBean (types: org.springframework.boot.autoconfigure.amqp.RabbitConnectionDetails; SearchStrategy: all) did not find any beans (OnBeanCondition)

   RabbitAutoConfiguration.RabbitConnectionFactoryCreator#rabbitConnectionFactory matched:
      - @ConditionalOnMissingBean (types: org.springframework.amqp.rabbit.connection.ConnectionFactory; SearchStrategy: all) did not find any beans (OnBeanCondition)

   RabbitAutoConfiguration.RabbitConnectionFactoryCreator#rabbitConnectionFactoryBeanConfigurer matched:
      - @ConditionalOnMissingBean (types: org.springframework.boot.autoconfigure.amqp.RabbitConnectionFactoryBeanConfigurer; SearchStrategy: all) did not find any beans (OnBeanCondition)

   RabbitAutoConfiguration.RabbitConnectionFactoryCreator#rabbitConnectionFactoryConfigurer matched:
      - @ConditionalOnMissingBean (types: org.springframework.boot.autoconfigure.amqp.CachingConnectionFactoryConfigurer; SearchStrategy: all) did not find any beans (OnBeanCondition)

   RabbitAutoConfiguration.RabbitTemplateConfiguration#amqpAdmin matched:
      - @ConditionalOnProperty (spring.rabbitmq.dynamic) matched (OnPropertyCondition)
      - @ConditionalOnSingleCandidate (types: org.springframework.amqp.rabbit.connection.ConnectionFactory; SearchStrategy: all) found a single bean 'rabbitConnectionFactory'; @ConditionalOnMissingBean (types: org.springframework.amqp.core.AmqpAdmin; SearchStrategy: all) did not find any beans (OnBeanCondition)

   RabbitAutoConfiguration.RabbitTemplateConfiguration#rabbitTemplate matched:
      - @ConditionalOnSingleCandidate (types: org.springframework.amqp.rabbit.connection.ConnectionFactory; SearchStrategy: all) found a single bean 'rabbitConnectionFactory'; @ConditionalOnMissingBean (types: org.springframework.amqp.rabbit.core.RabbitOperations; SearchStrategy: all) did not find any beans (OnBeanCondition)

   RabbitAutoConfiguration.RabbitTemplateConfiguration#rabbitTemplateConfigurer matched:
      - @ConditionalOnMissingBean (types: org.springframework.boot.autoconfigure.amqp.RabbitTemplateConfigurer; SearchStrategy: all) did not find any beans (OnBeanCondition)

   ReactorAutoConfiguration matched:
      - @ConditionalOnClass found required class 'reactor.core.publisher.Hooks' (OnClassCondition)

   RedisAutoConfiguration matched:
      - @ConditionalOnClass found required class 'org.springframework.data.redis.core.RedisOperations' (OnClassCondition)

   RedisAutoConfiguration#redisConnectionDetails matched:
      - @ConditionalOnMissingBean (types: org.springframework.boot.autoconfigure.data.redis.RedisConnectionDetails; SearchStrategy: all) did not find any beans (OnBeanCondition)

   RedisAutoConfiguration#stringRedisTemplate matched:
      - @ConditionalOnSingleCandidate (types: org.springframework.data.redis.connection.RedisConnectionFactory; SearchStrategy: all) found a single bean 'redisConnectionFactory'; @ConditionalOnMissingBean (types: org.springframework.data.redis.core.StringRedisTemplate; SearchStrategy: all) did not find any beans (OnBeanCondition)

   RedisCacheConfiguration matched:
      - @ConditionalOnClass found required class 'org.springframework.data.redis.connection.RedisConnectionFactory' (OnClassCondition)
      - Cache org.springframework.boot.autoconfigure.cache.RedisCacheConfiguration REDIS cache type (CacheCondition)

   RedisReactiveAutoConfiguration matched:
      - @ConditionalOnClass found required classes 'org.springframework.data.redis.connection.ReactiveRedisConnectionFactory', 'org.springframework.data.redis.core.ReactiveRedisTemplate', 'reactor.core.publisher.Flux' (OnClassCondition)

   RedisReactiveAutoConfiguration#reactiveRedisTemplate matched:
      - @ConditionalOnBean (types: org.springframework.data.redis.connection.ReactiveRedisConnectionFactory; SearchStrategy: all) found bean 'redisConnectionFactory'; @ConditionalOnMissingBean (names: reactiveRedisTemplate; SearchStrategy: all) did not find any beans (OnBeanCondition)

   RedisReactiveAutoConfiguration#reactiveStringRedisTemplate matched:
      - @ConditionalOnBean (types: org.springframework.data.redis.connection.ReactiveRedisConnectionFactory; SearchStrategy: all) found bean 'redisConnectionFactory'; @ConditionalOnMissingBean (names: reactiveStringRedisTemplate; SearchStrategy: all) did not find any beans (OnBeanCondition)

   RedisRepositoriesAutoConfiguration matched:
      - @ConditionalOnClass found required class 'org.springframework.data.redis.repository.configuration.EnableRedisRepositories' (OnClassCondition)
      - @ConditionalOnProperty (spring.data.redis.repositories.enabled=true) matched (OnPropertyCondition)
      - @ConditionalOnBean (types: org.springframework.data.redis.connection.RedisConnectionFactory; SearchStrategy: all) found bean 'redisConnectionFactory'; @ConditionalOnMissingBean (types: org.springframework.data.redis.repository.support.RedisRepositoryFactoryBean; SearchStrategy: all) did not find any beans (OnBeanCondition)

   RestClientAutoConfiguration matched:
      - @ConditionalOnClass found required class 'org.springframework.web.client.RestClient' (OnClassCondition)
      - NoneNestedConditions 0 matched 1 did not; NestedCondition on NotReactiveWebApplicationCondition.ReactiveWebApplication did not find reactive web application classes (NotReactiveWebApplicationCondition)

   RestClientAutoConfiguration#httpMessageConvertersRestClientCustomizer matched:
      - @ConditionalOnMissingBean (types: org.springframework.boot.autoconfigure.web.client.HttpMessageConvertersRestClientCustomizer; SearchStrategy: all) did not find any beans (OnBeanCondition)

   RestClientAutoConfiguration#restClientBuilder matched:
      - @ConditionalOnMissingBean (types: org.springframework.web.client.RestClient$Builder; SearchStrategy: all) did not find any beans (OnBeanCondition)

   RestClientAutoConfiguration#restClientBuilderConfigurer matched:
      - @ConditionalOnMissingBean (types: org.springframework.boot.autoconfigure.web.client.RestClientBuilderConfigurer; SearchStrategy: all) did not find any beans (OnBeanCondition)

   RestClientAutoConfiguration#restClientSsl matched:
      - @ConditionalOnBean (types: org.springframework.boot.ssl.SslBundles; SearchStrategy: all) found bean 'sslBundleRegistry'; @ConditionalOnMissingBean (types: org.springframework.boot.autoconfigure.web.client.RestClientSsl; SearchStrategy: all) did not find any beans (OnBeanCondition)

   RestTemplateAutoConfiguration matched:
      - @ConditionalOnClass found required class 'org.springframework.web.client.RestTemplate' (OnClassCondition)
      - NoneNestedConditions 0 matched 1 did not; NestedCondition on NotReactiveWebApplicationCondition.ReactiveWebApplication did not find reactive web application classes (NotReactiveWebApplicationCondition)

   RestTemplateAutoConfiguration#restTemplateBuilder matched:
      - @ConditionalOnMissingBean (types: org.springframework.boot.web.client.RestTemplateBuilder; SearchStrategy: all) did not find any beans (OnBeanCondition)

   SecurityAutoConfiguration matched:
      - @ConditionalOnClass found required class 'org.springframework.security.authentication.DefaultAuthenticationEventPublisher' (OnClassCondition)

   SecurityAutoConfiguration#authenticationEventPublisher matched:
      - @ConditionalOnMissingBean (types: org.springframework.security.authentication.AuthenticationEventPublisher; SearchStrategy: all) did not find any beans (OnBeanCondition)

   SecurityFilterAutoConfiguration matched:
      - @ConditionalOnClass found required classes 'org.springframework.security.web.context.AbstractSecurityWebApplicationInitializer', 'org.springframework.security.config.http.SessionCreationPolicy' (OnClassCondition)
      - found 'session' scope (OnWebApplicationCondition)

   SecurityFilterAutoConfiguration#securityFilterChainRegistration matched:
      - @ConditionalOnBean (names: springSecurityFilterChain; SearchStrategy: all) found bean 'springSecurityFilterChain' (OnBeanCondition)

   ServletWebServerFactoryAutoConfiguration matched:
      - @ConditionalOnClass found required class 'jakarta.servlet.ServletRequest' (OnClassCondition)
      - found 'session' scope (OnWebApplicationCondition)

   ServletWebServerFactoryAutoConfiguration#tomcatServletWebServerFactoryCustomizer matched:
      - @ConditionalOnClass found required class 'org.apache.catalina.startup.Tomcat' (OnClassCondition)

   ServletWebServerFactoryConfiguration.EmbeddedTomcat matched:
      - @ConditionalOnClass found required classes 'jakarta.servlet.Servlet', 'org.apache.catalina.startup.Tomcat', 'org.apache.coyote.UpgradeProtocol' (OnClassCondition)
      - @ConditionalOnMissingBean (types: org.springframework.boot.web.servlet.server.ServletWebServerFactory; SearchStrategy: current) did not find any beans (OnBeanCondition)

   SpringApplicationAdminJmxAutoConfiguration matched:
      - @ConditionalOnProperty (spring.application.admin.enabled=true) matched (OnPropertyCondition)

   SpringApplicationAdminJmxAutoConfiguration#springApplicationAdminRegistrar matched:
      - @ConditionalOnMissingBean (types: org.springframework.boot.admin.SpringApplicationAdminMXBeanRegistrar; SearchStrategy: all) did not find any beans (OnBeanCondition)

   SpringBootWebSecurityConfiguration matched:
      - found 'session' scope (OnWebApplicationCondition)

   SpringDataWebAutoConfiguration matched:
      - @ConditionalOnClass found required classes 'org.springframework.data.web.PageableHandlerMethodArgumentResolver', 'org.springframework.web.servlet.config.annotation.WebMvcConfigurer' (OnClassCondition)
      - found 'session' scope (OnWebApplicationCondition)
      - @ConditionalOnMissingBean (types: org.springframework.data.web.PageableHandlerMethodArgumentResolver; SearchStrategy: all) did not find any beans (OnBeanCondition)

   SpringDataWebAutoConfiguration#pageableCustomizer matched:
      - @ConditionalOnMissingBean (types: org.springframework.data.web.config.PageableHandlerMethodArgumentResolverCustomizer; SearchStrategy: all) did not find any beans (OnBeanCondition)

   SpringDataWebAutoConfiguration#sortCustomizer matched:
      - @ConditionalOnMissingBean (types: org.springframework.data.web.config.SortHandlerMethodArgumentResolverCustomizer; SearchStrategy: all) did not find any beans (OnBeanCondition)

   SpringDocConfigProperties matched:
      - @ConditionalOnProperty (springdoc.api-docs.enabled) matched (OnPropertyCondition)
      - @ConditionalOnBean (types: org.springdoc.core.configuration.SpringDocConfiguration; SearchStrategy: all) found bean 'org.springdoc.core.configuration.SpringDocConfiguration' (OnBeanCondition)

   SpringDocConfiguration matched:
      - @ConditionalOnWebApplication (required) found 'session' scope (OnWebApplicationCondition)
      - @ConditionalOnProperty (springdoc.api-docs.enabled) matched (OnPropertyCondition)

   SpringDocConfiguration#fileSupportConverter matched:
      - @ConditionalOnMissingBean (types: org.springdoc.core.converters.FileSupportConverter; SearchStrategy: all) did not find any beans (OnBeanCondition)

   SpringDocConfiguration#openAPIBuilder matched:
      - @ConditionalOnMissingBean (types: org.springdoc.core.service.OpenAPIService; SearchStrategy: all) did not find any beans (OnBeanCondition)

   SpringDocConfiguration#operationBuilder matched:
      - @ConditionalOnMissingBean (types: org.springdoc.core.service.OperationService; SearchStrategy: all) did not find any beans (OnBeanCondition)

   SpringDocConfiguration#parameterBuilder matched:
      - @ConditionalOnMissingBean (types: org.springdoc.core.service.GenericParameterService; SearchStrategy: all) did not find any beans (OnBeanCondition)

   SpringDocConfiguration#polymorphicModelConverter matched:
      - @ConditionalOnProperty (springdoc.model-converters.polymorphic-converter.enabled) matched (OnPropertyCondition)
      - @ConditionalOnMissingBean (types: org.springdoc.core.converters.PolymorphicModelConverter; SearchStrategy: all) did not find any beans (OnBeanCondition)

   SpringDocConfiguration#requestBodyBuilder matched:
      - @ConditionalOnMissingBean (types: org.springdoc.core.service.RequestBodyService; SearchStrategy: all) did not find any beans (OnBeanCondition)

   SpringDocConfiguration#responseSupportConverter matched:
      - @ConditionalOnMissingBean (types: org.springdoc.core.converters.ResponseSupportConverter; SearchStrategy: all) did not find any beans (OnBeanCondition)

   SpringDocConfiguration#schemaPropertyDeprecatingConverter matched:
      - @ConditionalOnProperty (springdoc.model-converters.deprecating-converter.enabled) matched (OnPropertyCondition)
      - @ConditionalOnMissingBean (types: org.springdoc.core.converters.SchemaPropertyDeprecatingConverter; SearchStrategy: all) did not find any beans (OnBeanCondition)

   SpringDocConfiguration#securityParser matched:
      - @ConditionalOnMissingBean (types: org.springdoc.core.service.SecurityService; SearchStrategy: all) did not find any beans (OnBeanCondition)

   SpringDocConfiguration#springDocCustomizers matched:
      - @ConditionalOnMissingBean (types: org.springdoc.core.customizers.SpringDocCustomizers; SearchStrategy: all) did not find any beans (OnBeanCondition)

   SpringDocConfiguration#springDocProviders matched:
      - @ConditionalOnMissingBean (types: org.springdoc.core.providers.SpringDocProviders; SearchStrategy: all) did not find any beans (OnBeanCondition)

   SpringDocConfiguration#springdocObjectMapperProvider matched:
      - @ConditionalOnMissingBean (types: org.springdoc.core.providers.ObjectMapperProvider; SearchStrategy: all) did not find any beans (OnBeanCondition)

   SpringDocConfiguration.QuerydslProvider matched:
      - @ConditionalOnClass found required class 'org.springframework.data.querydsl.binding.QuerydslBindingsFactory' (OnClassCondition)

   SpringDocConfiguration.QuerydslProvider#queryDslQuerydslPredicateOperationCustomizer matched:
      - @ConditionalOnMissingBean (types: org.springdoc.core.customizers.QuerydslPredicateOperationCustomizer; SearchStrategy: all) did not find any beans (OnBeanCondition)

   SpringDocConfiguration.SpringDocSpringDataWebPropertiesProvider matched:
      - @ConditionalOnClass found required class 'org.springframework.boot.autoconfigure.data.web.SpringDataWebProperties' (OnClassCondition)

   SpringDocConfiguration.SpringDocSpringDataWebPropertiesProvider#springDataWebPropertiesProvider matched:
      - @ConditionalOnMissingBean (types: org.springdoc.core.providers.SpringDataWebPropertiesProvider; SearchStrategy: all) did not find any beans (OnBeanCondition)

   SpringDocConfiguration.SpringDocWebFluxSupportConfiguration matched:
      - @ConditionalOnClass found required class 'reactor.core.publisher.Flux' (OnClassCondition)

   SpringDocConfiguration.SpringDocWebFluxSupportConfiguration#webFluxSupportConverter matched:
      - @ConditionalOnMissingBean (types: org.springdoc.core.converters.WebFluxSupportConverter; SearchStrategy: all) did not find any beans (OnBeanCondition)

   SpringDocConfiguration.WebConversionServiceConfiguration matched:
      - @ConditionalOnClass found required class 'org.springframework.boot.autoconfigure.web.format.WebConversionService' (OnClassCondition)

   SpringDocKotlinConfiguration matched:
      - @ConditionalOnClass found required class 'kotlin.coroutines.Continuation' (OnClassCondition)
      - @ConditionalOnWebApplication (required) found 'session' scope (OnWebApplicationCondition)
      - @ConditionalOnProperty (springdoc.api-docs.enabled) matched (OnPropertyCondition)
      - @ConditionalOnExpression (#{${springdoc.api-docs.enabled:true} and ${springdoc.enable-kotlin:true}}) resulted in true (OnExpressionCondition)
      - @ConditionalOnBean (types: org.springdoc.core.configuration.SpringDocConfiguration; SearchStrategy: all) found bean 'org.springdoc.core.configuration.SpringDocConfiguration' (OnBeanCondition)

   SpringDocKotlinConfiguration#kotlinCoroutinesReturnTypeParser matched:
      - @ConditionalOnMissingBean (types: org.springdoc.core.parsers.KotlinCoroutinesReturnTypeParser; SearchStrategy: all) did not find any beans (OnBeanCondition)

   SpringDocKotlinConfiguration#nullableKotlinRequestParameterCustomizer matched:
      - @ConditionalOnProperty (springdoc.nullable-request-parameter-enabled) matched (OnPropertyCondition)
      - @ConditionalOnMissingBean (types: org.springdoc.core.customizers.ParameterCustomizer; SearchStrategy: all) did not find any beans (OnBeanCondition)

   SpringDocPageableConfiguration matched:
      - @ConditionalOnClass found required class 'org.springframework.data.domain.Pageable' (OnClassCondition)
      - @ConditionalOnWebApplication (required) found 'session' scope (OnWebApplicationCondition)
      - @ConditionalOnProperty (springdoc.api-docs.enabled) matched (OnPropertyCondition)
      - @ConditionalOnBean (types: org.springdoc.core.configuration.SpringDocConfiguration; SearchStrategy: all) found bean 'org.springdoc.core.configuration.SpringDocConfiguration' (OnBeanCondition)

   SpringDocPageableConfiguration#delegatingMethodParameterCustomizer matched:
      - @ConditionalOnMissingBean (types: org.springdoc.core.customizers.DelegatingMethodParameterCustomizer; SearchStrategy: all) did not find any beans (OnBeanCondition)

   SpringDocPageableConfiguration#pageableOpenAPIConverter matched:
      - @ConditionalOnProperty (springdoc.model-converters.pageable-converter.enabled) matched (OnPropertyCondition)
      - @ConditionalOnMissingBean (types: org.springdoc.core.converters.PageableOpenAPIConverter; SearchStrategy: all) did not find any beans (OnBeanCondition)

   SpringDocSecurityConfiguration matched:
      - @ConditionalOnClass found required class 'org.springframework.security.web.SecurityFilterChain' (OnClassCondition)
      - @ConditionalOnWebApplication (required) found 'session' scope (OnWebApplicationCondition)
      - @ConditionalOnExpression (#{${springdoc.api-docs.enabled:true} and ${springdoc.enable-spring-security:true}}) resulted in true (OnExpressionCondition)
      - @ConditionalOnBean (types: org.springdoc.core.configuration.SpringDocConfiguration; SearchStrategy: all) found bean 'org.springdoc.core.configuration.SpringDocConfiguration' (OnBeanCondition)

   SpringDocSecurityConfiguration.SpringSecurityLoginEndpointConfiguration matched:
      - @ConditionalOnClass found required class 'jakarta.servlet.Filter' (OnClassCondition)

   SpringDocSortConfiguration matched:
      - @ConditionalOnClass found required class 'org.springframework.data.domain.Sort' (OnClassCondition)
      - @ConditionalOnWebApplication (required) found 'session' scope (OnWebApplicationCondition)
      - @ConditionalOnProperty (springdoc.api-docs.enabled) matched (OnPropertyCondition)
      - @ConditionalOnBean (types: org.springdoc.core.configuration.SpringDocConfiguration; SearchStrategy: all) found bean 'org.springdoc.core.configuration.SpringDocConfiguration' (OnBeanCondition)

   SpringDocSortConfiguration#sortOpenAPIConverter matched:
      - @ConditionalOnProperty (springdoc.sort-converter.enabled) matched (OnPropertyCondition)
      - @ConditionalOnMissingBean (types: org.springdoc.core.converters.SortOpenAPIConverter; SearchStrategy: all) did not find any beans (OnBeanCondition)

   SpringDocUIConfiguration matched:
      - @ConditionalOnWebApplication (required) found 'session' scope (OnWebApplicationCondition)
      - @ConditionalOnBean (types: org.springdoc.core.configuration.SpringDocConfiguration; SearchStrategy: all) found bean 'org.springdoc.core.configuration.SpringDocConfiguration' (OnBeanCondition)

   SpringDocWebMvcConfiguration matched:
      - found 'session' scope (OnWebApplicationCondition)
      - @ConditionalOnProperty (springdoc.api-docs.enabled) matched (OnPropertyCondition)
      - @ConditionalOnBean (types: org.springdoc.core.configuration.SpringDocConfiguration; SearchStrategy: all) found bean 'org.springdoc.core.configuration.SpringDocConfiguration' (OnBeanCondition)

   SpringDocWebMvcConfiguration#openApiResource matched:
      - @ConditionalOnExpression (#{(${springdoc.use-management-port:false} == false ) and ${springdoc.enable-default-api-docs:true}}) resulted in true (OnExpressionCondition)
      - @ConditionalOnMissingBean (types: org.springdoc.webmvc.api.OpenApiWebMvcResource; SearchStrategy: all) did not find any beans (OnBeanCondition)

   SpringDocWebMvcConfiguration#requestBuilder matched:
      - @ConditionalOnMissingBean (types: org.springdoc.webmvc.core.service.RequestService; SearchStrategy: all) did not find any beans (OnBeanCondition)

   SpringDocWebMvcConfiguration#responseBuilder matched:
      - @ConditionalOnMissingBean (types: org.springdoc.core.service.GenericResponseService; SearchStrategy: all) did not find any beans (OnBeanCondition)

   SpringDocWebMvcConfiguration#springWebProvider matched:
      - @ConditionalOnMissingBean (types: org.springdoc.core.providers.SpringWebProvider; SearchStrategy: all) did not find any beans (OnBeanCondition)

   SpringDocWebMvcConfiguration.SpringDocWebMvcRouterConfiguration matched:
      - @ConditionalOnClass found required class 'org.springframework.web.servlet.function.RouterFunction' (OnClassCondition)

   SpringDocWebMvcConfiguration.SpringDocWebMvcRouterConfiguration#routerFunctionProvider matched:
      - @ConditionalOnMissingBean (types: org.springdoc.webmvc.core.providers.RouterFunctionWebMvcProvider; SearchStrategy: all) did not find any beans (OnBeanCondition)

   SqlInitializationAutoConfiguration matched:
      - @ConditionalOnProperty (spring.sql.init.enabled) matched (OnPropertyCondition)
      - NoneNestedConditions 0 matched 1 did not; NestedCondition on SqlInitializationAutoConfiguration.SqlInitializationModeCondition.ModeIsNever @ConditionalOnProperty (spring.sql.init.mode=never) did not find property 'mode' (SqlInitializationAutoConfiguration.SqlInitializationModeCondition)

   SslAutoConfiguration#sslBundleRegistry matched:
      - @ConditionalOnMissingBean (types: org.springframework.boot.ssl.SslBundleRegistry,org.springframework.boot.ssl.SslBundles; SearchStrategy: all) did not find any beans (OnBeanCondition)

   SwaggerConfig matched:
      - found 'session' scope (OnWebApplicationCondition)
      - @ConditionalOnProperty (springdoc.swagger-ui.enabled) matched (OnPropertyCondition)
      - @ConditionalOnBean (types: org.springdoc.core.configuration.SpringDocConfiguration; SearchStrategy: all) found bean 'org.springdoc.core.configuration.SpringDocConfiguration' (OnBeanCondition)

   SwaggerConfig#indexPageTransformer matched:
      - @ConditionalOnMissingBean (types: org.springdoc.webmvc.ui.SwaggerIndexTransformer; SearchStrategy: all) did not find any beans (OnBeanCondition)

   SwaggerConfig#swaggerConfigResource matched:
      - @ConditionalOnProperty (springdoc.use-management-port=false) matched (OnPropertyCondition)
      - @ConditionalOnMissingBean (types: org.springdoc.webmvc.ui.SwaggerConfigResource; SearchStrategy: all) did not find any beans (OnBeanCondition)

   SwaggerConfig#swaggerResourceResolver matched:
      - @ConditionalOnMissingBean (types: org.springdoc.webmvc.ui.SwaggerResourceResolver; SearchStrategy: all) did not find any beans (OnBeanCondition)

   SwaggerConfig#swaggerWebMvcConfigurer matched:
      - @ConditionalOnMissingBean (types: org.springdoc.webmvc.ui.SwaggerWebMvcConfigurer; SearchStrategy: all) did not find any beans (OnBeanCondition)

   SwaggerConfig#swaggerWelcome matched:
      - @ConditionalOnProperty (springdoc.use-management-port=false) matched (OnPropertyCondition)
      - @ConditionalOnMissingBean (types: org.springdoc.webmvc.ui.SwaggerWelcomeWebMvc; SearchStrategy: all) did not find any beans (OnBeanCondition)

   SwaggerUiConfigParameters matched:
      - @ConditionalOnProperty (springdoc.swagger-ui.enabled) matched (OnPropertyCondition)
      - @ConditionalOnBean (types: org.springdoc.core.configuration.SpringDocConfiguration; SearchStrategy: all) found bean 'org.springdoc.core.configuration.SpringDocConfiguration' (OnBeanCondition)

   SwaggerUiConfigProperties matched:
      - @ConditionalOnProperty (springdoc.swagger-ui.enabled) matched (OnPropertyCondition)
      - @ConditionalOnBean (types: org.springdoc.core.configuration.SpringDocConfiguration; SearchStrategy: all) found bean 'org.springdoc.core.configuration.SpringDocConfiguration' (OnBeanCondition)

   SwaggerUiOAuthProperties matched:
      - @ConditionalOnProperty (springdoc.swagger-ui.enabled) matched (OnPropertyCondition)
      - @ConditionalOnBean (types: org.springdoc.core.configuration.SpringDocConfiguration; SearchStrategy: all) found bean 'org.springdoc.core.configuration.SpringDocConfiguration' (OnBeanCondition)

   TaskExecutionAutoConfiguration matched:
      - @ConditionalOnClass found required class 'org.springframework.scheduling.concurrent.ThreadPoolTaskExecutor' (OnClassCondition)

   TaskExecutorConfigurations.SimpleAsyncTaskExecutorBuilderConfiguration#simpleAsyncTaskExecutorBuilder matched:
      - @ConditionalOnMissingBean (types: org.springframework.boot.task.SimpleAsyncTaskExecutorBuilder; SearchStrategy: all) did not find any beans (OnBeanCondition)
      - @ConditionalOnThreading found PLATFORM (OnThreadingCondition)

   TaskExecutorConfigurations.TaskExecutorBuilderConfiguration#taskExecutorBuilder matched:
      - @ConditionalOnMissingBean (types: org.springframework.boot.task.TaskExecutorBuilder; SearchStrategy: all) did not find any beans (OnBeanCondition)

   TaskExecutorConfigurations.ThreadPoolTaskExecutorBuilderConfiguration#threadPoolTaskExecutorBuilder matched:
      - @ConditionalOnMissingBean (types: org.springframework.boot.task.TaskExecutorBuilder,org.springframework.boot.task.ThreadPoolTaskExecutorBuilder; SearchStrategy: all) did not find any beans (OnBeanCondition)

   TaskSchedulingAutoConfiguration matched:
      - @ConditionalOnClass found required class 'org.springframework.scheduling.concurrent.ThreadPoolTaskScheduler' (OnClassCondition)

   TaskSchedulingConfigurations.SimpleAsyncTaskSchedulerBuilderConfiguration#simpleAsyncTaskSchedulerBuilder matched:
      - @ConditionalOnMissingBean (types: org.springframework.boot.task.SimpleAsyncTaskSchedulerBuilder; SearchStrategy: all) did not find any beans (OnBeanCondition)
      - @ConditionalOnThreading found PLATFORM (OnThreadingCondition)

   TaskSchedulingConfigurations.TaskSchedulerBuilderConfiguration#taskSchedulerBuilder matched:
      - @ConditionalOnMissingBean (types: org.springframework.boot.task.TaskSchedulerBuilder; SearchStrategy: all) did not find any beans (OnBeanCondition)

   TaskSchedulingConfigurations.ThreadPoolTaskSchedulerBuilderConfiguration#threadPoolTaskSchedulerBuilder matched:
      - @ConditionalOnMissingBean (types: org.springframework.boot.task.TaskSchedulerBuilder,org.springframework.boot.task.ThreadPoolTaskSchedulerBuilder; SearchStrategy: all) did not find any beans (OnBeanCondition)

   TransactionAutoConfiguration matched:
      - @ConditionalOnClass found required class 'org.springframework.transaction.PlatformTransactionManager' (OnClassCondition)

   TransactionAutoConfiguration.EnableTransactionManagementConfiguration matched:
      - @ConditionalOnBean (types: org.springframework.transaction.TransactionManager; SearchStrategy: all) found bean 'transactionManager'; @ConditionalOnMissingBean (types: org.springframework.transaction.annotation.AbstractTransactionManagementConfiguration; SearchStrategy: all) did not find any beans (OnBeanCondition)

   TransactionAutoConfiguration.EnableTransactionManagementConfiguration.CglibAutoProxyConfiguration matched:
      - @ConditionalOnProperty (spring.aop.proxy-target-class=true) matched (OnPropertyCondition)

   TransactionAutoConfiguration.TransactionTemplateConfiguration matched:
      - @ConditionalOnSingleCandidate (types: org.springframework.transaction.PlatformTransactionManager; SearchStrategy: all) found a single bean 'transactionManager' (OnBeanCondition)

   TransactionAutoConfiguration.TransactionTemplateConfiguration#transactionTemplate matched:
      - @ConditionalOnMissingBean (types: org.springframework.transaction.support.TransactionOperations; SearchStrategy: all) did not find any beans (OnBeanCondition)

   TransactionManagerCustomizationAutoConfiguration matched:
      - @ConditionalOnClass found required class 'org.springframework.transaction.PlatformTransactionManager' (OnClassCondition)

   TransactionManagerCustomizationAutoConfiguration#platformTransactionManagerCustomizers matched:
      - @ConditionalOnMissingBean (types: org.springframework.boot.autoconfigure.transaction.TransactionManagerCustomizers; SearchStrategy: all) did not find any beans (OnBeanCondition)

   ValidationAutoConfiguration matched:
      - @ConditionalOnClass found required class 'jakarta.validation.executable.ExecutableValidator' (OnClassCondition)
      - @ConditionalOnResource found location classpath:META-INF/services/jakarta.validation.spi.ValidationProvider (OnResourceCondition)

   ValidationAutoConfiguration#defaultValidator matched:
      - @ConditionalOnMissingBean (types: jakarta.validation.Validator; SearchStrategy: all) did not find any beans (OnBeanCondition)

   ValidationAutoConfiguration#methodValidationPostProcessor matched:
      - @ConditionalOnMissingBean (types: org.springframework.validation.beanvalidation.MethodValidationPostProcessor; SearchStrategy: current) did not find any beans (OnBeanCondition)

   WebMvcAutoConfiguration matched:
      - @ConditionalOnClass found required classes 'jakarta.servlet.Servlet', 'org.springframework.web.servlet.DispatcherServlet', 'org.springframework.web.servlet.config.annotation.WebMvcConfigurer' (OnClassCondition)
      - found 'session' scope (OnWebApplicationCondition)
      - @ConditionalOnMissingBean (types: org.springframework.web.servlet.config.annotation.WebMvcConfigurationSupport; SearchStrategy: all) did not find any beans (OnBeanCondition)

   WebMvcAutoConfiguration#formContentFilter matched:
      - @ConditionalOnProperty (spring.mvc.formcontent.filter.enabled) matched (OnPropertyCondition)
      - @ConditionalOnMissingBean (types: org.springframework.web.filter.FormContentFilter; SearchStrategy: all) did not find any beans (OnBeanCondition)

   WebMvcAutoConfiguration.EnableWebMvcConfiguration#flashMapManager matched:
      - @ConditionalOnMissingBean (names: flashMapManager; SearchStrategy: all) did not find any beans (OnBeanCondition)

   WebMvcAutoConfiguration.EnableWebMvcConfiguration#localeResolver matched:
      - @ConditionalOnMissingBean (names: localeResolver; SearchStrategy: all) did not find any beans (OnBeanCondition)

   WebMvcAutoConfiguration.EnableWebMvcConfiguration#themeResolver matched:
      - @ConditionalOnMissingBean (names: themeResolver; SearchStrategy: all) did not find any beans (OnBeanCondition)

   WebMvcAutoConfiguration.WebMvcAutoConfigurationAdapter#defaultViewResolver matched:
      - @ConditionalOnMissingBean (types: org.springframework.web.servlet.view.InternalResourceViewResolver; SearchStrategy: all) did not find any beans (OnBeanCondition)

   WebMvcAutoConfiguration.WebMvcAutoConfigurationAdapter#requestContextFilter matched:
      - @ConditionalOnMissingBean (types: org.springframework.web.context.request.RequestContextListener,org.springframework.web.filter.RequestContextFilter; SearchStrategy: all) did not find any beans (OnBeanCondition)

   WebMvcAutoConfiguration.WebMvcAutoConfigurationAdapter#viewResolver matched:
      - @ConditionalOnBean (types: org.springframework.web.servlet.ViewResolver; SearchStrategy: all) found beans 'defaultViewResolver', 'beanNameViewResolver', 'mvcViewResolver'; @ConditionalOnMissingBean (names: viewResolver types: org.springframework.web.servlet.view.ContentNegotiatingViewResolver; SearchStrategy: all) did not find any beans (OnBeanCondition)

   WebSocketServletAutoConfiguration matched:
      - @ConditionalOnClass found required classes 'jakarta.servlet.Servlet', 'jakarta.websocket.server.ServerContainer' (OnClassCondition)
      - found 'session' scope (OnWebApplicationCondition)

   WebSocketServletAutoConfiguration.TomcatWebSocketConfiguration matched:
      - @ConditionalOnClass found required classes 'org.apache.catalina.startup.Tomcat', 'org.apache.tomcat.websocket.server.WsSci' (OnClassCondition)

   WebSocketServletAutoConfiguration.TomcatWebSocketConfiguration#websocketServletWebServerCustomizer matched:
      - @ConditionalOnMissingBean (names: websocketServletWebServerCustomizer; SearchStrategy: all) did not find any beans (OnBeanCondition)


Negative matches:
-----------------

   ActiveMQAutoConfiguration:
      Did not match:
         - @ConditionalOnClass did not find required class 'jakarta.jms.ConnectionFactory' (OnClassCondition)

   AopAutoConfiguration.AspectJAutoProxyingConfiguration:
      Did not match:
         - @ConditionalOnClass did not find required class 'org.aspectj.weaver.Advice' (OnClassCondition)

   ArtemisAutoConfiguration:
      Did not match:
         - @ConditionalOnClass did not find required class 'jakarta.jms.ConnectionFactory' (OnClassCondition)

   BatchAutoConfiguration:
      Did not match:
         - @ConditionalOnClass did not find required class 'org.springframework.batch.core.launch.JobLauncher' (OnClassCondition)

   Cache2kCacheConfiguration:
      Did not match:
         - @ConditionalOnClass did not find required class 'org.cache2k.Cache2kBuilder' (OnClassCondition)

   CacheAutoConfiguration:
      Did not match:
         - @ConditionalOnMissingBean (names: cacheResolver types: org.springframework.cache.CacheManager; SearchStrategy: all) found beans of type 'org.springframework.cache.CacheManager' cacheManager (OnBeanCondition)
      Matched:
         - @ConditionalOnClass found required class 'org.springframework.cache.CacheManager' (OnClassCondition)

   CacheAutoConfiguration.CacheManagerEntityManagerFactoryDependsOnPostProcessor:
      Did not match:
         - @ConditionalOnClass did not find required class 'org.springframework.orm.jpa.LocalContainerEntityManagerFactoryBean' (OnClassCondition)
         - Ancestor org.springframework.boot.autoconfigure.cache.CacheAutoConfiguration did not match (ConditionEvaluationReport.AncestorsMatchedCondition)

   CaffeineCacheConfiguration:
      Did not match:
         - Cache org.springframework.boot.autoconfigure.cache.CaffeineCacheConfiguration unknown cache type (CacheCondition)
      Matched:
         - @ConditionalOnClass found required classes 'com.github.benmanes.caffeine.cache.Caffeine', 'org.springframework.cache.caffeine.CaffeineCacheManager' (OnClassCondition)

   CassandraAutoConfiguration:
      Did not match:
         - @ConditionalOnClass did not find required class 'com.datastax.oss.driver.api.core.CqlSession' (OnClassCondition)

   CassandraDataAutoConfiguration:
      Did not match:
         - @ConditionalOnClass did not find required class 'com.datastax.oss.driver.api.core.CqlSession' (OnClassCondition)

   CassandraReactiveDataAutoConfiguration:
      Did not match:
         - @ConditionalOnClass did not find required class 'com.datastax.oss.driver.api.core.CqlSession' (OnClassCondition)

   CassandraReactiveRepositoriesAutoConfiguration:
      Did not match:
         - @ConditionalOnClass did not find required class 'org.springframework.data.cassandra.ReactiveSession' (OnClassCondition)

   CassandraRepositoriesAutoConfiguration:
      Did not match:
         - @ConditionalOnClass did not find required class 'com.datastax.oss.driver.api.core.CqlSession' (OnClassCondition)

   ClientHttpConnectorAutoConfiguration:
      Did not match:
         - @ConditionalOnClass did not find required class 'org.springframework.web.reactive.function.client.WebClient' (OnClassCondition)

   CodecsAutoConfiguration:
      Did not match:
         - @ConditionalOnClass did not find required class 'org.springframework.web.reactive.function.client.WebClient' (OnClassCondition)

   CouchbaseAutoConfiguration:
      Did not match:
         - @ConditionalOnClass did not find required class 'com.couchbase.client.java.Cluster' (OnClassCondition)

   CouchbaseCacheConfiguration:
      Did not match:
         - @ConditionalOnClass did not find required class 'com.couchbase.client.java.Cluster' (OnClassCondition)

   CouchbaseDataAutoConfiguration:
      Did not match:
         - @ConditionalOnClass did not find required class 'com.couchbase.client.java.Bucket' (OnClassCondition)

   CouchbaseReactiveDataAutoConfiguration:
      Did not match:
         - @ConditionalOnClass did not find required class 'com.couchbase.client.java.Cluster' (OnClassCondition)

   CouchbaseReactiveRepositoriesAutoConfiguration:
      Did not match:
         - @ConditionalOnClass did not find required class 'com.couchbase.client.java.Cluster' (OnClassCondition)

   CouchbaseRepositoriesAutoConfiguration:
      Did not match:
         - @ConditionalOnClass did not find required class 'com.couchbase.client.java.Bucket' (OnClassCondition)

   DataSourceAutoConfiguration.EmbeddedDatabaseConfiguration:
      Did not match:
         - EmbeddedDataSource spring.datasource.url is set (DataSourceAutoConfiguration.EmbeddedDatabaseCondition)

   DataSourceCheckpointRestoreConfiguration:
      Did not match:
         - @ConditionalOnClass did not find required class 'org.crac.Resource' (OnClassCondition)

   DataSourceConfiguration.Dbcp2:
      Did not match:
         - @ConditionalOnClass did not find required class 'org.apache.commons.dbcp2.BasicDataSource' (OnClassCondition)

   DataSourceConfiguration.Generic:
      Did not match:
         - @ConditionalOnProperty (spring.datasource.type) did not find property 'spring.datasource.type' (OnPropertyCondition)

   DataSourceConfiguration.OracleUcp:
      Did not match:
         - @ConditionalOnClass did not find required classes 'oracle.ucp.jdbc.PoolDataSourceImpl', 'oracle.jdbc.OracleConnection' (OnClassCondition)

   DataSourceConfiguration.Tomcat:
      Did not match:
         - @ConditionalOnClass did not find required class 'org.apache.tomcat.jdbc.pool.DataSource' (OnClassCondition)

   DataSourceJmxConfiguration.TomcatDataSourceJmxConfiguration:
      Did not match:
         - @ConditionalOnClass did not find required class 'org.apache.tomcat.jdbc.pool.DataSourceProxy' (OnClassCondition)

   DataSourcePoolMetadataProvidersConfiguration.CommonsDbcp2PoolDataSourceMetadataProviderConfiguration:
      Did not match:
         - @ConditionalOnClass did not find required class 'org.apache.commons.dbcp2.BasicDataSource' (OnClassCondition)

   DataSourcePoolMetadataProvidersConfiguration.OracleUcpPoolDataSourceMetadataProviderConfiguration:
      Did not match:
         - @ConditionalOnClass did not find required classes 'oracle.ucp.jdbc.PoolDataSource', 'oracle.jdbc.OracleConnection' (OnClassCondition)

   DataSourcePoolMetadataProvidersConfiguration.TomcatDataSourcePoolMetadataProviderConfiguration:
      Did not match:
         - @ConditionalOnClass did not find required class 'org.apache.tomcat.jdbc.pool.DataSource' (OnClassCondition)

   DispatcherServletAutoConfiguration.DispatcherServletConfiguration#multipartResolver:
      Did not match:
         - @ConditionalOnBean (types: org.springframework.web.multipart.MultipartResolver; SearchStrategy: all) did not find any beans of type org.springframework.web.multipart.MultipartResolver (OnBeanCondition)

   ElasticsearchClientAutoConfiguration:
      Did not match:
         - @ConditionalOnClass did not find required class 'co.elastic.clients.elasticsearch.ElasticsearchClient' (OnClassCondition)

   ElasticsearchDataAutoConfiguration:
      Did not match:
         - @ConditionalOnClass did not find required class 'org.springframework.data.elasticsearch.client.elc.ElasticsearchTemplate' (OnClassCondition)

   ElasticsearchRepositoriesAutoConfiguration:
      Did not match:
         - @ConditionalOnClass did not find required class 'org.springframework.data.elasticsearch.repository.ElasticsearchRepository' (OnClassCondition)

   ElasticsearchRestClientAutoConfiguration:
      Did not match:
         - @ConditionalOnClass did not find required class 'org.elasticsearch.client.RestClientBuilder' (OnClassCondition)

   EmbeddedLdapAutoConfiguration:
      Did not match:
         - @ConditionalOnClass did not find required class 'com.unboundid.ldap.listener.InMemoryDirectoryServer' (OnClassCondition)

   EmbeddedWebServerFactoryCustomizerAutoConfiguration.JettyWebServerFactoryCustomizerConfiguration:
      Did not match:
         - @ConditionalOnClass did not find required classes 'org.eclipse.jetty.server.Server', 'org.eclipse.jetty.ee10.webapp.WebAppContext' (OnClassCondition)

   EmbeddedWebServerFactoryCustomizerAutoConfiguration.TomcatWebServerFactoryCustomizerConfiguration#tomcatVirtualThreadsProtocolHandlerCustomizer:
      Did not match:
         - @ConditionalOnThreading did not find VIRTUAL (OnThreadingCondition)

   EmbeddedWebServerFactoryCustomizerAutoConfiguration.UndertowWebServerFactoryCustomizerConfiguration:
      Did not match:
         - @ConditionalOnClass did not find required classes 'io.undertow.Undertow', 'org.xnio.SslClientAuthMode' (OnClassCondition)

   ErrorWebFluxAutoConfiguration:
      Did not match:
         - @ConditionalOnClass did not find required class 'org.springframework.web.reactive.config.WebFluxConfigurer' (OnClassCondition)

   FlywayAutoConfiguration.FlywayConfiguration#oracleFlywayConfigurationCustomizer:
      Did not match:
         - @ConditionalOnClass did not find required class 'org.flywaydb.database.oracle.OracleConfigurationExtension' (OnClassCondition)

   FlywayAutoConfiguration.FlywayConfiguration#sqlServerFlywayConfigurationCustomizer:
      Did not match:
         - @ConditionalOnClass did not find required class 'org.flywaydb.database.sqlserver.SQLServerConfigurationExtension' (OnClassCondition)

   FreeMarkerAutoConfiguration:
      Did not match:
         - @ConditionalOnClass did not find required class 'freemarker.template.Configuration' (OnClassCondition)

   GenericCacheConfiguration:
      Did not match:
         - Cache org.springframework.boot.autoconfigure.cache.GenericCacheConfiguration unknown cache type (CacheCondition)

   GraphQlAutoConfiguration:
      Did not match:
         - @ConditionalOnClass did not find required class 'graphql.GraphQL' (OnClassCondition)

   GraphQlQueryByExampleAutoConfiguration:
      Did not match:
         - @ConditionalOnClass did not find required class 'graphql.GraphQL' (OnClassCondition)

   GraphQlQuerydslAutoConfiguration:
      Did not match:
         - @ConditionalOnClass did not find required class 'com.querydsl.core.Query' (OnClassCondition)

   GraphQlRSocketAutoConfiguration:
      Did not match:
         - @ConditionalOnClass did not find required class 'graphql.GraphQL' (OnClassCondition)

   GraphQlReactiveQueryByExampleAutoConfiguration:
      Did not match:
         - @ConditionalOnClass did not find required class 'graphql.GraphQL' (OnClassCondition)

   GraphQlReactiveQuerydslAutoConfiguration:
      Did not match:
         - @ConditionalOnClass did not find required class 'com.querydsl.core.Query' (OnClassCondition)

   GraphQlWebFluxAutoConfiguration:
      Did not match:
         - @ConditionalOnClass did not find required class 'graphql.GraphQL' (OnClassCondition)

   GraphQlWebFluxSecurityAutoConfiguration:
      Did not match:
         - @ConditionalOnClass did not find required class 'graphql.GraphQL' (OnClassCondition)

   GraphQlWebMvcAutoConfiguration:
      Did not match:
         - @ConditionalOnClass did not find required class 'graphql.GraphQL' (OnClassCondition)

   GraphQlWebMvcSecurityAutoConfiguration:
      Did not match:
         - @ConditionalOnClass did not find required class 'graphql.GraphQL' (OnClassCondition)

   GroovyTemplateAutoConfiguration:
      Did not match:
         - @ConditionalOnClass did not find required class 'groovy.text.markup.MarkupTemplateEngine' (OnClassCondition)

   GsonHttpMessageConvertersConfiguration.GsonHttpMessageConverterConfiguration:
      Did not match:
         - AnyNestedCondition 0 matched 2 did not; NestedCondition on GsonHttpMessageConvertersConfiguration.PreferGsonOrJacksonAndJsonbUnavailableCondition.JacksonJsonbUnavailable NoneNestedConditions 1 matched 1 did not; NestedCondition on GsonHttpMessageConvertersConfiguration.JacksonAndJsonbUnavailableCondition.JsonbPreferred @ConditionalOnProperty (spring.mvc.converters.preferred-json-mapper=jsonb) did not find property 'spring.mvc.converters.preferred-json-mapper'; NestedCondition on GsonHttpMessageConvertersConfiguration.JacksonAndJsonbUnavailableCondition.JacksonAvailable @ConditionalOnBean (types: org.springframework.http.converter.json.MappingJackson2HttpMessageConverter; SearchStrategy: all) found bean 'mappingJackson2HttpMessageConverter'; NestedCondition on GsonHttpMessageConvertersConfiguration.PreferGsonOrJacksonAndJsonbUnavailableCondition.GsonPreferred @ConditionalOnProperty (spring.mvc.converters.preferred-json-mapper=gson) did not find property 'spring.mvc.converters.preferred-json-mapper' (GsonHttpMessageConvertersConfiguration.PreferGsonOrJacksonAndJsonbUnavailableCondition)

   H2ConsoleAutoConfiguration:
      Did not match:
         - @ConditionalOnClass did not find required class 'org.h2.server.web.JakartaWebServlet' (OnClassCondition)

   HazelcastAutoConfiguration:
      Did not match:
         - @ConditionalOnClass did not find required class 'com.hazelcast.core.HazelcastInstance' (OnClassCondition)

   HazelcastCacheConfiguration:
      Did not match:
         - @ConditionalOnClass did not find required class 'com.hazelcast.core.HazelcastInstance' (OnClassCondition)

   HazelcastJpaDependencyAutoConfiguration:
      Did not match:
         - @ConditionalOnClass did not find required class 'com.hazelcast.core.HazelcastInstance' (OnClassCondition)

   HibernateJpaAutoConfiguration:
      Did not match:
         - @ConditionalOnClass did not find required class 'jakarta.persistence.EntityManager' (OnClassCondition)

   HttpHandlerAutoConfiguration:
      Did not match:
         - @ConditionalOnClass did not find required class 'org.springframework.web.reactive.DispatcherHandler' (OnClassCondition)

   HypermediaAutoConfiguration:
      Did not match:
         - @ConditionalOnClass did not find required class 'org.springframework.hateoas.EntityModel' (OnClassCondition)

   IdentifierGeneratorAutoConfiguration:
      Did not match:
         - @ConditionalOnClass did not find required class 'org.springframework.cloud.commons.util.InetUtils' (OnClassCondition)

   InfinispanCacheConfiguration:
      Did not match:
         - @ConditionalOnClass did not find required class 'org.infinispan.spring.embedded.provider.SpringEmbeddedCacheManager' (OnClassCondition)

   InfluxDbAutoConfiguration:
      Did not match:
         - @ConditionalOnClass did not find required class 'org.influxdb.InfluxDB' (OnClassCondition)

   IntegrationAutoConfiguration:
      Did not match:
         - @ConditionalOnClass did not find required class 'org.springframework.integration.config.EnableIntegration' (OnClassCondition)

   JCacheCacheConfiguration:
      Did not match:
         - @ConditionalOnClass did not find required class 'javax.cache.Caching' (OnClassCondition)

   JdbcRepositoriesAutoConfiguration:
      Did not match:
         - @ConditionalOnClass did not find required class 'org.springframework.data.jdbc.repository.config.AbstractJdbcConfiguration' (OnClassCondition)

   JedisConnectionConfiguration:
      Did not match:
         - @ConditionalOnClass did not find required classes 'org.apache.commons.pool2.impl.GenericObjectPool', 'redis.clients.jedis.Jedis' (OnClassCondition)

   JerseyAutoConfiguration:
      Did not match:
         - @ConditionalOnClass did not find required class 'org.glassfish.jersey.server.spring.SpringComponentProvider' (OnClassCondition)

   JmsAutoConfiguration:
      Did not match:
         - @ConditionalOnClass did not find required class 'jakarta.jms.Message' (OnClassCondition)

   JndiConnectionFactoryAutoConfiguration:
      Did not match:
         - @ConditionalOnClass did not find required class 'org.springframework.jms.core.JmsTemplate' (OnClassCondition)

   JndiDataSourceAutoConfiguration:
      Did not match:
         - @ConditionalOnProperty (spring.datasource.jndi-name) did not find property 'jndi-name' (OnPropertyCondition)
      Matched:
         - @ConditionalOnClass found required classes 'javax.sql.DataSource', 'org.springframework.jdbc.datasource.embedded.EmbeddedDatabaseType' (OnClassCondition)

   JooqAutoConfiguration:
      Did not match:
         - @ConditionalOnClass did not find required class 'org.jooq.DSLContext' (OnClassCondition)

   JpaRepositoriesAutoConfiguration:
      Did not match:
         - @ConditionalOnClass did not find required class 'org.springframework.data.jpa.repository.JpaRepository' (OnClassCondition)

   JsonbAutoConfiguration:
      Did not match:
         - @ConditionalOnClass did not find required class 'jakarta.json.bind.Jsonb' (OnClassCondition)

   JsonbHttpMessageConvertersConfiguration:
      Did not match:
         - @ConditionalOnClass did not find required class 'jakarta.json.bind.Jsonb' (OnClassCondition)

   JtaAutoConfiguration:
      Did not match:
         - @ConditionalOnClass did not find required class 'jakarta.transaction.Transaction' (OnClassCondition)

   KafkaAutoConfiguration:
      Did not match:
         - @ConditionalOnClass did not find required class 'org.springframework.kafka.core.KafkaTemplate' (OnClassCondition)

   LdapAutoConfiguration:
      Did not match:
         - @ConditionalOnClass did not find required class 'org.springframework.ldap.core.ContextSource' (OnClassCondition)

   LdapRepositoriesAutoConfiguration:
      Did not match:
         - @ConditionalOnClass did not find required class 'org.springframework.data.ldap.repository.LdapRepository' (OnClassCondition)

   LettuceConnectionConfiguration#redisConnectionFactoryVirtualThreads:
      Did not match:
         - @ConditionalOnMissingBean (types: org.springframework.data.redis.connection.RedisConnectionFactory; SearchStrategy: all) found beans of type 'org.springframework.data.redis.connection.RedisConnectionFactory' redisConnectionFactory (OnBeanCondition)

   LiquibaseAutoConfiguration:
      Did not match:
         - @ConditionalOnClass did not find required class 'liquibase.change.DatabaseChange' (OnClassCondition)

   MailSenderAutoConfiguration:
      Did not match:
         - @ConditionalOnClass did not find required class 'jakarta.mail.internet.MimeMessage' (OnClassCondition)

   MailSenderValidatorAutoConfiguration:
      Did not match:
         - @ConditionalOnProperty (spring.mail.test-connection) did not find property 'test-connection' (OnPropertyCondition)

   MessageSourceAutoConfiguration:
      Did not match:
         - ResourceBundle did not find bundle with basename messages (MessageSourceAutoConfiguration.ResourceBundleCondition)

   MongoAutoConfiguration:
      Did not match:
         - @ConditionalOnClass did not find required class 'com.mongodb.client.MongoClient' (OnClassCondition)

   MongoDataAutoConfiguration:
      Did not match:
         - @ConditionalOnClass did not find required class 'com.mongodb.client.MongoClient' (OnClassCondition)

   MongoReactiveAutoConfiguration:
      Did not match:
         - @ConditionalOnClass did not find required class 'com.mongodb.reactivestreams.client.MongoClient' (OnClassCondition)

   MongoReactiveDataAutoConfiguration:
      Did not match:
         - @ConditionalOnClass did not find required class 'com.mongodb.reactivestreams.client.MongoClient' (OnClassCondition)

   MongoReactiveRepositoriesAutoConfiguration:
      Did not match:
         - @ConditionalOnClass did not find required class 'com.mongodb.reactivestreams.client.MongoClient' (OnClassCondition)

   MongoRepositoriesAutoConfiguration:
      Did not match:
         - @ConditionalOnClass did not find required class 'com.mongodb.client.MongoClient' (OnClassCondition)

   MultipleOpenApiSupportConfiguration:
      Did not match:
         - AnyNestedCondition 0 matched 2 did not; NestedCondition on MultipleOpenApiSupportCondition.OnActuatorDifferentPort @ConditionalOnProperty (springdoc.show-actuator) did not find property 'springdoc.show-actuator'; NestedCondition on MultipleOpenApiSupportCondition.OnMultipleOpenApiSupportCondition AnyNestedCondition 0 matched 2 did not; NestedCondition on MultipleOpenApiGroupsCondition.OnGroupConfigProperty @ConditionalOnProperty (springdoc.group-configs[0].group) did not find property 'springdoc.group-configs[0].group'; NestedCondition on MultipleOpenApiGroupsCondition.OnGroupedOpenApiBean @ConditionalOnBean (types: org.springdoc.core.models.GroupedOpenApi; SearchStrategy: all) did not find any beans of type org.springdoc.core.models.GroupedOpenApi (MultipleOpenApiSupportCondition)
      Matched:
         - found 'session' scope (OnWebApplicationCondition)
         - @ConditionalOnProperty (springdoc.api-docs.enabled) matched (OnPropertyCondition)

   MultipleOpenApiSupportConfiguration.SpringDocWebMvcActuatorDifferentConfiguration:
      Did not match:
         - @ConditionalOnClass did not find required class 'org.springframework.boot.actuate.endpoint.web.servlet.WebMvcEndpointHandlerMapping' (OnClassCondition)
         - Ancestor org.springdoc.webmvc.core.configuration.MultipleOpenApiSupportConfiguration did not match (ConditionEvaluationReport.AncestorsMatchedCondition)

   MustacheAutoConfiguration:
      Did not match:
         - @ConditionalOnClass did not find required class 'com.samskivert.mustache.Mustache' (OnClassCondition)

   MybatisPlusAutoConfiguration.MapperScannerRegistrarNotFoundConfiguration:
      Did not match:
         - @ConditionalOnMissingBean (types: org.mybatis.spring.mapper.MapperFactoryBean,org.mybatis.spring.mapper.MapperScannerConfigurer; SearchStrategy: all) found beans of type 'org.mybatis.spring.mapper.MapperScannerConfigurer' com.student.ImkqasApplication#MapperScannerRegistrar#0 (OnBeanCondition)

   MybatisPlusInnerInterceptorAutoConfiguration:
      Did not match:
         - @ConditionalOnBean (types: com.baomidou.mybatisplus.extension.plugins.inner.InnerInterceptor; SearchStrategy: all) did not find any beans of type com.baomidou.mybatisplus.extension.plugins.inner.InnerInterceptor (OnBeanCondition)

   MybatisPlusLanguageDriverAutoConfiguration.FreeMarkerConfiguration:
      Did not match:
         - @ConditionalOnClass did not find required classes 'org.mybatis.scripting.freemarker.FreeMarkerLanguageDriver', 'org.mybatis.scripting.freemarker.FreeMarkerLanguageDriverConfig' (OnClassCondition)

   MybatisPlusLanguageDriverAutoConfiguration.LegacyFreeMarkerConfiguration:
      Did not match:
         - @ConditionalOnClass did not find required class 'org.mybatis.scripting.freemarker.FreeMarkerLanguageDriver' (OnClassCondition)

   MybatisPlusLanguageDriverAutoConfiguration.LegacyVelocityConfiguration:
      Did not match:
         - @ConditionalOnClass did not find required class 'org.mybatis.scripting.velocity.Driver' (OnClassCondition)

   MybatisPlusLanguageDriverAutoConfiguration.ThymeleafConfiguration:
      Did not match:
         - @ConditionalOnClass did not find required class 'org.mybatis.scripting.thymeleaf.ThymeleafLanguageDriver' (OnClassCondition)

   MybatisPlusLanguageDriverAutoConfiguration.VelocityConfiguration:
      Did not match:
         - @ConditionalOnClass did not find required classes 'org.mybatis.scripting.velocity.VelocityLanguageDriver', 'org.mybatis.scripting.velocity.VelocityLanguageDriverConfig' (OnClassCondition)

   Neo4jAutoConfiguration:
      Did not match:
         - @ConditionalOnClass did not find required class 'org.neo4j.driver.Driver' (OnClassCondition)

   Neo4jDataAutoConfiguration:
      Did not match:
         - @ConditionalOnClass did not find required class 'org.neo4j.driver.Driver' (OnClassCondition)

   Neo4jReactiveDataAutoConfiguration:
      Did not match:
         - @ConditionalOnClass did not find required class 'org.neo4j.driver.Driver' (OnClassCondition)

   Neo4jReactiveRepositoriesAutoConfiguration:
      Did not match:
         - @ConditionalOnClass did not find required class 'org.neo4j.driver.Driver' (OnClassCondition)

   Neo4jRepositoriesAutoConfiguration:
      Did not match:
         - @ConditionalOnClass did not find required class 'org.neo4j.driver.Driver' (OnClassCondition)

   NoOpCacheConfiguration:
      Did not match:
         - Cache org.springframework.boot.autoconfigure.cache.NoOpCacheConfiguration unknown cache type (CacheCondition)

   OAuth2AuthorizationServerAutoConfiguration:
      Did not match:
         - @ConditionalOnClass did not find required class 'org.springframework.security.oauth2.server.authorization.OAuth2Authorization' (OnClassCondition)

   OAuth2AuthorizationServerJwtAutoConfiguration:
      Did not match:
         - @ConditionalOnClass did not find required class 'org.springframework.security.oauth2.server.authorization.OAuth2Authorization' (OnClassCondition)

   OAuth2ClientAutoConfiguration:
      Did not match:
         - @ConditionalOnClass did not find required class 'org.springframework.security.oauth2.client.registration.ClientRegistration' (OnClassCondition)

   OAuth2ResourceServerAutoConfiguration:
      Did not match:
         - @ConditionalOnClass did not find required class 'org.springframework.security.oauth2.server.resource.authentication.BearerTokenAuthenticationToken' (OnClassCondition)

   ProjectInfoAutoConfiguration#buildProperties:
      Did not match:
         - @ConditionalOnResource did not find resource '${spring.info.build.location:classpath:META-INF/build-info.properties}' (OnResourceCondition)

   ProjectInfoAutoConfiguration#gitProperties:
      Did not match:
         - GitResource did not find git info at classpath:git.properties (ProjectInfoAutoConfiguration.GitResourceAvailableCondition)

   PulsarAutoConfiguration:
      Did not match:
         - @ConditionalOnClass did not find required class 'org.apache.pulsar.client.api.PulsarClient' (OnClassCondition)

   PulsarReactiveAutoConfiguration:
      Did not match:
         - @ConditionalOnClass did not find required class 'org.apache.pulsar.client.api.PulsarClient' (OnClassCondition)

   QuartzAutoConfiguration:
      Did not match:
         - @ConditionalOnClass did not find required class 'org.quartz.Scheduler' (OnClassCondition)

   R2dbcAutoConfiguration:
      Did not match:
         - @ConditionalOnClass did not find required class 'io.r2dbc.spi.ConnectionFactory' (OnClassCondition)

   R2dbcDataAutoConfiguration:
      Did not match:
         - @ConditionalOnClass did not find required class 'org.springframework.data.r2dbc.core.R2dbcEntityTemplate' (OnClassCondition)

   R2dbcInitializationConfiguration:
      Did not match:
         - @ConditionalOnClass did not find required classes 'io.r2dbc.spi.ConnectionFactory', 'org.springframework.r2dbc.connection.init.DatabasePopulator' (OnClassCondition)

   R2dbcRepositoriesAutoConfiguration:
      Did not match:
         - @ConditionalOnClass did not find required class 'io.r2dbc.spi.ConnectionFactory' (OnClassCondition)

   R2dbcTransactionManagerAutoConfiguration:
      Did not match:
         - @ConditionalOnClass did not find required class 'org.springframework.r2dbc.connection.R2dbcTransactionManager' (OnClassCondition)

   RSocketGraphQlClientAutoConfiguration:
      Did not match:
         - @ConditionalOnClass did not find required class 'graphql.GraphQL' (OnClassCondition)

   RSocketMessagingAutoConfiguration:
      Did not match:
         - @ConditionalOnClass did not find required class 'io.rsocket.RSocket' (OnClassCondition)

   RSocketRequesterAutoConfiguration:
      Did not match:
         - @ConditionalOnClass did not find required class 'io.rsocket.RSocket' (OnClassCondition)

   RSocketSecurityAutoConfiguration:
      Did not match:
         - @ConditionalOnClass did not find required class 'org.springframework.security.rsocket.core.SecuritySocketAcceptorInterceptor' (OnClassCondition)

   RSocketServerAutoConfiguration:
      Did not match:
         - @ConditionalOnClass did not find required class 'io.rsocket.core.RSocketServer' (OnClassCondition)

   RSocketStrategiesAutoConfiguration:
      Did not match:
         - @ConditionalOnClass did not find required class 'io.rsocket.RSocket' (OnClassCondition)

   RabbitAnnotationDrivenConfiguration#directRabbitListenerContainerFactory:
      Did not match:
         - @ConditionalOnProperty (spring.rabbitmq.listener.type=direct) did not find property 'type' (OnPropertyCondition)

   RabbitAnnotationDrivenConfiguration#directRabbitListenerContainerFactoryConfigurerVirtualThreads:
      Did not match:
         - @ConditionalOnMissingBean (types: org.springframework.boot.autoconfigure.amqp.DirectRabbitListenerContainerFactoryConfigurer; SearchStrategy: all) found beans of type 'org.springframework.boot.autoconfigure.amqp.DirectRabbitListenerContainerFactoryConfigurer' directRabbitListenerContainerFactoryConfigurer (OnBeanCondition)

   RabbitAnnotationDrivenConfiguration#simpleRabbitListenerContainerFactoryConfigurerVirtualThreads:
      Did not match:
         - @ConditionalOnMissingBean (types: org.springframework.boot.autoconfigure.amqp.SimpleRabbitListenerContainerFactoryConfigurer; SearchStrategy: all) found beans of type 'org.springframework.boot.autoconfigure.amqp.SimpleRabbitListenerContainerFactoryConfigurer' simpleRabbitListenerContainerFactoryConfigurer (OnBeanCondition)

   RabbitMQConfig:
      Did not match:
         - @ConditionalOnProperty (imkqas.query-rewrite.synonym-expansion.mq-enabled=true) did not find property 'imkqas.query-rewrite.synonym-expansion.mq-enabled' (OnPropertyCondition)

   RabbitStreamConfiguration:
      Did not match:
         - @ConditionalOnClass did not find required class 'org.springframework.rabbit.stream.config.StreamRabbitListenerContainerFactory' (OnClassCondition)

   ReactiveElasticsearchClientAutoConfiguration:
      Did not match:
         - @ConditionalOnClass did not find required class 'co.elastic.clients.transport.ElasticsearchTransport' (OnClassCondition)

   ReactiveElasticsearchRepositoriesAutoConfiguration:
      Did not match:
         - @ConditionalOnClass did not find required class 'org.springframework.data.elasticsearch.client.elc.ReactiveElasticsearchClient' (OnClassCondition)

   ReactiveMultipartAutoConfiguration:
      Did not match:
         - @ConditionalOnClass did not find required class 'org.springframework.web.reactive.config.WebFluxConfigurer' (OnClassCondition)

   ReactiveOAuth2ClientAutoConfiguration:
      Did not match:
         - @ConditionalOnClass did not find required class 'org.springframework.security.oauth2.client.registration.ClientRegistration' (OnClassCondition)

   ReactiveOAuth2ResourceServerAutoConfiguration:
      Did not match:
         - @ConditionalOnWebApplication did not find reactive web application classes (OnWebApplicationCondition)

   ReactiveSecurityAutoConfiguration:
      Did not match:
         - @ConditionalOnClass did not find required class 'org.springframework.web.reactive.config.WebFluxConfigurer' (OnClassCondition)

   ReactiveUserDetailsServiceAutoConfiguration:
      Did not match:
         - AnyNestedCondition 0 matched 2 did not; NestedCondition on ReactiveUserDetailsServiceAutoConfiguration.RSocketEnabledOrReactiveWebApplication.ReactiveWebApplicationCondition did not find reactive web application classes; NestedCondition on ReactiveUserDetailsServiceAutoConfiguration.RSocketEnabledOrReactiveWebApplication.RSocketSecurityEnabledCondition @ConditionalOnBean (types: org.springframework.messaging.rsocket.annotation.support.RSocketMessageHandler; SearchStrategy: all) did not find any beans of type org.springframework.messaging.rsocket.annotation.support.RSocketMessageHandler (ReactiveUserDetailsServiceAutoConfiguration.RSocketEnabledOrReactiveWebApplication)
      Matched:
         - @ConditionalOnClass found required class 'org.springframework.security.authentication.ReactiveAuthenticationManager' (OnClassCondition)
         - AnyNestedCondition 1 matched 2 did not; NestedCondition on ReactiveUserDetailsServiceAutoConfiguration.MissingAlternativeOrUserPropertiesConfigured.PasswordConfigured @ConditionalOnProperty (spring.security.user.password) did not find property 'password'; NestedCondition on ReactiveUserDetailsServiceAutoConfiguration.MissingAlternativeOrUserPropertiesConfigured.NameConfigured @ConditionalOnProperty (spring.security.user.name) did not find property 'name'; NestedCondition on ReactiveUserDetailsServiceAutoConfiguration.MissingAlternativeOrUserPropertiesConfigured.MissingAlternative @ConditionalOnMissingClass did not find unwanted classes 'org.springframework.security.oauth2.client.registration.ClientRegistrationRepository', 'org.springframework.security.oauth2.server.resource.introspection.ReactiveOpaqueTokenIntrospector' (ReactiveUserDetailsServiceAutoConfiguration.MissingAlternativeOrUserPropertiesConfigured)

   ReactiveWebServerFactoryAutoConfiguration:
      Did not match:
         - @ConditionalOnWebApplication did not find reactive web application classes (OnWebApplicationCondition)

   RedisAutoConfiguration#redisTemplate:
      Did not match:
         - @ConditionalOnMissingBean (names: redisTemplate; SearchStrategy: all) found beans named redisTemplate (OnBeanCondition)

   RepositoryRestMvcAutoConfiguration:
      Did not match:
         - @ConditionalOnClass did not find required class 'org.springframework.data.rest.webmvc.config.RepositoryRestMvcConfiguration' (OnClassCondition)

   Saml2RelyingPartyAutoConfiguration:
      Did not match:
         - @ConditionalOnClass did not find required class 'org.springframework.security.saml2.provider.service.registration.RelyingPartyRegistrationRepository' (OnClassCondition)

   SecurityDataConfiguration:
      Did not match:
         - @ConditionalOnClass did not find required class 'org.springframework.security.data.repository.query.SecurityEvaluationContextExtension' (OnClassCondition)

   SendGridAutoConfiguration:
      Did not match:
         - @ConditionalOnClass did not find required class 'com.sendgrid.SendGrid' (OnClassCondition)

   ServletWebServerFactoryAutoConfiguration.ForwardedHeaderFilterConfiguration:
      Did not match:
         - @ConditionalOnProperty (server.forward-headers-strategy=framework) did not find property 'server.forward-headers-strategy' (OnPropertyCondition)

   ServletWebServerFactoryConfiguration.EmbeddedJetty:
      Did not match:
         - @ConditionalOnClass did not find required classes 'org.eclipse.jetty.server.Server', 'org.eclipse.jetty.ee10.webapp.WebAppContext' (OnClassCondition)

   ServletWebServerFactoryConfiguration.EmbeddedUndertow:
      Did not match:
         - @ConditionalOnClass did not find required classes 'io.undertow.Undertow', 'org.xnio.SslClientAuthMode' (OnClassCondition)

   SessionAutoConfiguration:
      Did not match:
         - @ConditionalOnClass did not find required class 'org.springframework.session.Session' (OnClassCondition)

   SimpleCacheConfiguration:
      Did not match:
         - Cache org.springframework.boot.autoconfigure.cache.SimpleCacheConfiguration unknown cache type (CacheCondition)

   SpringBootWebSecurityConfiguration.SecurityFilterChainConfiguration:
      Did not match:
         - AllNestedConditions 1 matched 1 did not; NestedCondition on DefaultWebSecurityCondition.Beans @ConditionalOnMissingBean (types: org.springframework.security.web.SecurityFilterChain; SearchStrategy: all) found beans of type 'org.springframework.security.web.SecurityFilterChain' filterChain; NestedCondition on DefaultWebSecurityCondition.Classes @ConditionalOnClass found required classes 'org.springframework.security.web.SecurityFilterChain', 'org.springframework.security.config.annotation.web.builders.HttpSecurity' (DefaultWebSecurityCondition)

   SpringBootWebSecurityConfiguration.WebSecurityEnablerConfiguration:
      Did not match:
         - @ConditionalOnMissingBean (names: springSecurityFilterChain; SearchStrategy: all) found beans named springSecurityFilterChain (OnBeanCondition)
      Matched:
         - @ConditionalOnClass found required class 'org.springframework.security.config.annotation.web.configuration.EnableWebSecurity' (OnClassCondition)

   SpringDocConfiguration#propertiesResolverForSchema:
      Did not match:
         - @ConditionalOnProperty (springdoc.api-docs.resolve-schema-properties) did not find property 'springdoc.api-docs.resolve-schema-properties' (OnPropertyCondition)

   SpringDocConfiguration#propertyCustomizingConverter:
      Did not match:
         - @ConditionalOnBean (types: org.springdoc.core.customizers.PropertyCustomizer; SearchStrategy: all) did not find any beans of type org.springdoc.core.customizers.PropertyCustomizer (OnBeanCondition)

   SpringDocConfiguration#springdocBeanFactoryPostProcessor:
      Did not match:
         - AnyNestedCondition 0 matched 2 did not; NestedCondition on CacheOrGroupedOpenApiCondition.OnCacheDisabled found non-matching nested conditions @ConditionalOnProperty (springdoc.cache.disabled) did not find property 'springdoc.cache.disabled'; NestedCondition on CacheOrGroupedOpenApiCondition.OnMultipleOpenApiSupportCondition AnyNestedCondition 0 matched 2 did not; NestedCondition on MultipleOpenApiSupportCondition.OnActuatorDifferentPort @ConditionalOnProperty (springdoc.show-actuator) did not find property 'springdoc.show-actuator'; NestedCondition on MultipleOpenApiSupportCondition.OnMultipleOpenApiSupportCondition AnyNestedCondition 0 matched 2 did not; NestedCondition on MultipleOpenApiGroupsCondition.OnGroupConfigProperty @ConditionalOnProperty (springdoc.group-configs[0].group) did not find property 'springdoc.group-configs[0].group'; NestedCondition on MultipleOpenApiGroupsCondition.OnGroupedOpenApiBean @ConditionalOnBean (types: org.springdoc.core.models.GroupedOpenApi; SearchStrategy: all) did not find any beans of type org.springdoc.core.models.GroupedOpenApi (CacheOrGroupedOpenApiCondition)
      Matched:
         - @ConditionalOnClass found required class 'org.springframework.boot.context.properties.bind.BindResult' (OnClassCondition)

   SpringDocConfiguration#springdocBeanFactoryPostProcessor2:
      Did not match:
         - @ConditionalOnMissingClass found unwanted class 'org.springframework.boot.context.properties.bind.BindResult' (OnClassCondition)

   SpringDocConfiguration.SpringDocActuatorConfiguration:
      Did not match:
         - @ConditionalOnClass did not find required class 'org.springframework.boot.actuate.autoconfigure.endpoint.web.WebEndpointProperties' (OnClassCondition)

   SpringDocConfiguration.SpringDocRepositoryRestConfiguration:
      Did not match:
         - @ConditionalOnClass did not find required class 'org.springframework.data.rest.core.config.RepositoryRestConfiguration' (OnClassCondition)

   SpringDocDataRestConfiguration:
      Did not match:
         - @ConditionalOnClass did not find required class 'org.springframework.data.rest.core.config.RepositoryRestConfiguration' (OnClassCondition)

   SpringDocFunctionCatalogConfiguration:
      Did not match:
         - @ConditionalOnClass did not find required class 'org.springframework.cloud.function.web.function.FunctionEndpointInitializer' (OnClassCondition)

   SpringDocGroovyConfiguration:
      Did not match:
         - @ConditionalOnClass did not find required class 'groovy.lang.MetaClass' (OnClassCondition)

   SpringDocHateoasConfiguration:
      Did not match:
         - @ConditionalOnClass did not find required class 'org.springframework.hateoas.server.LinkRelationProvider' (OnClassCondition)

   SpringDocJacksonKotlinModuleConfiguration:
      Did not match:
         - @ConditionalOnClass did not find required class 'com.fasterxml.jackson.module.kotlin.KotlinModule' (OnClassCondition)

   SpringDocJavadocConfiguration:
      Did not match:
         - @ConditionalOnClass did not find required class 'com.github.therapi.runtimejavadoc.CommentFormatter' (OnClassCondition)

   SpringDocKotlinxConfiguration:
      Did not match:
         - @ConditionalOnClass did not find required class 'kotlinx.coroutines.flow.Flow' (OnClassCondition)

   SpringDocSecurityConfiguration.SpringDocSecurityOAuth2Configuration:
      Did not match:
         - @ConditionalOnClass did not find required class 'org.springframework.security.oauth2.server.authorization.OAuth2AuthorizationService' (OnClassCondition)

   SpringDocSecurityConfiguration.SpringSecurityLoginEndpointConfiguration#springSecurityLoginEndpointCustomiser:
      Did not match:
         - @ConditionalOnProperty (springdoc.show-login-endpoint) did not find property 'springdoc.show-login-endpoint' (OnPropertyCondition)

   SpringDocSortConfiguration#delegatingMethodParameterCustomizer:
      Did not match:
         - @ConditionalOnMissingBean (types: org.springdoc.core.customizers.DelegatingMethodParameterCustomizer; SearchStrategy: all) found beans of type 'org.springdoc.core.customizers.DelegatingMethodParameterCustomizer' delegatingMethodParameterCustomizer (OnBeanCondition)

   SpringDocWebMvcConfiguration.SpringDocWebMvcActuatorConfiguration:
      Did not match:
         - @ConditionalOnClass did not find required class 'org.springframework.boot.actuate.endpoint.web.servlet.WebMvcEndpointHandlerMapping' (OnClassCondition)

   SwaggerConfig#springWebProvider:
      Did not match:
         - @ConditionalOnMissingBean (types: org.springdoc.core.providers.SpringWebProvider; SearchStrategy: all) found beans of type 'org.springdoc.core.providers.SpringWebProvider' springWebProvider (OnBeanCondition)

   SwaggerConfig#swaggerUiConfigParameters:
      Did not match:
         - @ConditionalOnMissingBean (types: org.springdoc.core.properties.SwaggerUiConfigParameters; SearchStrategy: all) found beans of type 'org.springdoc.core.properties.SwaggerUiConfigParameters' org.springdoc.core.properties.SwaggerUiConfigParameters (OnBeanCondition)

   SwaggerConfig#swaggerUiHome:
      Did not match:
         - @ConditionalOnProperty (springdoc.swagger-ui.use-root-path=true) did not find property 'springdoc.swagger-ui.use-root-path' (OnPropertyCondition)

   SwaggerConfig.SwaggerActuatorWelcomeConfiguration:
      Did not match:
         - @ConditionalOnClass did not find required class 'org.springframework.boot.actuate.endpoint.web.servlet.WebMvcEndpointHandlerMapping' (OnClassCondition)

   TaskExecutorConfigurations.SimpleAsyncTaskExecutorBuilderConfiguration#simpleAsyncTaskExecutorBuilderVirtualThreads:
      Did not match:
         - @ConditionalOnMissingBean (types: org.springframework.boot.task.SimpleAsyncTaskExecutorBuilder; SearchStrategy: all) found beans of type 'org.springframework.boot.task.SimpleAsyncTaskExecutorBuilder' simpleAsyncTaskExecutorBuilder (OnBeanCondition)

   TaskExecutorConfigurations.TaskExecutorConfiguration:
      Did not match:
         - @ConditionalOnMissingBean (types: java.util.concurrent.Executor; SearchStrategy: all) found beans of type 'java.util.concurrent.Executor' triageExecutorService (OnBeanCondition)

   TaskSchedulingAutoConfiguration#scheduledBeanLazyInitializationExcludeFilter:
      Did not match:
         - @ConditionalOnBean (names: org.springframework.context.annotation.internalScheduledAnnotationProcessor; SearchStrategy: all) did not find any beans named org.springframework.context.annotation.internalScheduledAnnotationProcessor (OnBeanCondition)

   TaskSchedulingConfigurations.SimpleAsyncTaskSchedulerBuilderConfiguration#simpleAsyncTaskSchedulerBuilderVirtualThreads:
      Did not match:
         - @ConditionalOnMissingBean (types: org.springframework.boot.task.SimpleAsyncTaskSchedulerBuilder; SearchStrategy: all) found beans of type 'org.springframework.boot.task.SimpleAsyncTaskSchedulerBuilder' simpleAsyncTaskSchedulerBuilder (OnBeanCondition)

   TaskSchedulingConfigurations.TaskSchedulerConfiguration:
      Did not match:
         - @ConditionalOnBean (names: org.springframework.context.annotation.internalScheduledAnnotationProcessor; SearchStrategy: all) did not find any beans named org.springframework.context.annotation.internalScheduledAnnotationProcessor (OnBeanCondition)

   ThymeleafAutoConfiguration:
      Did not match:
         - @ConditionalOnClass did not find required class 'org.thymeleaf.spring6.SpringTemplateEngine' (OnClassCondition)

   TransactionAutoConfiguration#transactionalOperator:
      Did not match:
         - @ConditionalOnSingleCandidate (types: org.springframework.transaction.ReactiveTransactionManager; SearchStrategy: all) did not find any beans (OnBeanCondition)

   TransactionAutoConfiguration.AspectJTransactionManagementConfiguration:
      Did not match:
         - @ConditionalOnBean did not find required type 'org.springframework.transaction.aspectj.AbstractTransactionAspect' (OnBeanCondition)
         - @ConditionalOnBean (types: org.springframework.transaction.aspectj.AbstractTransactionAspect; SearchStrategy: all) did not find any beans of type org.springframework.transaction.aspectj.AbstractTransactionAspect (OnBeanCondition)

   TransactionAutoConfiguration.EnableTransactionManagementConfiguration.JdkDynamicAutoProxyConfiguration:
      Did not match:
         - @ConditionalOnProperty (spring.aop.proxy-target-class=false) did not find property 'proxy-target-class' (OnPropertyCondition)

   UnmappedTermConsumer:
      Did not match:
         - @ConditionalOnProperty (imkqas.query-rewrite.synonym-expansion.mq-enabled=true) did not find property 'imkqas.query-rewrite.synonym-expansion.mq-enabled' (OnPropertyCondition)

   UserDetailsServiceAutoConfiguration:
      Did not match:
         - @ConditionalOnMissingBean (types: org.springframework.security.authentication.AuthenticationManager,org.springframework.security.authentication.AuthenticationProvider,org.springframework.security.core.userdetails.UserDetailsService,org.springframework.security.authentication.AuthenticationManagerResolver,org.springframework.security.oauth2.jwt.JwtDecoder; SearchStrategy: all) found beans of type 'org.springframework.security.authentication.AuthenticationManager' authenticationManager and found beans of type 'org.springframework.security.core.userdetails.UserDetailsService' userDetailsServiceImpl (OnBeanCondition)
      Matched:
         - @ConditionalOnClass found required class 'org.springframework.security.authentication.AuthenticationManager' (OnClassCondition)
         - AnyNestedCondition 1 matched 2 did not; NestedCondition on UserDetailsServiceAutoConfiguration.MissingAlternativeOrUserPropertiesConfigured.PasswordConfigured @ConditionalOnProperty (spring.security.user.password) did not find property 'password'; NestedCondition on UserDetailsServiceAutoConfiguration.MissingAlternativeOrUserPropertiesConfigured.NameConfigured @ConditionalOnProperty (spring.security.user.name) did not find property 'name'; NestedCondition on UserDetailsServiceAutoConfiguration.MissingAlternativeOrUserPropertiesConfigured.MissingAlternative @ConditionalOnMissingClass did not find unwanted classes 'org.springframework.security.oauth2.client.registration.ClientRegistrationRepository', 'org.springframework.security.oauth2.server.resource.introspection.OpaqueTokenIntrospector', 'org.springframework.security.saml2.provider.service.registration.RelyingPartyRegistrationRepository' (UserDetailsServiceAutoConfiguration.MissingAlternativeOrUserPropertiesConfigured)

   WebClientAutoConfiguration:
      Did not match:
         - @ConditionalOnClass did not find required class 'org.springframework.web.reactive.function.client.WebClient' (OnClassCondition)

   WebFluxAutoConfiguration:
      Did not match:
         - @ConditionalOnClass did not find required class 'org.springframework.web.reactive.config.WebFluxConfigurer' (OnClassCondition)

   WebMvcAutoConfiguration#hiddenHttpMethodFilter:
      Did not match:
         - @ConditionalOnProperty (spring.mvc.hiddenmethod.filter.enabled) did not find property 'enabled' (OnPropertyCondition)

   WebMvcAutoConfiguration.ProblemDetailsErrorHandlingConfiguration:
      Did not match:
         - @ConditionalOnProperty (spring.mvc.problemdetails.enabled=true) did not find property 'enabled' (OnPropertyCondition)

   WebMvcAutoConfiguration.ResourceChainCustomizerConfiguration:
      Did not match:
         - @ConditionalOnEnabledResourceChain did not find class org.webjars.WebJarAssetLocator (OnEnabledResourceChainCondition)

   WebMvcAutoConfiguration.WebMvcAutoConfigurationAdapter#beanNameViewResolver:
      Did not match:
         - @ConditionalOnMissingBean (types: org.springframework.web.servlet.view.BeanNameViewResolver; SearchStrategy: all) found beans of type 'org.springframework.web.servlet.view.BeanNameViewResolver' beanNameViewResolver (OnBeanCondition)

   WebServiceTemplateAutoConfiguration:
      Did not match:
         - @ConditionalOnClass did not find required class 'org.springframework.ws.client.core.WebServiceTemplate' (OnClassCondition)

   WebServicesAutoConfiguration:
      Did not match:
         - @ConditionalOnClass did not find required class 'org.springframework.ws.transport.http.MessageDispatcherServlet' (OnClassCondition)

   WebSessionIdResolverAutoConfiguration:
      Did not match:
         - @ConditionalOnWebApplication did not find reactive web application classes (OnWebApplicationCondition)

   WebSocketMessagingAutoConfiguration:
      Did not match:
         - @ConditionalOnClass did not find required class 'org.springframework.web.socket.config.annotation.WebSocketMessageBrokerConfigurer' (OnClassCondition)

   WebSocketReactiveAutoConfiguration:
      Did not match:
         - @ConditionalOnWebApplication did not find reactive web application classes (OnWebApplicationCondition)

   WebSocketServletAutoConfiguration.JettyWebSocketConfiguration:
      Did not match:
         - @ConditionalOnClass did not find required class 'org.eclipse.jetty.ee10.websocket.jakarta.server.config.JakartaWebSocketServletContainerInitializer' (OnClassCondition)

   WebSocketServletAutoConfiguration.UndertowWebSocketConfiguration:
      Did not match:
         - @ConditionalOnClass did not find required class 'io.undertow.websockets.jsr.Bootstrap' (OnClassCondition)

   XADataSourceAutoConfiguration:
      Did not match:
         - @ConditionalOnClass did not find required class 'jakarta.transaction.TransactionManager' (OnClassCondition)


Exclusions:
-----------

    None


Unconditional classes:
----------------------

    org.springframework.boot.autoconfigure.context.ConfigurationPropertiesAutoConfiguration

    org.springframework.boot.autoconfigure.ssl.SslAutoConfiguration

    org.springframework.boot.autoconfigure.context.PropertyPlaceholderAutoConfiguration

    org.springframework.boot.autoconfigure.context.LifecycleAutoConfiguration

    org.springdoc.core.configuration.SpringDocSpecPropertiesConfiguration

    org.springframework.boot.autoconfigure.availability.ApplicationAvailabilityAutoConfiguration

    org.springframework.boot.autoconfigure.info.ProjectInfoAutoConfiguration



2026-07-08 20:32:55 [main] DEBUG o.s.b.d.LoggingFailureAnalysisReporter - Application failed to start due to an exception
org.springframework.boot.web.server.PortInUseException: Port 8080 is already in use
	at org.springframework.boot.web.server.PortInUseException.lambda$throwIfPortBindingException$0(PortInUseException.java:70)
	at org.springframework.boot.web.server.PortInUseException.lambda$ifPortBindingException$1(PortInUseException.java:85)
	at org.springframework.boot.web.server.PortInUseException.ifCausedBy(PortInUseException.java:103)
	at org.springframework.boot.web.server.PortInUseException.ifPortBindingException(PortInUseException.java:82)
	at org.springframework.boot.web.server.PortInUseException.throwIfPortBindingException(PortInUseException.java:69)
	at org.springframework.boot.web.embedded.tomcat.TomcatWebServer.start(TomcatWebServer.java:248)
	at org.springframework.boot.web.servlet.context.WebServerStartStopLifecycle.start(WebServerStartStopLifecycle.java:44)
	at org.springframework.context.support.DefaultLifecycleProcessor.doStart(DefaultLifecycleProcessor.java:288)
	at org.springframework.context.support.DefaultLifecycleProcessor$LifecycleGroup.start(DefaultLifecycleProcessor.java:471)
	at java.base/java.lang.Iterable.forEach(Iterable.java:75)
	at org.springframework.context.support.DefaultLifecycleProcessor.startBeans(DefaultLifecycleProcessor.java:260)
	at org.springframework.context.support.DefaultLifecycleProcessor.onRefresh(DefaultLifecycleProcessor.java:205)
	at org.springframework.context.support.AbstractApplicationContext.finishRefresh(AbstractApplicationContext.java:981)
	at org.springframework.context.support.AbstractApplicationContext.refresh(AbstractApplicationContext.java:627)
	at org.springframework.boot.web.servlet.context.ServletWebServerApplicationContext.refresh(ServletWebServerApplicationContext.java:146)
	at org.springframework.boot.SpringApplication.refresh(SpringApplication.java:754)
	at org.springframework.boot.SpringApplication.refreshContext(SpringApplication.java:456)
	at org.springframework.boot.SpringApplication.run(SpringApplication.java:334)
	at org.springframework.boot.SpringApplication.run(SpringApplication.java:1354)
	at org.springframework.boot.SpringApplication.run(SpringApplication.java:1343)
	at com.student.ImkqasApplication.main(ImkqasApplication.java:17)
Caused by: java.lang.IllegalArgumentException: standardService.connector.startFailed
	at org.apache.catalina.core.StandardService.addConnector(StandardService.java:235)
	at org.springframework.boot.web.embedded.tomcat.TomcatWebServer.addPreviouslyRemovedConnectors(TomcatWebServer.java:306)
	at org.springframework.boot.web.embedded.tomcat.TomcatWebServer.start(TomcatWebServer.java:234)
	... 15 common frames omitted
Caused by: org.apache.catalina.LifecycleException: Protocol handler start failed
	at org.apache.catalina.connector.Connector.startInternal(Connector.java:1047)
	at org.apache.catalina.util.LifecycleBase.start(LifecycleBase.java:171)
	at org.apache.catalina.core.StandardService.addConnector(StandardService.java:232)
	... 17 common frames omitted
Caused by: java.net.BindException: Address already in use: bind
	at java.base/sun.nio.ch.Net.bind0(Native Method)
	at java.base/sun.nio.ch.Net.bind(Net.java:565)
	at java.base/sun.nio.ch.ServerSocketChannelImpl.netBind(ServerSocketChannelImpl.java:344)
	at java.base/sun.nio.ch.ServerSocketChannelImpl.bind(ServerSocketChannelImpl.java:301)
	at org.apache.tomcat.util.net.NioEndpoint.initServerSocket(NioEndpoint.java:239)
	at org.apache.tomcat.util.net.NioEndpoint.bind(NioEndpoint.java:194)
	at org.apache.tomcat.util.net.AbstractEndpoint.bindWithCleanup(AbstractEndpoint.java:1307)
	at org.apache.tomcat.util.net.AbstractEndpoint.start(AbstractEndpoint.java:1393)
	at org.apache.coyote.AbstractProtocol.start(AbstractProtocol.java:635)
	at org.apache.catalina.connector.Connector.startInternal(Connector.java:1044)
	... 19 common frames omitted
2026-07-08 20:32:55 [main] ERROR o.s.b.d.LoggingFailureAnalysisReporter - 

***************************
APPLICATION FAILED TO START
***************************

Description:

Web server failed to start. Port 8080 was already in use.

Action:

Identify and stop the process that's listening on port 8080 or configure this application to listen on another port.

2026-07-08 20:34:14 [main] INFO  com.student.ImkqasApplication - Starting ImkqasApplication using Java 21.0.4 with PID 33544 (D:\Java\代码\IMKQAS\target\classes started by 冯芊肉 in D:\Java\代码\IMKQAS)
2026-07-08 20:34:14 [main] DEBUG com.student.ImkqasApplication - Running with Spring Boot v3.2.5, Spring v6.1.6
2026-07-08 20:34:14 [main] INFO  com.student.ImkqasApplication - No active profile set, falling back to 1 default profile: "default"
2026-07-08 20:34:14 [main] DEBUG o.s.boot.SpringApplication - Loading source class com.student.ImkqasApplication
2026-07-08 20:34:14 [main] DEBUG o.s.b.w.s.c.AnnotationConfigServletWebServerApplicationContext - Refreshing org.springframework.boot.web.servlet.context.AnnotationConfigServletWebServerApplicationContext@6ab72419
2026-07-08 20:34:15 [main] INFO  o.s.d.r.c.RepositoryConfigurationDelegate - Multiple Spring Data modules found, entering strict repository configuration mode
2026-07-08 20:34:15 [main] INFO  o.s.d.r.c.RepositoryConfigurationDelegate - Bootstrapping Spring Data Redis repositories in DEFAULT mode.
2026-07-08 20:34:15 [main] DEBUG o.s.b.a.AutoConfigurationPackages - @EnableAutoConfiguration was declared on a class in the package 'com.student'. Automatic @Repository and @Entity scanning is enabled.
2026-07-08 20:34:15 [main] INFO  o.s.d.r.c.RepositoryConfigurationDelegate - Finished Spring Data repository scanning in 50 ms. Found 0 Redis repository interfaces.
2026-07-08 20:34:16 [main] DEBUG o.s.b.w.e.t.TomcatServletWebServerFactory - Code archive: C:\Users\冯芊肉\.m2\repository\org\springframework\boot\spring-boot\3.2.5\spring-boot-3.2.5.jar
2026-07-08 20:34:16 [main] DEBUG o.s.b.w.e.t.TomcatServletWebServerFactory - Code archive: C:\Users\冯芊肉\.m2\repository\org\springframework\boot\spring-boot\3.2.5\spring-boot-3.2.5.jar
2026-07-08 20:34:16 [main] DEBUG o.s.b.w.e.t.TomcatServletWebServerFactory - None of the document roots [src/main/webapp, public, static] point to a directory and will be ignored.
2026-07-08 20:34:16 [main] INFO  o.s.b.w.e.tomcat.TomcatWebServer - Tomcat initialized with port 8080 (http)
2026-07-08 20:34:16 [main] INFO  o.a.catalina.core.StandardService - Starting service [Tomcat]
2026-07-08 20:34:16 [main] INFO  o.a.catalina.core.StandardEngine - Starting Servlet engine: [Apache Tomcat/10.1.20]
2026-07-08 20:34:17 [main] INFO  o.a.c.c.C.[Tomcat].[localhost].[/] - Initializing Spring embedded WebApplicationContext
2026-07-08 20:34:17 [main] DEBUG o.s.b.w.s.c.ServletWebServerApplicationContext - Published root WebApplicationContext as ServletContext attribute with name [org.springframework.web.context.WebApplicationContext.ROOT]
2026-07-08 20:34:17 [main] INFO  o.s.b.w.s.c.ServletWebServerApplicationContext - Root WebApplicationContext: initialization completed in 2651 ms
2026-07-08 20:34:17 [main] INFO  com.zaxxer.hikari.HikariDataSource - HikariPool-1 - Starting...
2026-07-08 20:34:17 [main] INFO  com.zaxxer.hikari.pool.HikariPool - HikariPool-1 - Added connection com.mysql.cj.jdbc.ConnectionImpl@5310e451
2026-07-08 20:34:17 [main] INFO  com.zaxxer.hikari.HikariDataSource - HikariPool-1 - Start completed.
2026-07-08 20:34:17 [main] INFO  o.f.c.i.license.VersionPrinter - Flyway Community Edition 9.22.3 by Redgate
2026-07-08 20:34:17 [main] INFO  o.f.c.i.license.VersionPrinter - See release notes here: https://rd.gt/416ObMi
2026-07-08 20:34:17 [main] INFO  o.f.c.i.license.VersionPrinter - 
2026-07-08 20:34:17 [main] INFO  org.flywaydb.core.FlywayExecutor - Database: jdbc:mysql://8.138.40.200:3306/imkqas (MySQL 8.0)
2026-07-08 20:34:18 [main] INFO  o.f.core.internal.command.DbValidate - Successfully validated 9 migrations (execution time 00:00.263s)
2026-07-08 20:34:18 [main] INFO  o.f.core.internal.command.DbMigrate - Current version of schema `imkqas`: 8
2026-07-08 20:34:19 [main] INFO  o.f.core.internal.command.DbMigrate - Schema `imkqas` is up to date. No migration necessary.
2026-07-08 20:34:19 [main] DEBUG o.s.b.w.s.ServletContextInitializerBeans - Mapping filters: springSecurityFilterChain urls=[/*] order=-100, characterEncodingFilter urls=[/*] order=-2147483648, formContentFilter urls=[/*] order=-9900, requestContextFilter urls=[/*] order=-105, jwtAuthenticationFilter urls=[/*] order=2147483647
2026-07-08 20:34:19 [main] DEBUG o.s.b.w.s.ServletContextInitializerBeans - Mapping servlets: dispatcherServlet urls=[/]
2026-07-08 20:34:19 [main] DEBUG o.s.b.w.s.f.OrderedRequestContextFilter - Filter 'requestContextFilter' configured for use
2026-07-08 20:34:19 [main] DEBUG c.s.filter.JwtAuthenticationFilter - Filter 'jwtAuthenticationFilter' configured for use
2026-07-08 20:34:19 [main] DEBUG o.s.b.w.s.f.OrderedCharacterEncodingFilter - Filter 'characterEncodingFilter' configured for use
2026-07-08 20:34:19 [main] DEBUG o.s.b.w.s.DelegatingFilterProxyRegistrationBean$1 - Filter 'springSecurityFilterChain' configured for use
2026-07-08 20:34:19 [main] DEBUG o.s.b.w.s.f.OrderedFormContentFilter - Filter 'formContentFilter' configured for use
2026-07-08 20:34:19 [main] INFO  com.student.config.EvaluationConfig - 评估系统配置初始化完成
2026-07-08 20:34:19 [main] INFO  com.student.config.EvaluationConfig - 离线评估: 并发数=4, LLM评判=启用
2026-07-08 20:34:19 [main] INFO  com.student.config.EvaluationConfig - 在线监控: 采集间隔=60s, 保留=30天, 慢查询阈值=5000ms
2026-07-08 20:34:19 [main] INFO  com.student.config.EvaluationConfig - 报告: 输出目录=./evaluation-reports, 格式=BOTH
2026-07-08 20:34:19 [main] INFO  com.student.utils.EnvUtil - .env文件加载成功: D:\Java\代码\IMKQAS\.env (12个变量)
2026-07-08 20:34:19 [main] DEBUG com.student.utils.EnvUtil - 从.env文件读取环境变量: DASHSCOPE_API_KEY=sk-w****XX_w
2026-07-08 20:34:19 [main] DEBUG com.student.utils.EnvUtil - 环境变量未找到: BAILIAN_API_KEY, 使用默认值: null
2026-07-08 20:34:19 [main] DEBUG com.student.utils.EnvUtil - 环境变量未找到: IMKQAS_RAG_LLM_API_KEY, 使用默认值: null
2026-07-08 20:34:19 [main] DEBUG com.student.utils.EnvUtil - 环境变量未找到: IMKQAS_RAG_LLM_BASE_URL, 使用默认值: null
2026-07-08 20:34:19 [main] DEBUG com.student.utils.EnvUtil - 环境变量未找到: IMKQAS_RAG_EMBEDDING_API_KEY, 使用默认值: null
2026-07-08 20:34:19 [main] DEBUG com.student.utils.EnvUtil - 环境变量未找到: IMKQAS_RAG_EMBEDDING_API_ENDPOINT, 使用默认值: null
2026-07-08 20:34:19 [main] DEBUG com.student.utils.EnvUtil - 环境变量未找到: IMKQAS_RAG_RERANKER_API_KEY, 使用默认值: null
2026-07-08 20:34:19 [main] DEBUG com.student.utils.EnvUtil - 环境变量未找到: IMKQAS_RAG_RERANKER_API_ENDPOINT, 使用默认值: null
2026-07-08 20:34:19 [main] INFO  com.student.config.RagConfig - RAG配置初始化完成 (API密钥来源: .env DASHSCOPE_API_KEY)
2026-07-08 20:34:19 [main] INFO  com.student.config.RagConfig - 重排序模型: gte-rerank-v2, 部署方式: api
2026-07-08 20:34:19 [main] INFO  com.student.config.RagConfig - 检索模式: HYBRID, 权重[向量: 0.6, 关键词: 0.4]
2026-07-08 20:34:19 [main] INFO  com.student.config.RagConfig - 嵌入模型: text-embedding-v3, 维度: 1024
2026-07-08 20:34:19 [main] INFO  com.student.config.RagConfig - LLM模型: qwen-plus, 温度: 0.1, 最大token: 2000
2026-07-08 20:34:19 [main] INFO  com.student.config.RagConfig - 质量过滤: 最小片段长度=20, 黑名单域名数=6, 矛盾检测=启用, 禁忌规则检测=启用
2026-07-08 20:34:19 [main] INFO  com.student.config.RagConfig - 多因子重排序: 权威权重=0.4, 时效权重=0.2, 语义权重=0.4
2026-07-08 20:34:19 [main] INFO  com.student.config.RagConfig - 语义缓存链: 启用=true, TTL=7200s, 版本=1
2026-07-08 20:34:19 [main] INFO  com.student.config.RagConfig - MinerU PDF转换: 启用=true, API端点=https://mineru.net/api/v1/agent/parse/file, 超时=300s
2026-07-08 20:34:20 [main] INFO  com.student.config.MilvusConfig - 初始化Milvus客户端: host=8.138.40.200, port=19530, collection=medical_documents
2026-07-08 20:34:21 [main] INFO  com.student.config.MilvusConfig - Milvus版本: 2.6.14
2026-07-08 20:34:21 [main] INFO  com.student.config.MilvusConfig - Milvus连接测试成功
2026-07-08 20:34:21 [main] INFO  com.student.config.MilvusConfig - Milvus集合已存在: medical_documents
2026-07-08 20:34:21 [main] INFO  com.student.config.MinioConfig - 初始化MinIO客户端: endpoint=http://8.138.40.200:9000, bucket=imkqas
2026-07-08 20:34:21 [main] INFO  com.student.config.MinioConfig - MinIO连接测试成功
2026-07-08 20:34:21 [main] DEBUG com.student.config.MinioConfig - 存储桶 imkqas 已存在
2026-07-08 20:34:22 [main] INFO  c.s.s.r.i.KeywordRetrievalServiceImpl - 医学术语同义词词典初始化完成，共加载 11 个术语
2026-07-08 20:34:22 [main] INFO  o.a.l.s.MemorySegmentIndexInputProvider - Using MemorySegmentIndexInput with Java 21 or later; to disable start with -Dorg.apache.lucene.store.MMapDirectory.enableMemorySegments=false
2026-07-08 20:34:22 [main] INFO  c.s.s.r.i.KeywordRetrievalServiceImpl - 关键词检索服务初始化完成，索引路径: lucene-index
2026-07-08 20:34:22 [main] INFO  c.s.s.rag.impl.RrfFusionServiceImpl - RRF融合服务初始化完成，rrfK=60
2026-07-08 20:34:23 [main] INFO  ca.uhn.fhir.util.VersionUtil - HAPI FHIR version 7.4.0 - Rev 71e9af61cf
2026-07-08 20:34:23 [main] INFO  ca.uhn.fhir.context.FhirContext - Creating new FHIR context for FHIR version [R4]
2026-07-08 20:34:23 [main] INFO  c.s.s.s.config.SnomedFallbackMapper - SNOMED CT本地降级映射表初始化完成: 口语词=45, 医学术语=27, 症状=17, 疾病=9
2026-07-08 20:34:23 [main] WARN  c.s.s.r.i.MedicalEntityRecognitionServiceImpl - THUOCL词库文件不存在: /data/dict/thuocl_medical.txt，使用内置词库
2026-07-08 20:34:23 [main] INFO  c.s.s.r.i.MedicalEntityRecognitionServiceImpl - 内置医学词库加载完成: 条目数=84
2026-07-08 20:34:23 [main] INFO  c.s.s.r.i.MedicalEntityRecognitionServiceImpl - 医学实体识别服务初始化完成: 词库条目数=84
2026-07-08 20:34:23 [main] DEBUG c.s.m.M.findAllApproved - ==>  Preparing: SELECT * FROM medical_synonym_mapping WHERE status = 'APPROVED' AND deleted = 0
2026-07-08 20:34:23 [main] DEBUG c.s.m.M.findAllApproved - ==> Parameters: 
2026-07-08 20:34:23 [main] DEBUG c.s.m.M.findAllApproved - <==      Total: 71
2026-07-08 20:34:23 [main] DEBUG c.s.s.r.i.SynonymExpansionServiceImpl - 本地映射缓存刷新完成: 条目数=71
2026-07-08 20:34:23 [main] INFO  c.s.s.r.i.SynonymExpansionServiceImpl - 同义词扩展服务初始化完成: 本地映射缓存条目数=71
2026-07-08 20:34:23 [main] WARN  c.s.s.r.i.QueryRewriteServiceImplRefactored - THUOCL词库文件不存在: /data/dict/thuocl_medical.txt，使用内置医学术语
2026-07-08 20:34:23 [main] INFO  c.s.s.r.i.QueryRewriteServiceImplRefactored - 查询改写服务初始化完成：医学术语数=58, 同义词数=10, 停用词数=45
2026-07-08 20:34:23 [main] INFO  c.s.service.rag.impl.LlmServiceImpl - LLM服务初始化完成：模型=qwen-plus, 本地缓存大小=10000, 线程池核心=10最大=50
2026-07-08 20:34:23 [main] INFO  c.s.s.r.i.CrossEncoderRerankServiceImpl - 交叉编码器重排序服务初始化完成，模型: gte-rerank-v2, API端点: https://dashscope.aliyuncs.com/api/v1/services/rerank/text-rerank/text-rerank, topK: 10, 完整URL长度: 77
2026-07-08 20:34:23 [main] DEBUG c.s.s.r.i.CrossEncoderRerankServiceImpl - API端点完整URL: https://dashscope.aliyuncs.com/api/v1/services/rerank/text-rerank/text-rerank
2026-07-08 20:34:24 [main] DEBUG com.student.service.RedisService - 获取缓存: key=sem:version:knowledge, value=null
2026-07-08 20:34:24 [main] INFO  c.s.s.r.i.SemanticCacheServiceImpl - 语义缓存链初始化完成: 版本=1, TTL=7200s, 锁TTL=30s
2026-07-08 20:34:24 [main] DEBUG c.s.m.D.selectActive - ==>  Preparing: SELECT * FROM drug_population_contraindication WHERE deleted = 0 AND is_active = 1
2026-07-08 20:34:24 [main] DEBUG c.s.m.D.selectActive - ==> Parameters: 
2026-07-08 20:34:24 [main] DEBUG c.s.m.D.selectActive - <==      Total: 28
2026-07-08 20:34:24 [main] DEBUG c.s.mapper.DrugMapper.selectList - ==>  Preparing: SELECT id,generic_name,brand_name,english_name,drug_class,dosage_form,specification,manufacturer,indications,contraindications,adverse_reactions,dosage,precautions,storage,approval_number,has_interactions,created_at,updated_at,deleted FROM drugs WHERE deleted=0 AND (deleted = ?)
2026-07-08 20:34:24 [main] DEBUG c.s.mapper.DrugMapper.selectList - ==> Parameters: 0(Integer)
2026-07-08 20:34:24 [main] DEBUG c.s.mapper.DrugMapper.selectList - <==      Total: 3
2026-07-08 20:34:24 [main] DEBUG c.s.m.DrugAliasMapper.selectList - ==>  Preparing: SELECT id,drug_id,alias_type,alias_name,created_at,updated_at,deleted FROM drug_aliases WHERE deleted=0 AND (deleted = ?)
2026-07-08 20:34:24 [main] DEBUG c.s.m.DrugAliasMapper.selectList - ==> Parameters: 0(Integer)
2026-07-08 20:34:24 [main] DEBUG c.s.m.DrugAliasMapper.selectList - <==      Total: 9
2026-07-08 20:34:24 [main] DEBUG c.s.mapper.DrugMapper.selectById - ==>  Preparing: SELECT id,generic_name,brand_name,english_name,drug_class,dosage_form,specification,manufacturer,indications,contraindications,adverse_reactions,dosage,precautions,storage,approval_number,has_interactions,created_at,updated_at,deleted FROM drugs WHERE id=? AND deleted=0
2026-07-08 20:34:24 [main] DEBUG c.s.mapper.DrugMapper.selectById - ==> Parameters: 1(Long)
2026-07-08 20:34:24 [main] DEBUG c.s.mapper.DrugMapper.selectById - <==      Total: 1
2026-07-08 20:34:24 [main] DEBUG c.s.mapper.DrugMapper.selectById - ==>  Preparing: SELECT id,generic_name,brand_name,english_name,drug_class,dosage_form,specification,manufacturer,indications,contraindications,adverse_reactions,dosage,precautions,storage,approval_number,has_interactions,created_at,updated_at,deleted FROM drugs WHERE id=? AND deleted=0
2026-07-08 20:34:24 [main] DEBUG c.s.mapper.DrugMapper.selectById - ==> Parameters: 1(Long)
2026-07-08 20:34:24 [main] DEBUG c.s.mapper.DrugMapper.selectById - <==      Total: 1
2026-07-08 20:34:24 [main] DEBUG c.s.mapper.DrugMapper.selectById - ==>  Preparing: SELECT id,generic_name,brand_name,english_name,drug_class,dosage_form,specification,manufacturer,indications,contraindications,adverse_reactions,dosage,precautions,storage,approval_number,has_interactions,created_at,updated_at,deleted FROM drugs WHERE id=? AND deleted=0
2026-07-08 20:34:24 [main] DEBUG c.s.mapper.DrugMapper.selectById - ==> Parameters: 1(Long)
2026-07-08 20:34:24 [main] DEBUG c.s.mapper.DrugMapper.selectById - <==      Total: 1
2026-07-08 20:34:24 [main] DEBUG c.s.mapper.DrugMapper.selectById - ==>  Preparing: SELECT id,generic_name,brand_name,english_name,drug_class,dosage_form,specification,manufacturer,indications,contraindications,adverse_reactions,dosage,precautions,storage,approval_number,has_interactions,created_at,updated_at,deleted FROM drugs WHERE id=? AND deleted=0
2026-07-08 20:34:24 [main] DEBUG c.s.mapper.DrugMapper.selectById - ==> Parameters: 2(Long)
2026-07-08 20:34:24 [main] DEBUG c.s.mapper.DrugMapper.selectById - <==      Total: 1
2026-07-08 20:34:24 [main] DEBUG c.s.mapper.DrugMapper.selectById - ==>  Preparing: SELECT id,generic_name,brand_name,english_name,drug_class,dosage_form,specification,manufacturer,indications,contraindications,adverse_reactions,dosage,precautions,storage,approval_number,has_interactions,created_at,updated_at,deleted FROM drugs WHERE id=? AND deleted=0
2026-07-08 20:34:24 [main] DEBUG c.s.mapper.DrugMapper.selectById - ==> Parameters: 2(Long)
2026-07-08 20:34:24 [main] DEBUG c.s.mapper.DrugMapper.selectById - <==      Total: 1
2026-07-08 20:34:24 [main] DEBUG c.s.mapper.DrugMapper.selectById - ==>  Preparing: SELECT id,generic_name,brand_name,english_name,drug_class,dosage_form,specification,manufacturer,indications,contraindications,adverse_reactions,dosage,precautions,storage,approval_number,has_interactions,created_at,updated_at,deleted FROM drugs WHERE id=? AND deleted=0
2026-07-08 20:34:24 [main] DEBUG c.s.mapper.DrugMapper.selectById - ==> Parameters: 2(Long)
2026-07-08 20:34:24 [main] DEBUG c.s.mapper.DrugMapper.selectById - <==      Total: 1
2026-07-08 20:34:24 [main] DEBUG c.s.mapper.DrugMapper.selectById - ==>  Preparing: SELECT id,generic_name,brand_name,english_name,drug_class,dosage_form,specification,manufacturer,indications,contraindications,adverse_reactions,dosage,precautions,storage,approval_number,has_interactions,created_at,updated_at,deleted FROM drugs WHERE id=? AND deleted=0
2026-07-08 20:34:24 [main] DEBUG c.s.mapper.DrugMapper.selectById - ==> Parameters: 3(Long)
2026-07-08 20:34:24 [main] DEBUG c.s.mapper.DrugMapper.selectById - <==      Total: 1
2026-07-08 20:34:24 [main] DEBUG c.s.mapper.DrugMapper.selectById - ==>  Preparing: SELECT id,generic_name,brand_name,english_name,drug_class,dosage_form,specification,manufacturer,indications,contraindications,adverse_reactions,dosage,precautions,storage,approval_number,has_interactions,created_at,updated_at,deleted FROM drugs WHERE id=? AND deleted=0
2026-07-08 20:34:24 [main] DEBUG c.s.mapper.DrugMapper.selectById - ==> Parameters: 3(Long)
2026-07-08 20:34:24 [main] DEBUG c.s.mapper.DrugMapper.selectById - <==      Total: 1
2026-07-08 20:34:24 [main] DEBUG c.s.mapper.DrugMapper.selectById - ==>  Preparing: SELECT id,generic_name,brand_name,english_name,drug_class,dosage_form,specification,manufacturer,indications,contraindications,adverse_reactions,dosage,precautions,storage,approval_number,has_interactions,created_at,updated_at,deleted FROM drugs WHERE id=? AND deleted=0
2026-07-08 20:34:24 [main] DEBUG c.s.mapper.DrugMapper.selectById - ==> Parameters: 3(Long)
2026-07-08 20:34:24 [main] DEBUG c.s.mapper.DrugMapper.selectById - <==      Total: 1
2026-07-08 20:34:24 [main] DEBUG c.s.m.M.findAllApproved - ==>  Preparing: SELECT * FROM medical_synonym_mapping WHERE status = 'APPROVED' AND deleted = 0
2026-07-08 20:34:24 [main] DEBUG c.s.m.M.findAllApproved - ==> Parameters: 
2026-07-08 20:34:24 [main] DEBUG c.s.m.M.findAllApproved - <==      Total: 71
2026-07-08 20:34:24 [main] INFO  c.s.s.r.i.ContraindicationDetectionServiceImpl - 禁忌规则缓存已刷新: 规则数=28, 别名映射=12, 人群同义词=9
2026-07-08 20:34:24 [main] INFO  c.s.s.r.i.ContraindicationDetectionServiceImpl - 禁忌检测服务初始化完成: 规则缓存大小=28, 别名映射=12, 人群同义词=9
2026-07-08 20:34:24 [main] INFO  c.s.config.DepartmentKnowledgeConfig - 成功加载症状同义词配置，共21组同义词
2026-07-08 20:34:24 [main] INFO  c.s.s.triage.impl.SymptomNormalizer - 症状标准化器初始化完成，同义词组数: 21, 启用模糊匹配: true, 模糊匹配阈值: 0.7
2026-07-08 20:34:24 [main] INFO  c.s.config.DepartmentKnowledgeConfig - 成功加载科室知识库配置，共6个科室
2026-07-08 20:34:24 [main] INFO  c.s.s.triage.impl.SymptomNormalizer - 症状标准化器初始化完成，同义词组数: 0, 启用模糊匹配: false, 模糊匹配阈值: 0.0
2026-07-08 20:34:24 [main] INFO  c.s.s.t.config.TriageEngineConfig - 创建科室导诊线程池: coreSize=2, maxSize=4, queueCapacity=100
2026-07-08 20:34:25 [main] DEBUG com.student.service.RedisService - 获取缓存: key=sem:term:mapping-hash, value=null
2026-07-08 20:34:25 [main] DEBUG com.student.service.RedisService - 获取缓存: key=sem:term:mapping-version, value=null
2026-07-08 20:34:25 [main] INFO  c.s.s.r.impl.TermChangeListenerImpl - 术语变更监听器初始化完成: 初始Hash=a3379072a77391d220fe04ceb3297b21, 检查间隔=3600s
2026-07-08 20:34:25 [main] INFO  o.s.s.web.DefaultSecurityFilterChain - Will secure any request with [org.springframework.security.web.session.DisableEncodeUrlFilter@2e962cec, org.springframework.security.web.context.request.async.WebAsyncManagerIntegrationFilter@78543f0d, org.springframework.security.web.context.SecurityContextHolderFilter@7e8e111d, org.springframework.security.web.header.HeaderWriterFilter@3adbfd16, org.springframework.web.filter.CorsFilter@10e28d97, org.springframework.security.web.authentication.logout.LogoutFilter@3619ecd, com.student.filter.JwtAuthenticationFilter@74a74070, org.springframework.security.web.savedrequest.RequestCacheAwareFilter@2cb3bc0e, org.springframework.security.web.servletapi.SecurityContextHolderAwareRequestFilter@511f21f9, org.springframework.security.web.authentication.AnonymousAuthenticationFilter@37d43b9b, org.springframework.security.web.session.SessionManagementFilter@53eb4dae, org.springframework.security.web.access.ExceptionTranslationFilter@541c32de, org.springframework.security.web.access.intercept.AuthorizationFilter@5ec10ab1]
2026-07-08 20:34:25 [main] INFO  c.s.s.t.config.TriageEngineConfig - 科室导诊引擎配置验证通过
2026-07-08 20:34:25 [main] INFO  c.s.s.t.config.TriageEngineConfig - 规则引擎阈值: 0.6
2026-07-08 20:34:25 [main] INFO  c.s.s.t.config.TriageEngineConfig - LLM超时时间: 3000ms
2026-07-08 20:34:25 [main] INFO  c.s.s.t.config.TriageEngineConfig - 规则引擎权重: 0.8, LLM权重: 0.2
2026-07-08 20:34:25 [main] INFO  c.s.s.t.config.TriageEngineConfig - 启用急诊检测: true
2026-07-08 20:34:25 [main] INFO  c.s.s.t.config.TriageEngineConfig - 启用统计收集: true
2026-07-08 20:34:26 [main] DEBUG o.s.b.a.SpringApplicationAdminMXBeanRegistrar$SpringApplicationAdmin - Application Admin MBean registered with name 'org.springframework.boot:type=Admin,name=SpringApplication'
2026-07-08 20:34:26 [main] INFO  o.s.b.w.e.tomcat.TomcatWebServer - Tomcat started on port 8080 (http) with context path ''
2026-07-08 20:34:26 [main] DEBUG o.s.b.a.l.ConditionEvaluationReportLogger - 


============================
CONDITIONS EVALUATION REPORT
============================


Positive matches:
-----------------

   AopAutoConfiguration matched:
      - @ConditionalOnProperty (spring.aop.auto=true) matched (OnPropertyCondition)

   AopAutoConfiguration.ClassProxyingConfiguration matched:
      - @ConditionalOnMissingClass did not find unwanted class 'org.aspectj.weaver.Advice' (OnClassCondition)
      - @ConditionalOnProperty (spring.aop.proxy-target-class=true) matched (OnPropertyCondition)

   ApplicationAvailabilityAutoConfiguration#applicationAvailability matched:
      - @ConditionalOnMissingBean (types: org.springframework.boot.availability.ApplicationAvailability; SearchStrategy: all) did not find any beans (OnBeanCondition)

   DataSourceAutoConfiguration matched:
      - @ConditionalOnClass found required classes 'javax.sql.DataSource', 'org.springframework.jdbc.datasource.embedded.EmbeddedDatabaseType' (OnClassCondition)
      - @ConditionalOnMissingBean (types: io.r2dbc.spi.ConnectionFactory; SearchStrategy: all) did not find any beans (OnBeanCondition)

   DataSourceAutoConfiguration.PooledDataSourceConfiguration matched:
      - AnyNestedCondition 1 matched 1 did not; NestedCondition on DataSourceAutoConfiguration.PooledDataSourceCondition.PooledDataSourceAvailable PooledDataSource found supported DataSource; NestedCondition on DataSourceAutoConfiguration.PooledDataSourceCondition.ExplicitType @ConditionalOnProperty (spring.datasource.type) did not find property 'type' (DataSourceAutoConfiguration.PooledDataSourceCondition)
      - @ConditionalOnMissingBean (types: javax.sql.DataSource,javax.sql.XADataSource; SearchStrategy: all) did not find any beans (OnBeanCondition)

   DataSourceAutoConfiguration.PooledDataSourceConfiguration#jdbcConnectionDetails matched:
      - @ConditionalOnMissingBean (types: org.springframework.boot.autoconfigure.jdbc.JdbcConnectionDetails; SearchStrategy: all) did not find any beans (OnBeanCondition)

   DataSourceConfiguration.Hikari matched:
      - @ConditionalOnClass found required class 'com.zaxxer.hikari.HikariDataSource' (OnClassCondition)
      - @ConditionalOnProperty (spring.datasource.type=com.zaxxer.hikari.HikariDataSource) matched (OnPropertyCondition)
      - @ConditionalOnMissingBean (types: javax.sql.DataSource; SearchStrategy: all) did not find any beans (OnBeanCondition)

   DataSourceInitializationConfiguration matched:
      - @ConditionalOnClass found required class 'org.springframework.jdbc.datasource.init.DatabasePopulator' (OnClassCondition)
      - @ConditionalOnSingleCandidate (types: javax.sql.DataSource; SearchStrategy: all) found a single bean 'dataSource'; @ConditionalOnMissingBean (types: org.springframework.boot.autoconfigure.sql.init.SqlDataSourceScriptDatabaseInitializer,org.springframework.boot.autoconfigure.sql.init.SqlR2dbcScriptDatabaseInitializer; SearchStrategy: all) did not find any beans (OnBeanCondition)

   DataSourceJmxConfiguration matched:
      - @ConditionalOnProperty (spring.jmx.enabled=true) matched (OnPropertyCondition)

   DataSourceJmxConfiguration.Hikari matched:
      - @ConditionalOnClass found required class 'com.zaxxer.hikari.HikariDataSource' (OnClassCondition)
      - @ConditionalOnSingleCandidate (types: javax.sql.DataSource; SearchStrategy: all) found a single bean 'dataSource' (OnBeanCondition)

   DataSourcePoolMetadataProvidersConfiguration.HikariPoolDataSourceMetadataProviderConfiguration matched:
      - @ConditionalOnClass found required class 'com.zaxxer.hikari.HikariDataSource' (OnClassCondition)

   DataSourceTransactionManagerAutoConfiguration matched:
      - @ConditionalOnClass found required classes 'org.springframework.jdbc.core.JdbcTemplate', 'org.springframework.transaction.TransactionManager' (OnClassCondition)

   DataSourceTransactionManagerAutoConfiguration.JdbcTransactionManagerConfiguration matched:
      - @ConditionalOnSingleCandidate (types: javax.sql.DataSource; SearchStrategy: all) found a single bean 'dataSource' (OnBeanCondition)

   DataSourceTransactionManagerAutoConfiguration.JdbcTransactionManagerConfiguration#transactionManager matched:
      - @ConditionalOnMissingBean (types: org.springframework.transaction.TransactionManager; SearchStrategy: all) did not find any beans (OnBeanCondition)

   DispatcherServletAutoConfiguration matched:
      - @ConditionalOnClass found required class 'org.springframework.web.servlet.DispatcherServlet' (OnClassCondition)
      - found 'session' scope (OnWebApplicationCondition)

   DispatcherServletAutoConfiguration.DispatcherServletConfiguration matched:
      - @ConditionalOnClass found required class 'jakarta.servlet.ServletRegistration' (OnClassCondition)
      - Default DispatcherServlet did not find dispatcher servlet beans (DispatcherServletAutoConfiguration.DefaultDispatcherServletCondition)

   DispatcherServletAutoConfiguration.DispatcherServletRegistrationConfiguration matched:
      - @ConditionalOnClass found required class 'jakarta.servlet.ServletRegistration' (OnClassCondition)
      - DispatcherServlet Registration did not find servlet registration bean (DispatcherServletAutoConfiguration.DispatcherServletRegistrationCondition)

   DispatcherServletAutoConfiguration.DispatcherServletRegistrationConfiguration#dispatcherServletRegistration matched:
      - @ConditionalOnBean (names: dispatcherServlet types: org.springframework.web.servlet.DispatcherServlet; SearchStrategy: all) found bean 'dispatcherServlet' (OnBeanCondition)

   EmbeddedWebServerFactoryCustomizerAutoConfiguration matched:
      - @ConditionalOnWebApplication (required) found 'session' scope (OnWebApplicationCondition)
      - @ConditionalOnWarDeployment the application is not deployed as a WAR file. (OnWarDeploymentCondition)

   EmbeddedWebServerFactoryCustomizerAutoConfiguration.NettyWebServerFactoryCustomizerConfiguration matched:
      - @ConditionalOnClass found required class 'reactor.netty.http.server.HttpServer' (OnClassCondition)

   EmbeddedWebServerFactoryCustomizerAutoConfiguration.TomcatWebServerFactoryCustomizerConfiguration matched:
      - @ConditionalOnClass found required classes 'org.apache.catalina.startup.Tomcat', 'org.apache.coyote.UpgradeProtocol' (OnClassCondition)

   ErrorMvcAutoConfiguration matched:
      - @ConditionalOnClass found required classes 'jakarta.servlet.Servlet', 'org.springframework.web.servlet.DispatcherServlet' (OnClassCondition)
      - found 'session' scope (OnWebApplicationCondition)

   ErrorMvcAutoConfiguration#basicErrorController matched:
      - @ConditionalOnMissingBean (types: org.springframework.boot.web.servlet.error.ErrorController; SearchStrategy: current) did not find any beans (OnBeanCondition)

   ErrorMvcAutoConfiguration#errorAttributes matched:
      - @ConditionalOnMissingBean (types: org.springframework.boot.web.servlet.error.ErrorAttributes; SearchStrategy: current) did not find any beans (OnBeanCondition)

   ErrorMvcAutoConfiguration.DefaultErrorViewResolverConfiguration#conventionErrorViewResolver matched:
      - @ConditionalOnBean (types: org.springframework.web.servlet.DispatcherServlet; SearchStrategy: all) found bean 'dispatcherServlet'; @ConditionalOnMissingBean (types: org.springframework.boot.autoconfigure.web.servlet.error.ErrorViewResolver; SearchStrategy: all) did not find any beans (OnBeanCondition)

   ErrorMvcAutoConfiguration.WhitelabelErrorViewConfiguration matched:
      - @ConditionalOnProperty (server.error.whitelabel.enabled) matched (OnPropertyCondition)
      - ErrorTemplate Missing did not find error template view (ErrorMvcAutoConfiguration.ErrorTemplateMissingCondition)

   ErrorMvcAutoConfiguration.WhitelabelErrorViewConfiguration#beanNameViewResolver matched:
      - @ConditionalOnMissingBean (types: org.springframework.web.servlet.view.BeanNameViewResolver; SearchStrategy: all) did not find any beans (OnBeanCondition)

   ErrorMvcAutoConfiguration.WhitelabelErrorViewConfiguration#defaultErrorView matched:
      - @ConditionalOnMissingBean (names: error; SearchStrategy: all) did not find any beans (OnBeanCondition)

   FlywayAutoConfiguration matched:
      - @ConditionalOnClass found required class 'org.flywaydb.core.Flyway' (OnClassCondition)
      - @ConditionalOnProperty (spring.flyway.enabled) matched (OnPropertyCondition)
      - AnyNestedCondition 2 matched 1 did not; NestedCondition on FlywayAutoConfiguration.FlywayDataSourceCondition.FlywayUrlCondition @ConditionalOnProperty (spring.flyway.url) did not find property 'url'; NestedCondition on FlywayAutoConfiguration.FlywayDataSourceCondition.JdbcConnectionDetailsCondition @ConditionalOnBean (types: org.springframework.boot.autoconfigure.jdbc.JdbcConnectionDetails; SearchStrategy: all) found bean 'jdbcConnectionDetails'; NestedCondition on FlywayAutoConfiguration.FlywayDataSourceCondition.DataSourceBeanCondition @ConditionalOnBean (types: javax.sql.DataSource; SearchStrategy: all) found bean 'dataSource' (FlywayAutoConfiguration.FlywayDataSourceCondition)

   FlywayAutoConfiguration.FlywayConfiguration matched:
      - @ConditionalOnClass found required class 'org.springframework.jdbc.support.JdbcUtils' (OnClassCondition)
      - @ConditionalOnMissingBean (types: org.flywaydb.core.Flyway; SearchStrategy: all) did not find any beans (OnBeanCondition)

   FlywayAutoConfiguration.FlywayConfiguration#flywayConnectionDetails matched:
      - @ConditionalOnMissingBean (types: org.springframework.boot.autoconfigure.flyway.FlywayConnectionDetails; SearchStrategy: all) did not find any beans (OnBeanCondition)

   FlywayAutoConfiguration.FlywayConfiguration#flywayInitializer matched:
      - @ConditionalOnMissingBean (types: org.springframework.boot.autoconfigure.flyway.FlywayMigrationInitializer; SearchStrategy: all) did not find any beans (OnBeanCondition)

   FlywayAutoConfiguration.FlywayConfiguration#postgresqlFlywayConfigurationCustomizer matched:
      - @ConditionalOnClass found required class 'org.flywaydb.core.internal.database.postgresql.PostgreSQLConfigurationExtension' (OnClassCondition)

   GsonAutoConfiguration matched:
      - @ConditionalOnClass found required class 'com.google.gson.Gson' (OnClassCondition)

   GsonAutoConfiguration#gson matched:
      - @ConditionalOnMissingBean (types: com.google.gson.Gson; SearchStrategy: all) did not find any beans (OnBeanCondition)

   GsonAutoConfiguration#gsonBuilder matched:
      - @ConditionalOnMissingBean (types: com.google.gson.GsonBuilder; SearchStrategy: all) did not find any beans (OnBeanCondition)

   GsonHttpMessageConvertersConfiguration matched:
      - @ConditionalOnClass found required class 'com.google.gson.Gson' (OnClassCondition)

   HttpEncodingAutoConfiguration matched:
      - @ConditionalOnClass found required class 'org.springframework.web.filter.CharacterEncodingFilter' (OnClassCondition)
      - found 'session' scope (OnWebApplicationCondition)
      - @ConditionalOnProperty (server.servlet.encoding.enabled) matched (OnPropertyCondition)

   HttpEncodingAutoConfiguration#characterEncodingFilter matched:
      - @ConditionalOnMissingBean (types: org.springframework.web.filter.CharacterEncodingFilter; SearchStrategy: all) did not find any beans (OnBeanCondition)

   HttpMessageConvertersAutoConfiguration matched:
      - @ConditionalOnClass found required class 'org.springframework.http.converter.HttpMessageConverter' (OnClassCondition)
      - NoneNestedConditions 0 matched 1 did not; NestedCondition on HttpMessageConvertersAutoConfiguration.NotReactiveWebApplicationCondition.ReactiveWebApplication did not find reactive web application classes (HttpMessageConvertersAutoConfiguration.NotReactiveWebApplicationCondition)

   HttpMessageConvertersAutoConfiguration#messageConverters matched:
      - @ConditionalOnMissingBean (types: org.springframework.boot.autoconfigure.http.HttpMessageConverters; SearchStrategy: all) did not find any beans (OnBeanCondition)

   HttpMessageConvertersAutoConfiguration.StringHttpMessageConverterConfiguration matched:
      - @ConditionalOnClass found required class 'org.springframework.http.converter.StringHttpMessageConverter' (OnClassCondition)

   HttpMessageConvertersAutoConfiguration.StringHttpMessageConverterConfiguration#stringHttpMessageConverter matched:
      - @ConditionalOnMissingBean (types: org.springframework.http.converter.StringHttpMessageConverter; SearchStrategy: all) did not find any beans (OnBeanCondition)

   JacksonAutoConfiguration matched:
      - @ConditionalOnClass found required class 'com.fasterxml.jackson.databind.ObjectMapper' (OnClassCondition)

   JacksonAutoConfiguration.Jackson2ObjectMapperBuilderCustomizerConfiguration matched:
      - @ConditionalOnClass found required class 'org.springframework.http.converter.json.Jackson2ObjectMapperBuilder' (OnClassCondition)

   JacksonAutoConfiguration.JacksonObjectMapperBuilderConfiguration matched:
      - @ConditionalOnClass found required class 'org.springframework.http.converter.json.Jackson2ObjectMapperBuilder' (OnClassCondition)

   JacksonAutoConfiguration.JacksonObjectMapperBuilderConfiguration#jacksonObjectMapperBuilder matched:
      - @ConditionalOnMissingBean (types: org.springframework.http.converter.json.Jackson2ObjectMapperBuilder; SearchStrategy: all) did not find any beans (OnBeanCondition)

   JacksonAutoConfiguration.JacksonObjectMapperConfiguration matched:
      - @ConditionalOnClass found required class 'org.springframework.http.converter.json.Jackson2ObjectMapperBuilder' (OnClassCondition)

   JacksonAutoConfiguration.JacksonObjectMapperConfiguration#jacksonObjectMapper matched:
      - @ConditionalOnMissingBean (types: com.fasterxml.jackson.databind.ObjectMapper; SearchStrategy: all) did not find any beans (OnBeanCondition)

   JacksonAutoConfiguration.ParameterNamesModuleConfiguration matched:
      - @ConditionalOnClass found required class 'com.fasterxml.jackson.module.paramnames.ParameterNamesModule' (OnClassCondition)

   JacksonAutoConfiguration.ParameterNamesModuleConfiguration#parameterNamesModule matched:
      - @ConditionalOnMissingBean (types: com.fasterxml.jackson.module.paramnames.ParameterNamesModule; SearchStrategy: all) did not find any beans (OnBeanCondition)

   JacksonHttpMessageConvertersConfiguration.MappingJackson2HttpMessageConverterConfiguration matched:
      - @ConditionalOnClass found required class 'com.fasterxml.jackson.databind.ObjectMapper' (OnClassCondition)
      - @ConditionalOnProperty (spring.mvc.converters.preferred-json-mapper=jackson) matched (OnPropertyCondition)
      - @ConditionalOnBean (types: com.fasterxml.jackson.databind.ObjectMapper; SearchStrategy: all) found bean 'jacksonObjectMapper' (OnBeanCondition)

   JacksonHttpMessageConvertersConfiguration.MappingJackson2HttpMessageConverterConfiguration#mappingJackson2HttpMessageConverter matched:
      - @ConditionalOnMissingBean (types: org.springframework.http.converter.json.MappingJackson2HttpMessageConverter ignored: org.springframework.hateoas.server.mvc.TypeConstrainedMappingJackson2HttpMessageConverter,org.springframework.data.rest.webmvc.alps.AlpsJsonHttpMessageConverter; SearchStrategy: all) did not find any beans (OnBeanCondition)

   JacksonHttpMessageConvertersConfiguration.MappingJackson2XmlHttpMessageConverterConfiguration matched:
      - @ConditionalOnClass found required class 'com.fasterxml.jackson.dataformat.xml.XmlMapper' (OnClassCondition)
      - @ConditionalOnBean (types: org.springframework.http.converter.json.Jackson2ObjectMapperBuilder; SearchStrategy: all) found bean 'jacksonObjectMapperBuilder' (OnBeanCondition)

   JacksonHttpMessageConvertersConfiguration.MappingJackson2XmlHttpMessageConverterConfiguration#mappingJackson2XmlHttpMessageConverter matched:
      - @ConditionalOnMissingBean (types: org.springframework.http.converter.xml.MappingJackson2XmlHttpMessageConverter; SearchStrategy: all) did not find any beans (OnBeanCondition)

   JdbcClientAutoConfiguration matched:
      - @ConditionalOnSingleCandidate (types: org.springframework.jdbc.core.namedparam.NamedParameterJdbcTemplate; SearchStrategy: all) found a single bean 'namedParameterJdbcTemplate'; @ConditionalOnMissingBean (types: org.springframework.jdbc.core.simple.JdbcClient; SearchStrategy: all) did not find any beans (OnBeanCondition)

   JdbcTemplateAutoConfiguration matched:
      - @ConditionalOnClass found required classes 'javax.sql.DataSource', 'org.springframework.jdbc.core.JdbcTemplate' (OnClassCondition)
      - @ConditionalOnSingleCandidate (types: javax.sql.DataSource; SearchStrategy: all) found a single bean 'dataSource' (OnBeanCondition)

   JdbcTemplateConfiguration matched:
      - @ConditionalOnMissingBean (types: org.springframework.jdbc.core.JdbcOperations; SearchStrategy: all) did not find any beans (OnBeanCondition)

   JmxAutoConfiguration matched:
      - @ConditionalOnClass found required class 'org.springframework.jmx.export.MBeanExporter' (OnClassCondition)
      - @ConditionalOnProperty (spring.jmx.enabled=true) matched (OnPropertyCondition)

   JmxAutoConfiguration#mbeanExporter matched:
      - @ConditionalOnMissingBean (types: org.springframework.jmx.export.MBeanExporter; SearchStrategy: current) did not find any beans (OnBeanCondition)

   JmxAutoConfiguration#mbeanServer matched:
      - @ConditionalOnMissingBean (types: javax.management.MBeanServer; SearchStrategy: all) did not find any beans (OnBeanCondition)

   JmxAutoConfiguration#objectNamingStrategy matched:
      - @ConditionalOnMissingBean (types: org.springframework.jmx.export.naming.ObjectNamingStrategy; SearchStrategy: current) did not find any beans (OnBeanCondition)

   LettuceConnectionConfiguration matched:
      - @ConditionalOnClass found required class 'io.lettuce.core.RedisClient' (OnClassCondition)
      - @ConditionalOnProperty (spring.data.redis.client-type=lettuce) matched (OnPropertyCondition)

   LettuceConnectionConfiguration#lettuceClientResources matched:
      - @ConditionalOnMissingBean (types: io.lettuce.core.resource.ClientResources; SearchStrategy: all) did not find any beans (OnBeanCondition)

   LettuceConnectionConfiguration#redisConnectionFactory matched:
      - @ConditionalOnMissingBean (types: org.springframework.data.redis.connection.RedisConnectionFactory; SearchStrategy: all) did not find any beans (OnBeanCondition)
      - @ConditionalOnThreading found PLATFORM (OnThreadingCondition)

   LifecycleAutoConfiguration#defaultLifecycleProcessor matched:
      - @ConditionalOnMissingBean (names: lifecycleProcessor; SearchStrategy: current) did not find any beans (OnBeanCondition)

   MultipartAutoConfiguration matched:
      - @ConditionalOnClass found required classes 'jakarta.servlet.Servlet', 'org.springframework.web.multipart.support.StandardServletMultipartResolver', 'jakarta.servlet.MultipartConfigElement' (OnClassCondition)
      - found 'session' scope (OnWebApplicationCondition)
      - @ConditionalOnProperty (spring.servlet.multipart.enabled) matched (OnPropertyCondition)

   MultipartAutoConfiguration#multipartConfigElement matched:
      - @ConditionalOnMissingBean (types: jakarta.servlet.MultipartConfigElement; SearchStrategy: all) did not find any beans (OnBeanCondition)

   MultipartAutoConfiguration#multipartResolver matched:
      - @ConditionalOnMissingBean (types: org.springframework.web.multipart.MultipartResolver; SearchStrategy: all) did not find any beans (OnBeanCondition)

   MybatisPlusAutoConfiguration matched:
      - @ConditionalOnClass found required classes 'org.apache.ibatis.session.SqlSessionFactory', 'org.mybatis.spring.SqlSessionFactoryBean' (OnClassCondition)
      - @ConditionalOnSingleCandidate (types: javax.sql.DataSource; SearchStrategy: all) found a single bean 'dataSource' (OnBeanCondition)

   MybatisPlusAutoConfiguration#ddlApplicationRunner matched:
      - @ConditionalOnMissingBean (types: com.baomidou.mybatisplus.autoconfigure.DdlApplicationRunner; SearchStrategy: all) did not find any beans (OnBeanCondition)

   MybatisPlusAutoConfiguration#sqlSessionFactory matched:
      - @ConditionalOnMissingBean (types: org.apache.ibatis.session.SqlSessionFactory; SearchStrategy: all) did not find any beans (OnBeanCondition)

   MybatisPlusAutoConfiguration#sqlSessionTemplate matched:
      - @ConditionalOnMissingBean (types: org.mybatis.spring.SqlSessionTemplate; SearchStrategy: all) did not find any beans (OnBeanCondition)

   MybatisPlusLanguageDriverAutoConfiguration matched:
      - @ConditionalOnClass found required class 'org.apache.ibatis.scripting.LanguageDriver' (OnClassCondition)

   NamedParameterJdbcTemplateConfiguration matched:
      - @ConditionalOnSingleCandidate (types: org.springframework.jdbc.core.JdbcTemplate; SearchStrategy: all) found a single bean 'jdbcTemplate'; @ConditionalOnMissingBean (types: org.springframework.jdbc.core.namedparam.NamedParameterJdbcOperations; SearchStrategy: all) did not find any beans (OnBeanCondition)

   NettyAutoConfiguration matched:
      - @ConditionalOnClass found required class 'io.netty.util.NettyRuntime' (OnClassCondition)

   PersistenceExceptionTranslationAutoConfiguration matched:
      - @ConditionalOnClass found required class 'org.springframework.dao.annotation.PersistenceExceptionTranslationPostProcessor' (OnClassCondition)

   PersistenceExceptionTranslationAutoConfiguration#persistenceExceptionTranslationPostProcessor matched:
      - @ConditionalOnProperty (spring.dao.exceptiontranslation.enabled) matched (OnPropertyCondition)
      - @ConditionalOnMissingBean (types: org.springframework.dao.annotation.PersistenceExceptionTranslationPostProcessor; SearchStrategy: all) did not find any beans (OnBeanCondition)

   PropertyPlaceholderAutoConfiguration#propertySourcesPlaceholderConfigurer matched:
      - @ConditionalOnMissingBean (types: org.springframework.context.support.PropertySourcesPlaceholderConfigurer; SearchStrategy: current) did not find any beans (OnBeanCondition)

   RabbitAnnotationDrivenConfiguration matched:
      - @ConditionalOnClass found required class 'org.springframework.amqp.rabbit.annotation.EnableRabbit' (OnClassCondition)

   RabbitAnnotationDrivenConfiguration#directRabbitListenerContainerFactoryConfigurer matched:
      - @ConditionalOnMissingBean (types: org.springframework.boot.autoconfigure.amqp.DirectRabbitListenerContainerFactoryConfigurer; SearchStrategy: all) did not find any beans (OnBeanCondition)
      - @ConditionalOnThreading found PLATFORM (OnThreadingCondition)

   RabbitAnnotationDrivenConfiguration#simpleRabbitListenerContainerFactory matched:
      - @ConditionalOnProperty (spring.rabbitmq.listener.type=simple) matched (OnPropertyCondition)
      - @ConditionalOnMissingBean (names: rabbitListenerContainerFactory; SearchStrategy: all) did not find any beans (OnBeanCondition)

   RabbitAnnotationDrivenConfiguration#simpleRabbitListenerContainerFactoryConfigurer matched:
      - @ConditionalOnMissingBean (types: org.springframework.boot.autoconfigure.amqp.SimpleRabbitListenerContainerFactoryConfigurer; SearchStrategy: all) did not find any beans (OnBeanCondition)
      - @ConditionalOnThreading found PLATFORM (OnThreadingCondition)

   RabbitAnnotationDrivenConfiguration.EnableRabbitConfiguration matched:
      - @ConditionalOnMissingBean (names: org.springframework.amqp.rabbit.config.internalRabbitListenerAnnotationProcessor; SearchStrategy: all) did not find any beans (OnBeanCondition)

   RabbitAutoConfiguration matched:
      - @ConditionalOnClass found required classes 'org.springframework.amqp.rabbit.core.RabbitTemplate', 'com.rabbitmq.client.Channel' (OnClassCondition)

   RabbitAutoConfiguration.MessagingTemplateConfiguration matched:
      - @ConditionalOnClass found required class 'org.springframework.amqp.rabbit.core.RabbitMessagingTemplate' (OnClassCondition)
      - @ConditionalOnMissingBean (types: org.springframework.amqp.rabbit.core.RabbitMessagingTemplate; SearchStrategy: all) did not find any beans (OnBeanCondition)

   RabbitAutoConfiguration.MessagingTemplateConfiguration#rabbitMessagingTemplate matched:
      - @ConditionalOnSingleCandidate (types: org.springframework.amqp.rabbit.core.RabbitTemplate; SearchStrategy: all) found a single bean 'rabbitTemplate' (OnBeanCondition)

   RabbitAutoConfiguration.RabbitConnectionFactoryCreator#rabbitConnectionDetails matched:
      - @ConditionalOnMissingBean (types: org.springframework.boot.autoconfigure.amqp.RabbitConnectionDetails; SearchStrategy: all) did not find any beans (OnBeanCondition)

   RabbitAutoConfiguration.RabbitConnectionFactoryCreator#rabbitConnectionFactory matched:
      - @ConditionalOnMissingBean (types: org.springframework.amqp.rabbit.connection.ConnectionFactory; SearchStrategy: all) did not find any beans (OnBeanCondition)

   RabbitAutoConfiguration.RabbitConnectionFactoryCreator#rabbitConnectionFactoryBeanConfigurer matched:
      - @ConditionalOnMissingBean (types: org.springframework.boot.autoconfigure.amqp.RabbitConnectionFactoryBeanConfigurer; SearchStrategy: all) did not find any beans (OnBeanCondition)

   RabbitAutoConfiguration.RabbitConnectionFactoryCreator#rabbitConnectionFactoryConfigurer matched:
      - @ConditionalOnMissingBean (types: org.springframework.boot.autoconfigure.amqp.CachingConnectionFactoryConfigurer; SearchStrategy: all) did not find any beans (OnBeanCondition)

   RabbitAutoConfiguration.RabbitTemplateConfiguration#amqpAdmin matched:
      - @ConditionalOnProperty (spring.rabbitmq.dynamic) matched (OnPropertyCondition)
      - @ConditionalOnSingleCandidate (types: org.springframework.amqp.rabbit.connection.ConnectionFactory; SearchStrategy: all) found a single bean 'rabbitConnectionFactory'; @ConditionalOnMissingBean (types: org.springframework.amqp.core.AmqpAdmin; SearchStrategy: all) did not find any beans (OnBeanCondition)

   RabbitAutoConfiguration.RabbitTemplateConfiguration#rabbitTemplate matched:
      - @ConditionalOnSingleCandidate (types: org.springframework.amqp.rabbit.connection.ConnectionFactory; SearchStrategy: all) found a single bean 'rabbitConnectionFactory'; @ConditionalOnMissingBean (types: org.springframework.amqp.rabbit.core.RabbitOperations; SearchStrategy: all) did not find any beans (OnBeanCondition)

   RabbitAutoConfiguration.RabbitTemplateConfiguration#rabbitTemplateConfigurer matched:
      - @ConditionalOnMissingBean (types: org.springframework.boot.autoconfigure.amqp.RabbitTemplateConfigurer; SearchStrategy: all) did not find any beans (OnBeanCondition)

   ReactorAutoConfiguration matched:
      - @ConditionalOnClass found required class 'reactor.core.publisher.Hooks' (OnClassCondition)

   RedisAutoConfiguration matched:
      - @ConditionalOnClass found required class 'org.springframework.data.redis.core.RedisOperations' (OnClassCondition)

   RedisAutoConfiguration#redisConnectionDetails matched:
      - @ConditionalOnMissingBean (types: org.springframework.boot.autoconfigure.data.redis.RedisConnectionDetails; SearchStrategy: all) did not find any beans (OnBeanCondition)

   RedisAutoConfiguration#stringRedisTemplate matched:
      - @ConditionalOnSingleCandidate (types: org.springframework.data.redis.connection.RedisConnectionFactory; SearchStrategy: all) found a single bean 'redisConnectionFactory'; @ConditionalOnMissingBean (types: org.springframework.data.redis.core.StringRedisTemplate; SearchStrategy: all) did not find any beans (OnBeanCondition)

   RedisCacheConfiguration matched:
      - @ConditionalOnClass found required class 'org.springframework.data.redis.connection.RedisConnectionFactory' (OnClassCondition)
      - Cache org.springframework.boot.autoconfigure.cache.RedisCacheConfiguration REDIS cache type (CacheCondition)

   RedisReactiveAutoConfiguration matched:
      - @ConditionalOnClass found required classes 'org.springframework.data.redis.connection.ReactiveRedisConnectionFactory', 'org.springframework.data.redis.core.ReactiveRedisTemplate', 'reactor.core.publisher.Flux' (OnClassCondition)

   RedisReactiveAutoConfiguration#reactiveRedisTemplate matched:
      - @ConditionalOnBean (types: org.springframework.data.redis.connection.ReactiveRedisConnectionFactory; SearchStrategy: all) found bean 'redisConnectionFactory'; @ConditionalOnMissingBean (names: reactiveRedisTemplate; SearchStrategy: all) did not find any beans (OnBeanCondition)

   RedisReactiveAutoConfiguration#reactiveStringRedisTemplate matched:
      - @ConditionalOnBean (types: org.springframework.data.redis.connection.ReactiveRedisConnectionFactory; SearchStrategy: all) found bean 'redisConnectionFactory'; @ConditionalOnMissingBean (names: reactiveStringRedisTemplate; SearchStrategy: all) did not find any beans (OnBeanCondition)

   RedisRepositoriesAutoConfiguration matched:
      - @ConditionalOnClass found required class 'org.springframework.data.redis.repository.configuration.EnableRedisRepositories' (OnClassCondition)
      - @ConditionalOnProperty (spring.data.redis.repositories.enabled=true) matched (OnPropertyCondition)
      - @ConditionalOnBean (types: org.springframework.data.redis.connection.RedisConnectionFactory; SearchStrategy: all) found bean 'redisConnectionFactory'; @ConditionalOnMissingBean (types: org.springframework.data.redis.repository.support.RedisRepositoryFactoryBean; SearchStrategy: all) did not find any beans (OnBeanCondition)

   RestClientAutoConfiguration matched:
      - @ConditionalOnClass found required class 'org.springframework.web.client.RestClient' (OnClassCondition)
      - NoneNestedConditions 0 matched 1 did not; NestedCondition on NotReactiveWebApplicationCondition.ReactiveWebApplication did not find reactive web application classes (NotReactiveWebApplicationCondition)

   RestClientAutoConfiguration#httpMessageConvertersRestClientCustomizer matched:
      - @ConditionalOnMissingBean (types: org.springframework.boot.autoconfigure.web.client.HttpMessageConvertersRestClientCustomizer; SearchStrategy: all) did not find any beans (OnBeanCondition)

   RestClientAutoConfiguration#restClientBuilder matched:
      - @ConditionalOnMissingBean (types: org.springframework.web.client.RestClient$Builder; SearchStrategy: all) did not find any beans (OnBeanCondition)

   RestClientAutoConfiguration#restClientBuilderConfigurer matched:
      - @ConditionalOnMissingBean (types: org.springframework.boot.autoconfigure.web.client.RestClientBuilderConfigurer; SearchStrategy: all) did not find any beans (OnBeanCondition)

   RestClientAutoConfiguration#restClientSsl matched:
      - @ConditionalOnBean (types: org.springframework.boot.ssl.SslBundles; SearchStrategy: all) found bean 'sslBundleRegistry'; @ConditionalOnMissingBean (types: org.springframework.boot.autoconfigure.web.client.RestClientSsl; SearchStrategy: all) did not find any beans (OnBeanCondition)

   RestTemplateAutoConfiguration matched:
      - @ConditionalOnClass found required class 'org.springframework.web.client.RestTemplate' (OnClassCondition)
      - NoneNestedConditions 0 matched 1 did not; NestedCondition on NotReactiveWebApplicationCondition.ReactiveWebApplication did not find reactive web application classes (NotReactiveWebApplicationCondition)

   RestTemplateAutoConfiguration#restTemplateBuilder matched:
      - @ConditionalOnMissingBean (types: org.springframework.boot.web.client.RestTemplateBuilder; SearchStrategy: all) did not find any beans (OnBeanCondition)

   SecurityAutoConfiguration matched:
      - @ConditionalOnClass found required class 'org.springframework.security.authentication.DefaultAuthenticationEventPublisher' (OnClassCondition)

   SecurityAutoConfiguration#authenticationEventPublisher matched:
      - @ConditionalOnMissingBean (types: org.springframework.security.authentication.AuthenticationEventPublisher; SearchStrategy: all) did not find any beans (OnBeanCondition)

   SecurityFilterAutoConfiguration matched:
      - @ConditionalOnClass found required classes 'org.springframework.security.web.context.AbstractSecurityWebApplicationInitializer', 'org.springframework.security.config.http.SessionCreationPolicy' (OnClassCondition)
      - found 'session' scope (OnWebApplicationCondition)

   SecurityFilterAutoConfiguration#securityFilterChainRegistration matched:
      - @ConditionalOnBean (names: springSecurityFilterChain; SearchStrategy: all) found bean 'springSecurityFilterChain' (OnBeanCondition)

   ServletWebServerFactoryAutoConfiguration matched:
      - @ConditionalOnClass found required class 'jakarta.servlet.ServletRequest' (OnClassCondition)
      - found 'session' scope (OnWebApplicationCondition)

   ServletWebServerFactoryAutoConfiguration#tomcatServletWebServerFactoryCustomizer matched:
      - @ConditionalOnClass found required class 'org.apache.catalina.startup.Tomcat' (OnClassCondition)

   ServletWebServerFactoryConfiguration.EmbeddedTomcat matched:
      - @ConditionalOnClass found required classes 'jakarta.servlet.Servlet', 'org.apache.catalina.startup.Tomcat', 'org.apache.coyote.UpgradeProtocol' (OnClassCondition)
      - @ConditionalOnMissingBean (types: org.springframework.boot.web.servlet.server.ServletWebServerFactory; SearchStrategy: current) did not find any beans (OnBeanCondition)

   SpringApplicationAdminJmxAutoConfiguration matched:
      - @ConditionalOnProperty (spring.application.admin.enabled=true) matched (OnPropertyCondition)

   SpringApplicationAdminJmxAutoConfiguration#springApplicationAdminRegistrar matched:
      - @ConditionalOnMissingBean (types: org.springframework.boot.admin.SpringApplicationAdminMXBeanRegistrar; SearchStrategy: all) did not find any beans (OnBeanCondition)

   SpringBootWebSecurityConfiguration matched:
      - found 'session' scope (OnWebApplicationCondition)

   SpringDataWebAutoConfiguration matched:
      - @ConditionalOnClass found required classes 'org.springframework.data.web.PageableHandlerMethodArgumentResolver', 'org.springframework.web.servlet.config.annotation.WebMvcConfigurer' (OnClassCondition)
      - found 'session' scope (OnWebApplicationCondition)
      - @ConditionalOnMissingBean (types: org.springframework.data.web.PageableHandlerMethodArgumentResolver; SearchStrategy: all) did not find any beans (OnBeanCondition)

   SpringDataWebAutoConfiguration#pageableCustomizer matched:
      - @ConditionalOnMissingBean (types: org.springframework.data.web.config.PageableHandlerMethodArgumentResolverCustomizer; SearchStrategy: all) did not find any beans (OnBeanCondition)

   SpringDataWebAutoConfiguration#sortCustomizer matched:
      - @ConditionalOnMissingBean (types: org.springframework.data.web.config.SortHandlerMethodArgumentResolverCustomizer; SearchStrategy: all) did not find any beans (OnBeanCondition)

   SpringDocConfigProperties matched:
      - @ConditionalOnProperty (springdoc.api-docs.enabled) matched (OnPropertyCondition)
      - @ConditionalOnBean (types: org.springdoc.core.configuration.SpringDocConfiguration; SearchStrategy: all) found bean 'org.springdoc.core.configuration.SpringDocConfiguration' (OnBeanCondition)

   SpringDocConfiguration matched:
      - @ConditionalOnWebApplication (required) found 'session' scope (OnWebApplicationCondition)
      - @ConditionalOnProperty (springdoc.api-docs.enabled) matched (OnPropertyCondition)

   SpringDocConfiguration#fileSupportConverter matched:
      - @ConditionalOnMissingBean (types: org.springdoc.core.converters.FileSupportConverter; SearchStrategy: all) did not find any beans (OnBeanCondition)

   SpringDocConfiguration#openAPIBuilder matched:
      - @ConditionalOnMissingBean (types: org.springdoc.core.service.OpenAPIService; SearchStrategy: all) did not find any beans (OnBeanCondition)

   SpringDocConfiguration#operationBuilder matched:
      - @ConditionalOnMissingBean (types: org.springdoc.core.service.OperationService; SearchStrategy: all) did not find any beans (OnBeanCondition)

   SpringDocConfiguration#parameterBuilder matched:
      - @ConditionalOnMissingBean (types: org.springdoc.core.service.GenericParameterService; SearchStrategy: all) did not find any beans (OnBeanCondition)

   SpringDocConfiguration#polymorphicModelConverter matched:
      - @ConditionalOnProperty (springdoc.model-converters.polymorphic-converter.enabled) matched (OnPropertyCondition)
      - @ConditionalOnMissingBean (types: org.springdoc.core.converters.PolymorphicModelConverter; SearchStrategy: all) did not find any beans (OnBeanCondition)

   SpringDocConfiguration#requestBodyBuilder matched:
      - @ConditionalOnMissingBean (types: org.springdoc.core.service.RequestBodyService; SearchStrategy: all) did not find any beans (OnBeanCondition)

   SpringDocConfiguration#responseSupportConverter matched:
      - @ConditionalOnMissingBean (types: org.springdoc.core.converters.ResponseSupportConverter; SearchStrategy: all) did not find any beans (OnBeanCondition)

   SpringDocConfiguration#schemaPropertyDeprecatingConverter matched:
      - @ConditionalOnProperty (springdoc.model-converters.deprecating-converter.enabled) matched (OnPropertyCondition)
      - @ConditionalOnMissingBean (types: org.springdoc.core.converters.SchemaPropertyDeprecatingConverter; SearchStrategy: all) did not find any beans (OnBeanCondition)

   SpringDocConfiguration#securityParser matched:
      - @ConditionalOnMissingBean (types: org.springdoc.core.service.SecurityService; SearchStrategy: all) did not find any beans (OnBeanCondition)

   SpringDocConfiguration#springDocCustomizers matched:
      - @ConditionalOnMissingBean (types: org.springdoc.core.customizers.SpringDocCustomizers; SearchStrategy: all) did not find any beans (OnBeanCondition)

   SpringDocConfiguration#springDocProviders matched:
      - @ConditionalOnMissingBean (types: org.springdoc.core.providers.SpringDocProviders; SearchStrategy: all) did not find any beans (OnBeanCondition)

   SpringDocConfiguration#springdocObjectMapperProvider matched:
      - @ConditionalOnMissingBean (types: org.springdoc.core.providers.ObjectMapperProvider; SearchStrategy: all) did not find any beans (OnBeanCondition)

   SpringDocConfiguration.QuerydslProvider matched:
      - @ConditionalOnClass found required class 'org.springframework.data.querydsl.binding.QuerydslBindingsFactory' (OnClassCondition)

   SpringDocConfiguration.QuerydslProvider#queryDslQuerydslPredicateOperationCustomizer matched:
      - @ConditionalOnMissingBean (types: org.springdoc.core.customizers.QuerydslPredicateOperationCustomizer; SearchStrategy: all) did not find any beans (OnBeanCondition)

   SpringDocConfiguration.SpringDocSpringDataWebPropertiesProvider matched:
      - @ConditionalOnClass found required class 'org.springframework.boot.autoconfigure.data.web.SpringDataWebProperties' (OnClassCondition)

   SpringDocConfiguration.SpringDocSpringDataWebPropertiesProvider#springDataWebPropertiesProvider matched:
      - @ConditionalOnMissingBean (types: org.springdoc.core.providers.SpringDataWebPropertiesProvider; SearchStrategy: all) did not find any beans (OnBeanCondition)

   SpringDocConfiguration.SpringDocWebFluxSupportConfiguration matched:
      - @ConditionalOnClass found required class 'reactor.core.publisher.Flux' (OnClassCondition)

   SpringDocConfiguration.SpringDocWebFluxSupportConfiguration#webFluxSupportConverter matched:
      - @ConditionalOnMissingBean (types: org.springdoc.core.converters.WebFluxSupportConverter; SearchStrategy: all) did not find any beans (OnBeanCondition)

   SpringDocConfiguration.WebConversionServiceConfiguration matched:
      - @ConditionalOnClass found required class 'org.springframework.boot.autoconfigure.web.format.WebConversionService' (OnClassCondition)

   SpringDocKotlinConfiguration matched:
      - @ConditionalOnClass found required class 'kotlin.coroutines.Continuation' (OnClassCondition)
      - @ConditionalOnWebApplication (required) found 'session' scope (OnWebApplicationCondition)
      - @ConditionalOnProperty (springdoc.api-docs.enabled) matched (OnPropertyCondition)
      - @ConditionalOnExpression (#{${springdoc.api-docs.enabled:true} and ${springdoc.enable-kotlin:true}}) resulted in true (OnExpressionCondition)
      - @ConditionalOnBean (types: org.springdoc.core.configuration.SpringDocConfiguration; SearchStrategy: all) found bean 'org.springdoc.core.configuration.SpringDocConfiguration' (OnBeanCondition)

   SpringDocKotlinConfiguration#kotlinCoroutinesReturnTypeParser matched:
      - @ConditionalOnMissingBean (types: org.springdoc.core.parsers.KotlinCoroutinesReturnTypeParser; SearchStrategy: all) did not find any beans (OnBeanCondition)

   SpringDocKotlinConfiguration#nullableKotlinRequestParameterCustomizer matched:
      - @ConditionalOnProperty (springdoc.nullable-request-parameter-enabled) matched (OnPropertyCondition)
      - @ConditionalOnMissingBean (types: org.springdoc.core.customizers.ParameterCustomizer; SearchStrategy: all) did not find any beans (OnBeanCondition)

   SpringDocPageableConfiguration matched:
      - @ConditionalOnClass found required class 'org.springframework.data.domain.Pageable' (OnClassCondition)
      - @ConditionalOnWebApplication (required) found 'session' scope (OnWebApplicationCondition)
      - @ConditionalOnProperty (springdoc.api-docs.enabled) matched (OnPropertyCondition)
      - @ConditionalOnBean (types: org.springdoc.core.configuration.SpringDocConfiguration; SearchStrategy: all) found bean 'org.springdoc.core.configuration.SpringDocConfiguration' (OnBeanCondition)

   SpringDocPageableConfiguration#delegatingMethodParameterCustomizer matched:
      - @ConditionalOnMissingBean (types: org.springdoc.core.customizers.DelegatingMethodParameterCustomizer; SearchStrategy: all) did not find any beans (OnBeanCondition)

   SpringDocPageableConfiguration#pageableOpenAPIConverter matched:
      - @ConditionalOnProperty (springdoc.model-converters.pageable-converter.enabled) matched (OnPropertyCondition)
      - @ConditionalOnMissingBean (types: org.springdoc.core.converters.PageableOpenAPIConverter; SearchStrategy: all) did not find any beans (OnBeanCondition)

   SpringDocSecurityConfiguration matched:
      - @ConditionalOnClass found required class 'org.springframework.security.web.SecurityFilterChain' (OnClassCondition)
      - @ConditionalOnWebApplication (required) found 'session' scope (OnWebApplicationCondition)
      - @ConditionalOnExpression (#{${springdoc.api-docs.enabled:true} and ${springdoc.enable-spring-security:true}}) resulted in true (OnExpressionCondition)
      - @ConditionalOnBean (types: org.springdoc.core.configuration.SpringDocConfiguration; SearchStrategy: all) found bean 'org.springdoc.core.configuration.SpringDocConfiguration' (OnBeanCondition)

   SpringDocSecurityConfiguration.SpringSecurityLoginEndpointConfiguration matched:
      - @ConditionalOnClass found required class 'jakarta.servlet.Filter' (OnClassCondition)

   SpringDocSortConfiguration matched:
      - @ConditionalOnClass found required class 'org.springframework.data.domain.Sort' (OnClassCondition)
      - @ConditionalOnWebApplication (required) found 'session' scope (OnWebApplicationCondition)
      - @ConditionalOnProperty (springdoc.api-docs.enabled) matched (OnPropertyCondition)
      - @ConditionalOnBean (types: org.springdoc.core.configuration.SpringDocConfiguration; SearchStrategy: all) found bean 'org.springdoc.core.configuration.SpringDocConfiguration' (OnBeanCondition)

   SpringDocSortConfiguration#sortOpenAPIConverter matched:
      - @ConditionalOnProperty (springdoc.sort-converter.enabled) matched (OnPropertyCondition)
      - @ConditionalOnMissingBean (types: org.springdoc.core.converters.SortOpenAPIConverter; SearchStrategy: all) did not find any beans (OnBeanCondition)

   SpringDocUIConfiguration matched:
      - @ConditionalOnWebApplication (required) found 'session' scope (OnWebApplicationCondition)
      - @ConditionalOnBean (types: org.springdoc.core.configuration.SpringDocConfiguration; SearchStrategy: all) found bean 'org.springdoc.core.configuration.SpringDocConfiguration' (OnBeanCondition)

   SpringDocWebMvcConfiguration matched:
      - found 'session' scope (OnWebApplicationCondition)
      - @ConditionalOnProperty (springdoc.api-docs.enabled) matched (OnPropertyCondition)
      - @ConditionalOnBean (types: org.springdoc.core.configuration.SpringDocConfiguration; SearchStrategy: all) found bean 'org.springdoc.core.configuration.SpringDocConfiguration' (OnBeanCondition)

   SpringDocWebMvcConfiguration#openApiResource matched:
      - @ConditionalOnExpression (#{(${springdoc.use-management-port:false} == false ) and ${springdoc.enable-default-api-docs:true}}) resulted in true (OnExpressionCondition)
      - @ConditionalOnMissingBean (types: org.springdoc.webmvc.api.OpenApiWebMvcResource; SearchStrategy: all) did not find any beans (OnBeanCondition)

   SpringDocWebMvcConfiguration#requestBuilder matched:
      - @ConditionalOnMissingBean (types: org.springdoc.webmvc.core.service.RequestService; SearchStrategy: all) did not find any beans (OnBeanCondition)

   SpringDocWebMvcConfiguration#responseBuilder matched:
      - @ConditionalOnMissingBean (types: org.springdoc.core.service.GenericResponseService; SearchStrategy: all) did not find any beans (OnBeanCondition)

   SpringDocWebMvcConfiguration#springWebProvider matched:
      - @ConditionalOnMissingBean (types: org.springdoc.core.providers.SpringWebProvider; SearchStrategy: all) did not find any beans (OnBeanCondition)

   SpringDocWebMvcConfiguration.SpringDocWebMvcRouterConfiguration matched:
      - @ConditionalOnClass found required class 'org.springframework.web.servlet.function.RouterFunction' (OnClassCondition)

   SpringDocWebMvcConfiguration.SpringDocWebMvcRouterConfiguration#routerFunctionProvider matched:
      - @ConditionalOnMissingBean (types: org.springdoc.webmvc.core.providers.RouterFunctionWebMvcProvider; SearchStrategy: all) did not find any beans (OnBeanCondition)

   SqlInitializationAutoConfiguration matched:
      - @ConditionalOnProperty (spring.sql.init.enabled) matched (OnPropertyCondition)
      - NoneNestedConditions 0 matched 1 did not; NestedCondition on SqlInitializationAutoConfiguration.SqlInitializationModeCondition.ModeIsNever @ConditionalOnProperty (spring.sql.init.mode=never) did not find property 'mode' (SqlInitializationAutoConfiguration.SqlInitializationModeCondition)

   SslAutoConfiguration#sslBundleRegistry matched:
      - @ConditionalOnMissingBean (types: org.springframework.boot.ssl.SslBundleRegistry,org.springframework.boot.ssl.SslBundles; SearchStrategy: all) did not find any beans (OnBeanCondition)

   SwaggerConfig matched:
      - found 'session' scope (OnWebApplicationCondition)
      - @ConditionalOnProperty (springdoc.swagger-ui.enabled) matched (OnPropertyCondition)
      - @ConditionalOnBean (types: org.springdoc.core.configuration.SpringDocConfiguration; SearchStrategy: all) found bean 'org.springdoc.core.configuration.SpringDocConfiguration' (OnBeanCondition)

   SwaggerConfig#indexPageTransformer matched:
      - @ConditionalOnMissingBean (types: org.springdoc.webmvc.ui.SwaggerIndexTransformer; SearchStrategy: all) did not find any beans (OnBeanCondition)

   SwaggerConfig#swaggerConfigResource matched:
      - @ConditionalOnProperty (springdoc.use-management-port=false) matched (OnPropertyCondition)
      - @ConditionalOnMissingBean (types: org.springdoc.webmvc.ui.SwaggerConfigResource; SearchStrategy: all) did not find any beans (OnBeanCondition)

   SwaggerConfig#swaggerResourceResolver matched:
      - @ConditionalOnMissingBean (types: org.springdoc.webmvc.ui.SwaggerResourceResolver; SearchStrategy: all) did not find any beans (OnBeanCondition)

   SwaggerConfig#swaggerWebMvcConfigurer matched:
      - @ConditionalOnMissingBean (types: org.springdoc.webmvc.ui.SwaggerWebMvcConfigurer; SearchStrategy: all) did not find any beans (OnBeanCondition)

   SwaggerConfig#swaggerWelcome matched:
      - @ConditionalOnProperty (springdoc.use-management-port=false) matched (OnPropertyCondition)
      - @ConditionalOnMissingBean (types: org.springdoc.webmvc.ui.SwaggerWelcomeWebMvc; SearchStrategy: all) did not find any beans (OnBeanCondition)

   SwaggerUiConfigParameters matched:
      - @ConditionalOnProperty (springdoc.swagger-ui.enabled) matched (OnPropertyCondition)
      - @ConditionalOnBean (types: org.springdoc.core.configuration.SpringDocConfiguration; SearchStrategy: all) found bean 'org.springdoc.core.configuration.SpringDocConfiguration' (OnBeanCondition)

   SwaggerUiConfigProperties matched:
      - @ConditionalOnProperty (springdoc.swagger-ui.enabled) matched (OnPropertyCondition)
      - @ConditionalOnBean (types: org.springdoc.core.configuration.SpringDocConfiguration; SearchStrategy: all) found bean 'org.springdoc.core.configuration.SpringDocConfiguration' (OnBeanCondition)

   SwaggerUiOAuthProperties matched:
      - @ConditionalOnProperty (springdoc.swagger-ui.enabled) matched (OnPropertyCondition)
      - @ConditionalOnBean (types: org.springdoc.core.configuration.SpringDocConfiguration; SearchStrategy: all) found bean 'org.springdoc.core.configuration.SpringDocConfiguration' (OnBeanCondition)

   TaskExecutionAutoConfiguration matched:
      - @ConditionalOnClass found required class 'org.springframework.scheduling.concurrent.ThreadPoolTaskExecutor' (OnClassCondition)

   TaskExecutorConfigurations.SimpleAsyncTaskExecutorBuilderConfiguration#simpleAsyncTaskExecutorBuilder matched:
      - @ConditionalOnMissingBean (types: org.springframework.boot.task.SimpleAsyncTaskExecutorBuilder; SearchStrategy: all) did not find any beans (OnBeanCondition)
      - @ConditionalOnThreading found PLATFORM (OnThreadingCondition)

   TaskExecutorConfigurations.TaskExecutorBuilderConfiguration#taskExecutorBuilder matched:
      - @ConditionalOnMissingBean (types: org.springframework.boot.task.TaskExecutorBuilder; SearchStrategy: all) did not find any beans (OnBeanCondition)

   TaskExecutorConfigurations.ThreadPoolTaskExecutorBuilderConfiguration#threadPoolTaskExecutorBuilder matched:
      - @ConditionalOnMissingBean (types: org.springframework.boot.task.TaskExecutorBuilder,org.springframework.boot.task.ThreadPoolTaskExecutorBuilder; SearchStrategy: all) did not find any beans (OnBeanCondition)

   TaskSchedulingAutoConfiguration matched:
      - @ConditionalOnClass found required class 'org.springframework.scheduling.concurrent.ThreadPoolTaskScheduler' (OnClassCondition)

   TaskSchedulingConfigurations.SimpleAsyncTaskSchedulerBuilderConfiguration#simpleAsyncTaskSchedulerBuilder matched:
      - @ConditionalOnMissingBean (types: org.springframework.boot.task.SimpleAsyncTaskSchedulerBuilder; SearchStrategy: all) did not find any beans (OnBeanCondition)
      - @ConditionalOnThreading found PLATFORM (OnThreadingCondition)

   TaskSchedulingConfigurations.TaskSchedulerBuilderConfiguration#taskSchedulerBuilder matched:
      - @ConditionalOnMissingBean (types: org.springframework.boot.task.TaskSchedulerBuilder; SearchStrategy: all) did not find any beans (OnBeanCondition)

   TaskSchedulingConfigurations.ThreadPoolTaskSchedulerBuilderConfiguration#threadPoolTaskSchedulerBuilder matched:
      - @ConditionalOnMissingBean (types: org.springframework.boot.task.TaskSchedulerBuilder,org.springframework.boot.task.ThreadPoolTaskSchedulerBuilder; SearchStrategy: all) did not find any beans (OnBeanCondition)

   TransactionAutoConfiguration matched:
      - @ConditionalOnClass found required class 'org.springframework.transaction.PlatformTransactionManager' (OnClassCondition)

   TransactionAutoConfiguration.EnableTransactionManagementConfiguration matched:
      - @ConditionalOnBean (types: org.springframework.transaction.TransactionManager; SearchStrategy: all) found bean 'transactionManager'; @ConditionalOnMissingBean (types: org.springframework.transaction.annotation.AbstractTransactionManagementConfiguration; SearchStrategy: all) did not find any beans (OnBeanCondition)

   TransactionAutoConfiguration.EnableTransactionManagementConfiguration.CglibAutoProxyConfiguration matched:
      - @ConditionalOnProperty (spring.aop.proxy-target-class=true) matched (OnPropertyCondition)

   TransactionAutoConfiguration.TransactionTemplateConfiguration matched:
      - @ConditionalOnSingleCandidate (types: org.springframework.transaction.PlatformTransactionManager; SearchStrategy: all) found a single bean 'transactionManager' (OnBeanCondition)

   TransactionAutoConfiguration.TransactionTemplateConfiguration#transactionTemplate matched:
      - @ConditionalOnMissingBean (types: org.springframework.transaction.support.TransactionOperations; SearchStrategy: all) did not find any beans (OnBeanCondition)

   TransactionManagerCustomizationAutoConfiguration matched:
      - @ConditionalOnClass found required class 'org.springframework.transaction.PlatformTransactionManager' (OnClassCondition)

   TransactionManagerCustomizationAutoConfiguration#platformTransactionManagerCustomizers matched:
      - @ConditionalOnMissingBean (types: org.springframework.boot.autoconfigure.transaction.TransactionManagerCustomizers; SearchStrategy: all) did not find any beans (OnBeanCondition)

   ValidationAutoConfiguration matched:
      - @ConditionalOnClass found required class 'jakarta.validation.executable.ExecutableValidator' (OnClassCondition)
      - @ConditionalOnResource found location classpath:META-INF/services/jakarta.validation.spi.ValidationProvider (OnResourceCondition)

   ValidationAutoConfiguration#defaultValidator matched:
      - @ConditionalOnMissingBean (types: jakarta.validation.Validator; SearchStrategy: all) did not find any beans (OnBeanCondition)

   ValidationAutoConfiguration#methodValidationPostProcessor matched:
      - @ConditionalOnMissingBean (types: org.springframework.validation.beanvalidation.MethodValidationPostProcessor; SearchStrategy: current) did not find any beans (OnBeanCondition)

   WebMvcAutoConfiguration matched:
      - @ConditionalOnClass found required classes 'jakarta.servlet.Servlet', 'org.springframework.web.servlet.DispatcherServlet', 'org.springframework.web.servlet.config.annotation.WebMvcConfigurer' (OnClassCondition)
      - found 'session' scope (OnWebApplicationCondition)
      - @ConditionalOnMissingBean (types: org.springframework.web.servlet.config.annotation.WebMvcConfigurationSupport; SearchStrategy: all) did not find any beans (OnBeanCondition)

   WebMvcAutoConfiguration#formContentFilter matched:
      - @ConditionalOnProperty (spring.mvc.formcontent.filter.enabled) matched (OnPropertyCondition)
      - @ConditionalOnMissingBean (types: org.springframework.web.filter.FormContentFilter; SearchStrategy: all) did not find any beans (OnBeanCondition)

   WebMvcAutoConfiguration.EnableWebMvcConfiguration#flashMapManager matched:
      - @ConditionalOnMissingBean (names: flashMapManager; SearchStrategy: all) did not find any beans (OnBeanCondition)

   WebMvcAutoConfiguration.EnableWebMvcConfiguration#localeResolver matched:
      - @ConditionalOnMissingBean (names: localeResolver; SearchStrategy: all) did not find any beans (OnBeanCondition)

   WebMvcAutoConfiguration.EnableWebMvcConfiguration#themeResolver matched:
      - @ConditionalOnMissingBean (names: themeResolver; SearchStrategy: all) did not find any beans (OnBeanCondition)

   WebMvcAutoConfiguration.WebMvcAutoConfigurationAdapter#defaultViewResolver matched:
      - @ConditionalOnMissingBean (types: org.springframework.web.servlet.view.InternalResourceViewResolver; SearchStrategy: all) did not find any beans (OnBeanCondition)

   WebMvcAutoConfiguration.WebMvcAutoConfigurationAdapter#requestContextFilter matched:
      - @ConditionalOnMissingBean (types: org.springframework.web.context.request.RequestContextListener,org.springframework.web.filter.RequestContextFilter; SearchStrategy: all) did not find any beans (OnBeanCondition)

   WebMvcAutoConfiguration.WebMvcAutoConfigurationAdapter#viewResolver matched:
      - @ConditionalOnBean (types: org.springframework.web.servlet.ViewResolver; SearchStrategy: all) found beans 'defaultViewResolver', 'beanNameViewResolver', 'mvcViewResolver'; @ConditionalOnMissingBean (names: viewResolver types: org.springframework.web.servlet.view.ContentNegotiatingViewResolver; SearchStrategy: all) did not find any beans (OnBeanCondition)

   WebSocketServletAutoConfiguration matched:
      - @ConditionalOnClass found required classes 'jakarta.servlet.Servlet', 'jakarta.websocket.server.ServerContainer' (OnClassCondition)
      - found 'session' scope (OnWebApplicationCondition)

   WebSocketServletAutoConfiguration.TomcatWebSocketConfiguration matched:
      - @ConditionalOnClass found required classes 'org.apache.catalina.startup.Tomcat', 'org.apache.tomcat.websocket.server.WsSci' (OnClassCondition)

   WebSocketServletAutoConfiguration.TomcatWebSocketConfiguration#websocketServletWebServerCustomizer matched:
      - @ConditionalOnMissingBean (names: websocketServletWebServerCustomizer; SearchStrategy: all) did not find any beans (OnBeanCondition)


Negative matches:
-----------------

   ActiveMQAutoConfiguration:
      Did not match:
         - @ConditionalOnClass did not find required class 'jakarta.jms.ConnectionFactory' (OnClassCondition)

   AopAutoConfiguration.AspectJAutoProxyingConfiguration:
      Did not match:
         - @ConditionalOnClass did not find required class 'org.aspectj.weaver.Advice' (OnClassCondition)

   ArtemisAutoConfiguration:
      Did not match:
         - @ConditionalOnClass did not find required class 'jakarta.jms.ConnectionFactory' (OnClassCondition)

   BatchAutoConfiguration:
      Did not match:
         - @ConditionalOnClass did not find required class 'org.springframework.batch.core.launch.JobLauncher' (OnClassCondition)

   Cache2kCacheConfiguration:
      Did not match:
         - @ConditionalOnClass did not find required class 'org.cache2k.Cache2kBuilder' (OnClassCondition)

   CacheAutoConfiguration:
      Did not match:
         - @ConditionalOnMissingBean (names: cacheResolver types: org.springframework.cache.CacheManager; SearchStrategy: all) found beans of type 'org.springframework.cache.CacheManager' cacheManager (OnBeanCondition)
      Matched:
         - @ConditionalOnClass found required class 'org.springframework.cache.CacheManager' (OnClassCondition)

   CacheAutoConfiguration.CacheManagerEntityManagerFactoryDependsOnPostProcessor:
      Did not match:
         - @ConditionalOnClass did not find required class 'org.springframework.orm.jpa.LocalContainerEntityManagerFactoryBean' (OnClassCondition)
         - Ancestor org.springframework.boot.autoconfigure.cache.CacheAutoConfiguration did not match (ConditionEvaluationReport.AncestorsMatchedCondition)

   CaffeineCacheConfiguration:
      Did not match:
         - Cache org.springframework.boot.autoconfigure.cache.CaffeineCacheConfiguration unknown cache type (CacheCondition)
      Matched:
         - @ConditionalOnClass found required classes 'com.github.benmanes.caffeine.cache.Caffeine', 'org.springframework.cache.caffeine.CaffeineCacheManager' (OnClassCondition)

   CassandraAutoConfiguration:
      Did not match:
         - @ConditionalOnClass did not find required class 'com.datastax.oss.driver.api.core.CqlSession' (OnClassCondition)

   CassandraDataAutoConfiguration:
      Did not match:
         - @ConditionalOnClass did not find required class 'com.datastax.oss.driver.api.core.CqlSession' (OnClassCondition)

   CassandraReactiveDataAutoConfiguration:
      Did not match:
         - @ConditionalOnClass did not find required class 'com.datastax.oss.driver.api.core.CqlSession' (OnClassCondition)

   CassandraReactiveRepositoriesAutoConfiguration:
      Did not match:
         - @ConditionalOnClass did not find required class 'org.springframework.data.cassandra.ReactiveSession' (OnClassCondition)

   CassandraRepositoriesAutoConfiguration:
      Did not match:
         - @ConditionalOnClass did not find required class 'com.datastax.oss.driver.api.core.CqlSession' (OnClassCondition)

   ClientHttpConnectorAutoConfiguration:
      Did not match:
         - @ConditionalOnClass did not find required class 'org.springframework.web.reactive.function.client.WebClient' (OnClassCondition)

   CodecsAutoConfiguration:
      Did not match:
         - @ConditionalOnClass did not find required class 'org.springframework.web.reactive.function.client.WebClient' (OnClassCondition)

   CouchbaseAutoConfiguration:
      Did not match:
         - @ConditionalOnClass did not find required class 'com.couchbase.client.java.Cluster' (OnClassCondition)

   CouchbaseCacheConfiguration:
      Did not match:
         - @ConditionalOnClass did not find required class 'com.couchbase.client.java.Cluster' (OnClassCondition)

   CouchbaseDataAutoConfiguration:
      Did not match:
         - @ConditionalOnClass did not find required class 'com.couchbase.client.java.Bucket' (OnClassCondition)

   CouchbaseReactiveDataAutoConfiguration:
      Did not match:
         - @ConditionalOnClass did not find required class 'com.couchbase.client.java.Cluster' (OnClassCondition)

   CouchbaseReactiveRepositoriesAutoConfiguration:
      Did not match:
         - @ConditionalOnClass did not find required class 'com.couchbase.client.java.Cluster' (OnClassCondition)

   CouchbaseRepositoriesAutoConfiguration:
      Did not match:
         - @ConditionalOnClass did not find required class 'com.couchbase.client.java.Bucket' (OnClassCondition)

   DataSourceAutoConfiguration.EmbeddedDatabaseConfiguration:
      Did not match:
         - EmbeddedDataSource spring.datasource.url is set (DataSourceAutoConfiguration.EmbeddedDatabaseCondition)

   DataSourceCheckpointRestoreConfiguration:
      Did not match:
         - @ConditionalOnClass did not find required class 'org.crac.Resource' (OnClassCondition)

   DataSourceConfiguration.Dbcp2:
      Did not match:
         - @ConditionalOnClass did not find required class 'org.apache.commons.dbcp2.BasicDataSource' (OnClassCondition)

   DataSourceConfiguration.Generic:
      Did not match:
         - @ConditionalOnProperty (spring.datasource.type) did not find property 'spring.datasource.type' (OnPropertyCondition)

   DataSourceConfiguration.OracleUcp:
      Did not match:
         - @ConditionalOnClass did not find required classes 'oracle.ucp.jdbc.PoolDataSourceImpl', 'oracle.jdbc.OracleConnection' (OnClassCondition)

   DataSourceConfiguration.Tomcat:
      Did not match:
         - @ConditionalOnClass did not find required class 'org.apache.tomcat.jdbc.pool.DataSource' (OnClassCondition)

   DataSourceJmxConfiguration.TomcatDataSourceJmxConfiguration:
      Did not match:
         - @ConditionalOnClass did not find required class 'org.apache.tomcat.jdbc.pool.DataSourceProxy' (OnClassCondition)

   DataSourcePoolMetadataProvidersConfiguration.CommonsDbcp2PoolDataSourceMetadataProviderConfiguration:
      Did not match:
         - @ConditionalOnClass did not find required class 'org.apache.commons.dbcp2.BasicDataSource' (OnClassCondition)

   DataSourcePoolMetadataProvidersConfiguration.OracleUcpPoolDataSourceMetadataProviderConfiguration:
      Did not match:
         - @ConditionalOnClass did not find required classes 'oracle.ucp.jdbc.PoolDataSource', 'oracle.jdbc.OracleConnection' (OnClassCondition)

   DataSourcePoolMetadataProvidersConfiguration.TomcatDataSourcePoolMetadataProviderConfiguration:
      Did not match:
         - @ConditionalOnClass did not find required class 'org.apache.tomcat.jdbc.pool.DataSource' (OnClassCondition)

   DispatcherServletAutoConfiguration.DispatcherServletConfiguration#multipartResolver:
      Did not match:
         - @ConditionalOnBean (types: org.springframework.web.multipart.MultipartResolver; SearchStrategy: all) did not find any beans of type org.springframework.web.multipart.MultipartResolver (OnBeanCondition)

   ElasticsearchClientAutoConfiguration:
      Did not match:
         - @ConditionalOnClass did not find required class 'co.elastic.clients.elasticsearch.ElasticsearchClient' (OnClassCondition)

   ElasticsearchDataAutoConfiguration:
      Did not match:
         - @ConditionalOnClass did not find required class 'org.springframework.data.elasticsearch.client.elc.ElasticsearchTemplate' (OnClassCondition)

   ElasticsearchRepositoriesAutoConfiguration:
      Did not match:
         - @ConditionalOnClass did not find required class 'org.springframework.data.elasticsearch.repository.ElasticsearchRepository' (OnClassCondition)

   ElasticsearchRestClientAutoConfiguration:
      Did not match:
         - @ConditionalOnClass did not find required class 'org.elasticsearch.client.RestClientBuilder' (OnClassCondition)

   EmbeddedLdapAutoConfiguration:
      Did not match:
         - @ConditionalOnClass did not find required class 'com.unboundid.ldap.listener.InMemoryDirectoryServer' (OnClassCondition)

   EmbeddedWebServerFactoryCustomizerAutoConfiguration.JettyWebServerFactoryCustomizerConfiguration:
      Did not match:
         - @ConditionalOnClass did not find required classes 'org.eclipse.jetty.server.Server', 'org.eclipse.jetty.ee10.webapp.WebAppContext' (OnClassCondition)

   EmbeddedWebServerFactoryCustomizerAutoConfiguration.TomcatWebServerFactoryCustomizerConfiguration#tomcatVirtualThreadsProtocolHandlerCustomizer:
      Did not match:
         - @ConditionalOnThreading did not find VIRTUAL (OnThreadingCondition)

   EmbeddedWebServerFactoryCustomizerAutoConfiguration.UndertowWebServerFactoryCustomizerConfiguration:
      Did not match:
         - @ConditionalOnClass did not find required classes 'io.undertow.Undertow', 'org.xnio.SslClientAuthMode' (OnClassCondition)

   ErrorWebFluxAutoConfiguration:
      Did not match:
         - @ConditionalOnClass did not find required class 'org.springframework.web.reactive.config.WebFluxConfigurer' (OnClassCondition)

   FlywayAutoConfiguration.FlywayConfiguration#oracleFlywayConfigurationCustomizer:
      Did not match:
         - @ConditionalOnClass did not find required class 'org.flywaydb.database.oracle.OracleConfigurationExtension' (OnClassCondition)

   FlywayAutoConfiguration.FlywayConfiguration#sqlServerFlywayConfigurationCustomizer:
      Did not match:
         - @ConditionalOnClass did not find required class 'org.flywaydb.database.sqlserver.SQLServerConfigurationExtension' (OnClassCondition)

   FreeMarkerAutoConfiguration:
      Did not match:
         - @ConditionalOnClass did not find required class 'freemarker.template.Configuration' (OnClassCondition)

   GenericCacheConfiguration:
      Did not match:
         - Cache org.springframework.boot.autoconfigure.cache.GenericCacheConfiguration unknown cache type (CacheCondition)

   GraphQlAutoConfiguration:
      Did not match:
         - @ConditionalOnClass did not find required class 'graphql.GraphQL' (OnClassCondition)

   GraphQlQueryByExampleAutoConfiguration:
      Did not match:
         - @ConditionalOnClass did not find required class 'graphql.GraphQL' (OnClassCondition)

   GraphQlQuerydslAutoConfiguration:
      Did not match:
         - @ConditionalOnClass did not find required class 'com.querydsl.core.Query' (OnClassCondition)

   GraphQlRSocketAutoConfiguration:
      Did not match:
         - @ConditionalOnClass did not find required class 'graphql.GraphQL' (OnClassCondition)

   GraphQlReactiveQueryByExampleAutoConfiguration:
      Did not match:
         - @ConditionalOnClass did not find required class 'graphql.GraphQL' (OnClassCondition)

   GraphQlReactiveQuerydslAutoConfiguration:
      Did not match:
         - @ConditionalOnClass did not find required class 'com.querydsl.core.Query' (OnClassCondition)

   GraphQlWebFluxAutoConfiguration:
      Did not match:
         - @ConditionalOnClass did not find required class 'graphql.GraphQL' (OnClassCondition)

   GraphQlWebFluxSecurityAutoConfiguration:
      Did not match:
         - @ConditionalOnClass did not find required class 'graphql.GraphQL' (OnClassCondition)

   GraphQlWebMvcAutoConfiguration:
      Did not match:
         - @ConditionalOnClass did not find required class 'graphql.GraphQL' (OnClassCondition)

   GraphQlWebMvcSecurityAutoConfiguration:
      Did not match:
         - @ConditionalOnClass did not find required class 'graphql.GraphQL' (OnClassCondition)

   GroovyTemplateAutoConfiguration:
      Did not match:
         - @ConditionalOnClass did not find required class 'groovy.text.markup.MarkupTemplateEngine' (OnClassCondition)

   GsonHttpMessageConvertersConfiguration.GsonHttpMessageConverterConfiguration:
      Did not match:
         - AnyNestedCondition 0 matched 2 did not; NestedCondition on GsonHttpMessageConvertersConfiguration.PreferGsonOrJacksonAndJsonbUnavailableCondition.JacksonJsonbUnavailable NoneNestedConditions 1 matched 1 did not; NestedCondition on GsonHttpMessageConvertersConfiguration.JacksonAndJsonbUnavailableCondition.JsonbPreferred @ConditionalOnProperty (spring.mvc.converters.preferred-json-mapper=jsonb) did not find property 'spring.mvc.converters.preferred-json-mapper'; NestedCondition on GsonHttpMessageConvertersConfiguration.JacksonAndJsonbUnavailableCondition.JacksonAvailable @ConditionalOnBean (types: org.springframework.http.converter.json.MappingJackson2HttpMessageConverter; SearchStrategy: all) found bean 'mappingJackson2HttpMessageConverter'; NestedCondition on GsonHttpMessageConvertersConfiguration.PreferGsonOrJacksonAndJsonbUnavailableCondition.GsonPreferred @ConditionalOnProperty (spring.mvc.converters.preferred-json-mapper=gson) did not find property 'spring.mvc.converters.preferred-json-mapper' (GsonHttpMessageConvertersConfiguration.PreferGsonOrJacksonAndJsonbUnavailableCondition)

   H2ConsoleAutoConfiguration:
      Did not match:
         - @ConditionalOnClass did not find required class 'org.h2.server.web.JakartaWebServlet' (OnClassCondition)

   HazelcastAutoConfiguration:
      Did not match:
         - @ConditionalOnClass did not find required class 'com.hazelcast.core.HazelcastInstance' (OnClassCondition)

   HazelcastCacheConfiguration:
      Did not match:
         - @ConditionalOnClass did not find required class 'com.hazelcast.core.HazelcastInstance' (OnClassCondition)

   HazelcastJpaDependencyAutoConfiguration:
      Did not match:
         - @ConditionalOnClass did not find required class 'com.hazelcast.core.HazelcastInstance' (OnClassCondition)

   HibernateJpaAutoConfiguration:
      Did not match:
         - @ConditionalOnClass did not find required class 'jakarta.persistence.EntityManager' (OnClassCondition)

   HttpHandlerAutoConfiguration:
      Did not match:
         - @ConditionalOnClass did not find required class 'org.springframework.web.reactive.DispatcherHandler' (OnClassCondition)

   HypermediaAutoConfiguration:
      Did not match:
         - @ConditionalOnClass did not find required class 'org.springframework.hateoas.EntityModel' (OnClassCondition)

   IdentifierGeneratorAutoConfiguration:
      Did not match:
         - @ConditionalOnClass did not find required class 'org.springframework.cloud.commons.util.InetUtils' (OnClassCondition)

   InfinispanCacheConfiguration:
      Did not match:
         - @ConditionalOnClass did not find required class 'org.infinispan.spring.embedded.provider.SpringEmbeddedCacheManager' (OnClassCondition)

   InfluxDbAutoConfiguration:
      Did not match:
         - @ConditionalOnClass did not find required class 'org.influxdb.InfluxDB' (OnClassCondition)

   IntegrationAutoConfiguration:
      Did not match:
         - @ConditionalOnClass did not find required class 'org.springframework.integration.config.EnableIntegration' (OnClassCondition)

   JCacheCacheConfiguration:
      Did not match:
         - @ConditionalOnClass did not find required class 'javax.cache.Caching' (OnClassCondition)

   JdbcRepositoriesAutoConfiguration:
      Did not match:
         - @ConditionalOnClass did not find required class 'org.springframework.data.jdbc.repository.config.AbstractJdbcConfiguration' (OnClassCondition)

   JedisConnectionConfiguration:
      Did not match:
         - @ConditionalOnClass did not find required classes 'org.apache.commons.pool2.impl.GenericObjectPool', 'redis.clients.jedis.Jedis' (OnClassCondition)

   JerseyAutoConfiguration:
      Did not match:
         - @ConditionalOnClass did not find required class 'org.glassfish.jersey.server.spring.SpringComponentProvider' (OnClassCondition)

   JmsAutoConfiguration:
      Did not match:
         - @ConditionalOnClass did not find required class 'jakarta.jms.Message' (OnClassCondition)

   JndiConnectionFactoryAutoConfiguration:
      Did not match:
         - @ConditionalOnClass did not find required class 'org.springframework.jms.core.JmsTemplate' (OnClassCondition)

   JndiDataSourceAutoConfiguration:
      Did not match:
         - @ConditionalOnProperty (spring.datasource.jndi-name) did not find property 'jndi-name' (OnPropertyCondition)
      Matched:
         - @ConditionalOnClass found required classes 'javax.sql.DataSource', 'org.springframework.jdbc.datasource.embedded.EmbeddedDatabaseType' (OnClassCondition)

   JooqAutoConfiguration:
      Did not match:
         - @ConditionalOnClass did not find required class 'org.jooq.DSLContext' (OnClassCondition)

   JpaRepositoriesAutoConfiguration:
      Did not match:
         - @ConditionalOnClass did not find required class 'org.springframework.data.jpa.repository.JpaRepository' (OnClassCondition)

   JsonbAutoConfiguration:
      Did not match:
         - @ConditionalOnClass did not find required class 'jakarta.json.bind.Jsonb' (OnClassCondition)

   JsonbHttpMessageConvertersConfiguration:
      Did not match:
         - @ConditionalOnClass did not find required class 'jakarta.json.bind.Jsonb' (OnClassCondition)

   JtaAutoConfiguration:
      Did not match:
         - @ConditionalOnClass did not find required class 'jakarta.transaction.Transaction' (OnClassCondition)

   KafkaAutoConfiguration:
      Did not match:
         - @ConditionalOnClass did not find required class 'org.springframework.kafka.core.KafkaTemplate' (OnClassCondition)

   LdapAutoConfiguration:
      Did not match:
         - @ConditionalOnClass did not find required class 'org.springframework.ldap.core.ContextSource' (OnClassCondition)

   LdapRepositoriesAutoConfiguration:
      Did not match:
         - @ConditionalOnClass did not find required class 'org.springframework.data.ldap.repository.LdapRepository' (OnClassCondition)

   LettuceConnectionConfiguration#redisConnectionFactoryVirtualThreads:
      Did not match:
         - @ConditionalOnMissingBean (types: org.springframework.data.redis.connection.RedisConnectionFactory; SearchStrategy: all) found beans of type 'org.springframework.data.redis.connection.RedisConnectionFactory' redisConnectionFactory (OnBeanCondition)

   LiquibaseAutoConfiguration:
      Did not match:
         - @ConditionalOnClass did not find required class 'liquibase.change.DatabaseChange' (OnClassCondition)

   MailSenderAutoConfiguration:
      Did not match:
         - @ConditionalOnClass did not find required class 'jakarta.mail.internet.MimeMessage' (OnClassCondition)

   MailSenderValidatorAutoConfiguration:
      Did not match:
         - @ConditionalOnProperty (spring.mail.test-connection) did not find property 'test-connection' (OnPropertyCondition)

   MessageSourceAutoConfiguration:
      Did not match:
         - ResourceBundle did not find bundle with basename messages (MessageSourceAutoConfiguration.ResourceBundleCondition)

   MongoAutoConfiguration:
      Did not match:
         - @ConditionalOnClass did not find required class 'com.mongodb.client.MongoClient' (OnClassCondition)

   MongoDataAutoConfiguration:
      Did not match:
         - @ConditionalOnClass did not find required class 'com.mongodb.client.MongoClient' (OnClassCondition)

   MongoReactiveAutoConfiguration:
      Did not match:
         - @ConditionalOnClass did not find required class 'com.mongodb.reactivestreams.client.MongoClient' (OnClassCondition)

   MongoReactiveDataAutoConfiguration:
      Did not match:
         - @ConditionalOnClass did not find required class 'com.mongodb.reactivestreams.client.MongoClient' (OnClassCondition)

   MongoReactiveRepositoriesAutoConfiguration:
      Did not match:
         - @ConditionalOnClass did not find required class 'com.mongodb.reactivestreams.client.MongoClient' (OnClassCondition)

   MongoRepositoriesAutoConfiguration:
      Did not match:
         - @ConditionalOnClass did not find required class 'com.mongodb.client.MongoClient' (OnClassCondition)

   MultipleOpenApiSupportConfiguration:
      Did not match:
         - AnyNestedCondition 0 matched 2 did not; NestedCondition on MultipleOpenApiSupportCondition.OnActuatorDifferentPort @ConditionalOnProperty (springdoc.show-actuator) did not find property 'springdoc.show-actuator'; NestedCondition on MultipleOpenApiSupportCondition.OnMultipleOpenApiSupportCondition AnyNestedCondition 0 matched 2 did not; NestedCondition on MultipleOpenApiGroupsCondition.OnGroupConfigProperty @ConditionalOnProperty (springdoc.group-configs[0].group) did not find property 'springdoc.group-configs[0].group'; NestedCondition on MultipleOpenApiGroupsCondition.OnGroupedOpenApiBean @ConditionalOnBean (types: org.springdoc.core.models.GroupedOpenApi; SearchStrategy: all) did not find any beans of type org.springdoc.core.models.GroupedOpenApi (MultipleOpenApiSupportCondition)
      Matched:
         - found 'session' scope (OnWebApplicationCondition)
         - @ConditionalOnProperty (springdoc.api-docs.enabled) matched (OnPropertyCondition)

   MultipleOpenApiSupportConfiguration.SpringDocWebMvcActuatorDifferentConfiguration:
      Did not match:
         - @ConditionalOnClass did not find required class 'org.springframework.boot.actuate.endpoint.web.servlet.WebMvcEndpointHandlerMapping' (OnClassCondition)
         - Ancestor org.springdoc.webmvc.core.configuration.MultipleOpenApiSupportConfiguration did not match (ConditionEvaluationReport.AncestorsMatchedCondition)

   MustacheAutoConfiguration:
      Did not match:
         - @ConditionalOnClass did not find required class 'com.samskivert.mustache.Mustache' (OnClassCondition)

   MybatisPlusAutoConfiguration.MapperScannerRegistrarNotFoundConfiguration:
      Did not match:
         - @ConditionalOnMissingBean (types: org.mybatis.spring.mapper.MapperFactoryBean,org.mybatis.spring.mapper.MapperScannerConfigurer; SearchStrategy: all) found beans of type 'org.mybatis.spring.mapper.MapperScannerConfigurer' com.student.ImkqasApplication#MapperScannerRegistrar#0 (OnBeanCondition)

   MybatisPlusInnerInterceptorAutoConfiguration:
      Did not match:
         - @ConditionalOnBean (types: com.baomidou.mybatisplus.extension.plugins.inner.InnerInterceptor; SearchStrategy: all) did not find any beans of type com.baomidou.mybatisplus.extension.plugins.inner.InnerInterceptor (OnBeanCondition)

   MybatisPlusLanguageDriverAutoConfiguration.FreeMarkerConfiguration:
      Did not match:
         - @ConditionalOnClass did not find required classes 'org.mybatis.scripting.freemarker.FreeMarkerLanguageDriver', 'org.mybatis.scripting.freemarker.FreeMarkerLanguageDriverConfig' (OnClassCondition)

   MybatisPlusLanguageDriverAutoConfiguration.LegacyFreeMarkerConfiguration:
      Did not match:
         - @ConditionalOnClass did not find required class 'org.mybatis.scripting.freemarker.FreeMarkerLanguageDriver' (OnClassCondition)

   MybatisPlusLanguageDriverAutoConfiguration.LegacyVelocityConfiguration:
      Did not match:
         - @ConditionalOnClass did not find required class 'org.mybatis.scripting.velocity.Driver' (OnClassCondition)

   MybatisPlusLanguageDriverAutoConfiguration.ThymeleafConfiguration:
      Did not match:
         - @ConditionalOnClass did not find required class 'org.mybatis.scripting.thymeleaf.ThymeleafLanguageDriver' (OnClassCondition)

   MybatisPlusLanguageDriverAutoConfiguration.VelocityConfiguration:
      Did not match:
         - @ConditionalOnClass did not find required classes 'org.mybatis.scripting.velocity.VelocityLanguageDriver', 'org.mybatis.scripting.velocity.VelocityLanguageDriverConfig' (OnClassCondition)

   Neo4jAutoConfiguration:
      Did not match:
         - @ConditionalOnClass did not find required class 'org.neo4j.driver.Driver' (OnClassCondition)

   Neo4jDataAutoConfiguration:
      Did not match:
         - @ConditionalOnClass did not find required class 'org.neo4j.driver.Driver' (OnClassCondition)

   Neo4jReactiveDataAutoConfiguration:
      Did not match:
         - @ConditionalOnClass did not find required class 'org.neo4j.driver.Driver' (OnClassCondition)

   Neo4jReactiveRepositoriesAutoConfiguration:
      Did not match:
         - @ConditionalOnClass did not find required class 'org.neo4j.driver.Driver' (OnClassCondition)

   Neo4jRepositoriesAutoConfiguration:
      Did not match:
         - @ConditionalOnClass did not find required class 'org.neo4j.driver.Driver' (OnClassCondition)

   NoOpCacheConfiguration:
      Did not match:
         - Cache org.springframework.boot.autoconfigure.cache.NoOpCacheConfiguration unknown cache type (CacheCondition)

   OAuth2AuthorizationServerAutoConfiguration:
      Did not match:
         - @ConditionalOnClass did not find required class 'org.springframework.security.oauth2.server.authorization.OAuth2Authorization' (OnClassCondition)

   OAuth2AuthorizationServerJwtAutoConfiguration:
      Did not match:
         - @ConditionalOnClass did not find required class 'org.springframework.security.oauth2.server.authorization.OAuth2Authorization' (OnClassCondition)

   OAuth2ClientAutoConfiguration:
      Did not match:
         - @ConditionalOnClass did not find required class 'org.springframework.security.oauth2.client.registration.ClientRegistration' (OnClassCondition)

   OAuth2ResourceServerAutoConfiguration:
      Did not match:
         - @ConditionalOnClass did not find required class 'org.springframework.security.oauth2.server.resource.authentication.BearerTokenAuthenticationToken' (OnClassCondition)

   ProjectInfoAutoConfiguration#buildProperties:
      Did not match:
         - @ConditionalOnResource did not find resource '${spring.info.build.location:classpath:META-INF/build-info.properties}' (OnResourceCondition)

   ProjectInfoAutoConfiguration#gitProperties:
      Did not match:
         - GitResource did not find git info at classpath:git.properties (ProjectInfoAutoConfiguration.GitResourceAvailableCondition)

   PulsarAutoConfiguration:
      Did not match:
         - @ConditionalOnClass did not find required class 'org.apache.pulsar.client.api.PulsarClient' (OnClassCondition)

   PulsarReactiveAutoConfiguration:
      Did not match:
         - @ConditionalOnClass did not find required class 'org.apache.pulsar.client.api.PulsarClient' (OnClassCondition)

   QuartzAutoConfiguration:
      Did not match:
         - @ConditionalOnClass did not find required class 'org.quartz.Scheduler' (OnClassCondition)

   R2dbcAutoConfiguration:
      Did not match:
         - @ConditionalOnClass did not find required class 'io.r2dbc.spi.ConnectionFactory' (OnClassCondition)

   R2dbcDataAutoConfiguration:
      Did not match:
         - @ConditionalOnClass did not find required class 'org.springframework.data.r2dbc.core.R2dbcEntityTemplate' (OnClassCondition)

   R2dbcInitializationConfiguration:
      Did not match:
         - @ConditionalOnClass did not find required classes 'io.r2dbc.spi.ConnectionFactory', 'org.springframework.r2dbc.connection.init.DatabasePopulator' (OnClassCondition)

   R2dbcRepositoriesAutoConfiguration:
      Did not match:
         - @ConditionalOnClass did not find required class 'io.r2dbc.spi.ConnectionFactory' (OnClassCondition)

   R2dbcTransactionManagerAutoConfiguration:
      Did not match:
         - @ConditionalOnClass did not find required class 'org.springframework.r2dbc.connection.R2dbcTransactionManager' (OnClassCondition)

   RSocketGraphQlClientAutoConfiguration:
      Did not match:
         - @ConditionalOnClass did not find required class 'graphql.GraphQL' (OnClassCondition)

   RSocketMessagingAutoConfiguration:
      Did not match:
         - @ConditionalOnClass did not find required class 'io.rsocket.RSocket' (OnClassCondition)

   RSocketRequesterAutoConfiguration:
      Did not match:
         - @ConditionalOnClass did not find required class 'io.rsocket.RSocket' (OnClassCondition)

   RSocketSecurityAutoConfiguration:
      Did not match:
         - @ConditionalOnClass did not find required class 'org.springframework.security.rsocket.core.SecuritySocketAcceptorInterceptor' (OnClassCondition)

   RSocketServerAutoConfiguration:
      Did not match:
         - @ConditionalOnClass did not find required class 'io.rsocket.core.RSocketServer' (OnClassCondition)

   RSocketStrategiesAutoConfiguration:
      Did not match:
         - @ConditionalOnClass did not find required class 'io.rsocket.RSocket' (OnClassCondition)

   RabbitAnnotationDrivenConfiguration#directRabbitListenerContainerFactory:
      Did not match:
         - @ConditionalOnProperty (spring.rabbitmq.listener.type=direct) did not find property 'type' (OnPropertyCondition)

   RabbitAnnotationDrivenConfiguration#directRabbitListenerContainerFactoryConfigurerVirtualThreads:
      Did not match:
         - @ConditionalOnMissingBean (types: org.springframework.boot.autoconfigure.amqp.DirectRabbitListenerContainerFactoryConfigurer; SearchStrategy: all) found beans of type 'org.springframework.boot.autoconfigure.amqp.DirectRabbitListenerContainerFactoryConfigurer' directRabbitListenerContainerFactoryConfigurer (OnBeanCondition)

   RabbitAnnotationDrivenConfiguration#simpleRabbitListenerContainerFactoryConfigurerVirtualThreads:
      Did not match:
         - @ConditionalOnMissingBean (types: org.springframework.boot.autoconfigure.amqp.SimpleRabbitListenerContainerFactoryConfigurer; SearchStrategy: all) found beans of type 'org.springframework.boot.autoconfigure.amqp.SimpleRabbitListenerContainerFactoryConfigurer' simpleRabbitListenerContainerFactoryConfigurer (OnBeanCondition)

   RabbitMQConfig:
      Did not match:
         - @ConditionalOnProperty (imkqas.query-rewrite.synonym-expansion.mq-enabled=true) did not find property 'imkqas.query-rewrite.synonym-expansion.mq-enabled' (OnPropertyCondition)

   RabbitStreamConfiguration:
      Did not match:
         - @ConditionalOnClass did not find required class 'org.springframework.rabbit.stream.config.StreamRabbitListenerContainerFactory' (OnClassCondition)

   ReactiveElasticsearchClientAutoConfiguration:
      Did not match:
         - @ConditionalOnClass did not find required class 'co.elastic.clients.transport.ElasticsearchTransport' (OnClassCondition)

   ReactiveElasticsearchRepositoriesAutoConfiguration:
      Did not match:
         - @ConditionalOnClass did not find required class 'org.springframework.data.elasticsearch.client.elc.ReactiveElasticsearchClient' (OnClassCondition)

   ReactiveMultipartAutoConfiguration:
      Did not match:
         - @ConditionalOnClass did not find required class 'org.springframework.web.reactive.config.WebFluxConfigurer' (OnClassCondition)

   ReactiveOAuth2ClientAutoConfiguration:
      Did not match:
         - @ConditionalOnClass did not find required class 'org.springframework.security.oauth2.client.registration.ClientRegistration' (OnClassCondition)

   ReactiveOAuth2ResourceServerAutoConfiguration:
      Did not match:
         - @ConditionalOnWebApplication did not find reactive web application classes (OnWebApplicationCondition)

   ReactiveSecurityAutoConfiguration:
      Did not match:
         - @ConditionalOnClass did not find required class 'org.springframework.web.reactive.config.WebFluxConfigurer' (OnClassCondition)

   ReactiveUserDetailsServiceAutoConfiguration:
      Did not match:
         - AnyNestedCondition 0 matched 2 did not; NestedCondition on ReactiveUserDetailsServiceAutoConfiguration.RSocketEnabledOrReactiveWebApplication.ReactiveWebApplicationCondition did not find reactive web application classes; NestedCondition on ReactiveUserDetailsServiceAutoConfiguration.RSocketEnabledOrReactiveWebApplication.RSocketSecurityEnabledCondition @ConditionalOnBean (types: org.springframework.messaging.rsocket.annotation.support.RSocketMessageHandler; SearchStrategy: all) did not find any beans of type org.springframework.messaging.rsocket.annotation.support.RSocketMessageHandler (ReactiveUserDetailsServiceAutoConfiguration.RSocketEnabledOrReactiveWebApplication)
      Matched:
         - @ConditionalOnClass found required class 'org.springframework.security.authentication.ReactiveAuthenticationManager' (OnClassCondition)
         - AnyNestedCondition 1 matched 2 did not; NestedCondition on ReactiveUserDetailsServiceAutoConfiguration.MissingAlternativeOrUserPropertiesConfigured.PasswordConfigured @ConditionalOnProperty (spring.security.user.password) did not find property 'password'; NestedCondition on ReactiveUserDetailsServiceAutoConfiguration.MissingAlternativeOrUserPropertiesConfigured.NameConfigured @ConditionalOnProperty (spring.security.user.name) did not find property 'name'; NestedCondition on ReactiveUserDetailsServiceAutoConfiguration.MissingAlternativeOrUserPropertiesConfigured.MissingAlternative @ConditionalOnMissingClass did not find unwanted classes 'org.springframework.security.oauth2.client.registration.ClientRegistrationRepository', 'org.springframework.security.oauth2.server.resource.introspection.ReactiveOpaqueTokenIntrospector' (ReactiveUserDetailsServiceAutoConfiguration.MissingAlternativeOrUserPropertiesConfigured)

   ReactiveWebServerFactoryAutoConfiguration:
      Did not match:
         - @ConditionalOnWebApplication did not find reactive web application classes (OnWebApplicationCondition)

   RedisAutoConfiguration#redisTemplate:
      Did not match:
         - @ConditionalOnMissingBean (names: redisTemplate; SearchStrategy: all) found beans named redisTemplate (OnBeanCondition)

   RepositoryRestMvcAutoConfiguration:
      Did not match:
         - @ConditionalOnClass did not find required class 'org.springframework.data.rest.webmvc.config.RepositoryRestMvcConfiguration' (OnClassCondition)

   Saml2RelyingPartyAutoConfiguration:
      Did not match:
         - @ConditionalOnClass did not find required class 'org.springframework.security.saml2.provider.service.registration.RelyingPartyRegistrationRepository' (OnClassCondition)

   SecurityDataConfiguration:
      Did not match:
         - @ConditionalOnClass did not find required class 'org.springframework.security.data.repository.query.SecurityEvaluationContextExtension' (OnClassCondition)

   SendGridAutoConfiguration:
      Did not match:
         - @ConditionalOnClass did not find required class 'com.sendgrid.SendGrid' (OnClassCondition)

   ServletWebServerFactoryAutoConfiguration.ForwardedHeaderFilterConfiguration:
      Did not match:
         - @ConditionalOnProperty (server.forward-headers-strategy=framework) did not find property 'server.forward-headers-strategy' (OnPropertyCondition)

   ServletWebServerFactoryConfiguration.EmbeddedJetty:
      Did not match:
         - @ConditionalOnClass did not find required classes 'org.eclipse.jetty.server.Server', 'org.eclipse.jetty.ee10.webapp.WebAppContext' (OnClassCondition)

   ServletWebServerFactoryConfiguration.EmbeddedUndertow:
      Did not match:
         - @ConditionalOnClass did not find required classes 'io.undertow.Undertow', 'org.xnio.SslClientAuthMode' (OnClassCondition)

   SessionAutoConfiguration:
      Did not match:
         - @ConditionalOnClass did not find required class 'org.springframework.session.Session' (OnClassCondition)

   SimpleCacheConfiguration:
      Did not match:
         - Cache org.springframework.boot.autoconfigure.cache.SimpleCacheConfiguration unknown cache type (CacheCondition)

   SpringBootWebSecurityConfiguration.SecurityFilterChainConfiguration:
      Did not match:
         - AllNestedConditions 1 matched 1 did not; NestedCondition on DefaultWebSecurityCondition.Beans @ConditionalOnMissingBean (types: org.springframework.security.web.SecurityFilterChain; SearchStrategy: all) found beans of type 'org.springframework.security.web.SecurityFilterChain' filterChain; NestedCondition on DefaultWebSecurityCondition.Classes @ConditionalOnClass found required classes 'org.springframework.security.web.SecurityFilterChain', 'org.springframework.security.config.annotation.web.builders.HttpSecurity' (DefaultWebSecurityCondition)

   SpringBootWebSecurityConfiguration.WebSecurityEnablerConfiguration:
      Did not match:
         - @ConditionalOnMissingBean (names: springSecurityFilterChain; SearchStrategy: all) found beans named springSecurityFilterChain (OnBeanCondition)
      Matched:
         - @ConditionalOnClass found required class 'org.springframework.security.config.annotation.web.configuration.EnableWebSecurity' (OnClassCondition)

   SpringDocConfiguration#propertiesResolverForSchema:
      Did not match:
         - @ConditionalOnProperty (springdoc.api-docs.resolve-schema-properties) did not find property 'springdoc.api-docs.resolve-schema-properties' (OnPropertyCondition)

   SpringDocConfiguration#propertyCustomizingConverter:
      Did not match:
         - @ConditionalOnBean (types: org.springdoc.core.customizers.PropertyCustomizer; SearchStrategy: all) did not find any beans of type org.springdoc.core.customizers.PropertyCustomizer (OnBeanCondition)

   SpringDocConfiguration#springdocBeanFactoryPostProcessor:
      Did not match:
         - AnyNestedCondition 0 matched 2 did not; NestedCondition on CacheOrGroupedOpenApiCondition.OnCacheDisabled found non-matching nested conditions @ConditionalOnProperty (springdoc.cache.disabled) did not find property 'springdoc.cache.disabled'; NestedCondition on CacheOrGroupedOpenApiCondition.OnMultipleOpenApiSupportCondition AnyNestedCondition 0 matched 2 did not; NestedCondition on MultipleOpenApiSupportCondition.OnActuatorDifferentPort @ConditionalOnProperty (springdoc.show-actuator) did not find property 'springdoc.show-actuator'; NestedCondition on MultipleOpenApiSupportCondition.OnMultipleOpenApiSupportCondition AnyNestedCondition 0 matched 2 did not; NestedCondition on MultipleOpenApiGroupsCondition.OnGroupConfigProperty @ConditionalOnProperty (springdoc.group-configs[0].group) did not find property 'springdoc.group-configs[0].group'; NestedCondition on MultipleOpenApiGroupsCondition.OnGroupedOpenApiBean @ConditionalOnBean (types: org.springdoc.core.models.GroupedOpenApi; SearchStrategy: all) did not find any beans of type org.springdoc.core.models.GroupedOpenApi (CacheOrGroupedOpenApiCondition)
      Matched:
         - @ConditionalOnClass found required class 'org.springframework.boot.context.properties.bind.BindResult' (OnClassCondition)

   SpringDocConfiguration#springdocBeanFactoryPostProcessor2:
      Did not match:
         - @ConditionalOnMissingClass found unwanted class 'org.springframework.boot.context.properties.bind.BindResult' (OnClassCondition)

   SpringDocConfiguration.SpringDocActuatorConfiguration:
      Did not match:
         - @ConditionalOnClass did not find required class 'org.springframework.boot.actuate.autoconfigure.endpoint.web.WebEndpointProperties' (OnClassCondition)

   SpringDocConfiguration.SpringDocRepositoryRestConfiguration:
      Did not match:
         - @ConditionalOnClass did not find required class 'org.springframework.data.rest.core.config.RepositoryRestConfiguration' (OnClassCondition)

   SpringDocDataRestConfiguration:
      Did not match:
         - @ConditionalOnClass did not find required class 'org.springframework.data.rest.core.config.RepositoryRestConfiguration' (OnClassCondition)

   SpringDocFunctionCatalogConfiguration:
      Did not match:
         - @ConditionalOnClass did not find required class 'org.springframework.cloud.function.web.function.FunctionEndpointInitializer' (OnClassCondition)

   SpringDocGroovyConfiguration:
      Did not match:
         - @ConditionalOnClass did not find required class 'groovy.lang.MetaClass' (OnClassCondition)

   SpringDocHateoasConfiguration:
      Did not match:
         - @ConditionalOnClass did not find required class 'org.springframework.hateoas.server.LinkRelationProvider' (OnClassCondition)

   SpringDocJacksonKotlinModuleConfiguration:
      Did not match:
         - @ConditionalOnClass did not find required class 'com.fasterxml.jackson.module.kotlin.KotlinModule' (OnClassCondition)

   SpringDocJavadocConfiguration:
      Did not match:
         - @ConditionalOnClass did not find required class 'com.github.therapi.runtimejavadoc.CommentFormatter' (OnClassCondition)

   SpringDocKotlinxConfiguration:
      Did not match:
         - @ConditionalOnClass did not find required class 'kotlinx.coroutines.flow.Flow' (OnClassCondition)

   SpringDocSecurityConfiguration.SpringDocSecurityOAuth2Configuration:
      Did not match:
         - @ConditionalOnClass did not find required class 'org.springframework.security.oauth2.server.authorization.OAuth2AuthorizationService' (OnClassCondition)

   SpringDocSecurityConfiguration.SpringSecurityLoginEndpointConfiguration#springSecurityLoginEndpointCustomiser:
      Did not match:
         - @ConditionalOnProperty (springdoc.show-login-endpoint) did not find property 'springdoc.show-login-endpoint' (OnPropertyCondition)

   SpringDocSortConfiguration#delegatingMethodParameterCustomizer:
      Did not match:
         - @ConditionalOnMissingBean (types: org.springdoc.core.customizers.DelegatingMethodParameterCustomizer; SearchStrategy: all) found beans of type 'org.springdoc.core.customizers.DelegatingMethodParameterCustomizer' delegatingMethodParameterCustomizer (OnBeanCondition)

   SpringDocWebMvcConfiguration.SpringDocWebMvcActuatorConfiguration:
      Did not match:
         - @ConditionalOnClass did not find required class 'org.springframework.boot.actuate.endpoint.web.servlet.WebMvcEndpointHandlerMapping' (OnClassCondition)

   SwaggerConfig#springWebProvider:
      Did not match:
         - @ConditionalOnMissingBean (types: org.springdoc.core.providers.SpringWebProvider; SearchStrategy: all) found beans of type 'org.springdoc.core.providers.SpringWebProvider' springWebProvider (OnBeanCondition)

   SwaggerConfig#swaggerUiConfigParameters:
      Did not match:
         - @ConditionalOnMissingBean (types: org.springdoc.core.properties.SwaggerUiConfigParameters; SearchStrategy: all) found beans of type 'org.springdoc.core.properties.SwaggerUiConfigParameters' org.springdoc.core.properties.SwaggerUiConfigParameters (OnBeanCondition)

   SwaggerConfig#swaggerUiHome:
      Did not match:
         - @ConditionalOnProperty (springdoc.swagger-ui.use-root-path=true) did not find property 'springdoc.swagger-ui.use-root-path' (OnPropertyCondition)

   SwaggerConfig.SwaggerActuatorWelcomeConfiguration:
      Did not match:
         - @ConditionalOnClass did not find required class 'org.springframework.boot.actuate.endpoint.web.servlet.WebMvcEndpointHandlerMapping' (OnClassCondition)

   TaskExecutorConfigurations.SimpleAsyncTaskExecutorBuilderConfiguration#simpleAsyncTaskExecutorBuilderVirtualThreads:
      Did not match:
         - @ConditionalOnMissingBean (types: org.springframework.boot.task.SimpleAsyncTaskExecutorBuilder; SearchStrategy: all) found beans of type 'org.springframework.boot.task.SimpleAsyncTaskExecutorBuilder' simpleAsyncTaskExecutorBuilder (OnBeanCondition)

   TaskExecutorConfigurations.TaskExecutorConfiguration:
      Did not match:
         - @ConditionalOnMissingBean (types: java.util.concurrent.Executor; SearchStrategy: all) found beans of type 'java.util.concurrent.Executor' triageExecutorService (OnBeanCondition)

   TaskSchedulingAutoConfiguration#scheduledBeanLazyInitializationExcludeFilter:
      Did not match:
         - @ConditionalOnBean (names: org.springframework.context.annotation.internalScheduledAnnotationProcessor; SearchStrategy: all) did not find any beans named org.springframework.context.annotation.internalScheduledAnnotationProcessor (OnBeanCondition)

   TaskSchedulingConfigurations.SimpleAsyncTaskSchedulerBuilderConfiguration#simpleAsyncTaskSchedulerBuilderVirtualThreads:
      Did not match:
         - @ConditionalOnMissingBean (types: org.springframework.boot.task.SimpleAsyncTaskSchedulerBuilder; SearchStrategy: all) found beans of type 'org.springframework.boot.task.SimpleAsyncTaskSchedulerBuilder' simpleAsyncTaskSchedulerBuilder (OnBeanCondition)

   TaskSchedulingConfigurations.TaskSchedulerConfiguration:
      Did not match:
         - @ConditionalOnBean (names: org.springframework.context.annotation.internalScheduledAnnotationProcessor; SearchStrategy: all) did not find any beans named org.springframework.context.annotation.internalScheduledAnnotationProcessor (OnBeanCondition)

   ThymeleafAutoConfiguration:
      Did not match:
         - @ConditionalOnClass did not find required class 'org.thymeleaf.spring6.SpringTemplateEngine' (OnClassCondition)

   TransactionAutoConfiguration#transactionalOperator:
      Did not match:
         - @ConditionalOnSingleCandidate (types: org.springframework.transaction.ReactiveTransactionManager; SearchStrategy: all) did not find any beans (OnBeanCondition)

   TransactionAutoConfiguration.AspectJTransactionManagementConfiguration:
      Did not match:
         - @ConditionalOnBean did not find required type 'org.springframework.transaction.aspectj.AbstractTransactionAspect' (OnBeanCondition)
         - @ConditionalOnBean (types: org.springframework.transaction.aspectj.AbstractTransactionAspect; SearchStrategy: all) did not find any beans of type org.springframework.transaction.aspectj.AbstractTransactionAspect (OnBeanCondition)

   TransactionAutoConfiguration.EnableTransactionManagementConfiguration.JdkDynamicAutoProxyConfiguration:
      Did not match:
         - @ConditionalOnProperty (spring.aop.proxy-target-class=false) did not find property 'proxy-target-class' (OnPropertyCondition)

   UnmappedTermConsumer:
      Did not match:
         - @ConditionalOnProperty (imkqas.query-rewrite.synonym-expansion.mq-enabled=true) did not find property 'imkqas.query-rewrite.synonym-expansion.mq-enabled' (OnPropertyCondition)

   UserDetailsServiceAutoConfiguration:
      Did not match:
         - @ConditionalOnMissingBean (types: org.springframework.security.authentication.AuthenticationManager,org.springframework.security.authentication.AuthenticationProvider,org.springframework.security.core.userdetails.UserDetailsService,org.springframework.security.authentication.AuthenticationManagerResolver,org.springframework.security.oauth2.jwt.JwtDecoder; SearchStrategy: all) found beans of type 'org.springframework.security.authentication.AuthenticationManager' authenticationManager and found beans of type 'org.springframework.security.core.userdetails.UserDetailsService' userDetailsServiceImpl (OnBeanCondition)
      Matched:
         - @ConditionalOnClass found required class 'org.springframework.security.authentication.AuthenticationManager' (OnClassCondition)
         - AnyNestedCondition 1 matched 2 did not; NestedCondition on UserDetailsServiceAutoConfiguration.MissingAlternativeOrUserPropertiesConfigured.PasswordConfigured @ConditionalOnProperty (spring.security.user.password) did not find property 'password'; NestedCondition on UserDetailsServiceAutoConfiguration.MissingAlternativeOrUserPropertiesConfigured.NameConfigured @ConditionalOnProperty (spring.security.user.name) did not find property 'name'; NestedCondition on UserDetailsServiceAutoConfiguration.MissingAlternativeOrUserPropertiesConfigured.MissingAlternative @ConditionalOnMissingClass did not find unwanted classes 'org.springframework.security.oauth2.client.registration.ClientRegistrationRepository', 'org.springframework.security.oauth2.server.resource.introspection.OpaqueTokenIntrospector', 'org.springframework.security.saml2.provider.service.registration.RelyingPartyRegistrationRepository' (UserDetailsServiceAutoConfiguration.MissingAlternativeOrUserPropertiesConfigured)

   WebClientAutoConfiguration:
      Did not match:
         - @ConditionalOnClass did not find required class 'org.springframework.web.reactive.function.client.WebClient' (OnClassCondition)

   WebFluxAutoConfiguration:
      Did not match:
         - @ConditionalOnClass did not find required class 'org.springframework.web.reactive.config.WebFluxConfigurer' (OnClassCondition)

   WebMvcAutoConfiguration#hiddenHttpMethodFilter:
      Did not match:
         - @ConditionalOnProperty (spring.mvc.hiddenmethod.filter.enabled) did not find property 'enabled' (OnPropertyCondition)

   WebMvcAutoConfiguration.ProblemDetailsErrorHandlingConfiguration:
      Did not match:
         - @ConditionalOnProperty (spring.mvc.problemdetails.enabled=true) did not find property 'enabled' (OnPropertyCondition)

   WebMvcAutoConfiguration.ResourceChainCustomizerConfiguration:
      Did not match:
         - @ConditionalOnEnabledResourceChain did not find class org.webjars.WebJarAssetLocator (OnEnabledResourceChainCondition)

   WebMvcAutoConfiguration.WebMvcAutoConfigurationAdapter#beanNameViewResolver:
      Did not match:
         - @ConditionalOnMissingBean (types: org.springframework.web.servlet.view.BeanNameViewResolver; SearchStrategy: all) found beans of type 'org.springframework.web.servlet.view.BeanNameViewResolver' beanNameViewResolver (OnBeanCondition)

   WebServiceTemplateAutoConfiguration:
      Did not match:
         - @ConditionalOnClass did not find required class 'org.springframework.ws.client.core.WebServiceTemplate' (OnClassCondition)

   WebServicesAutoConfiguration:
      Did not match:
         - @ConditionalOnClass did not find required class 'org.springframework.ws.transport.http.MessageDispatcherServlet' (OnClassCondition)

   WebSessionIdResolverAutoConfiguration:
      Did not match:
         - @ConditionalOnWebApplication did not find reactive web application classes (OnWebApplicationCondition)

   WebSocketMessagingAutoConfiguration:
      Did not match:
         - @ConditionalOnClass did not find required class 'org.springframework.web.socket.config.annotation.WebSocketMessageBrokerConfigurer' (OnClassCondition)

   WebSocketReactiveAutoConfiguration:
      Did not match:
         - @ConditionalOnWebApplication did not find reactive web application classes (OnWebApplicationCondition)

   WebSocketServletAutoConfiguration.JettyWebSocketConfiguration:
      Did not match:
         - @ConditionalOnClass did not find required class 'org.eclipse.jetty.ee10.websocket.jakarta.server.config.JakartaWebSocketServletContainerInitializer' (OnClassCondition)

   WebSocketServletAutoConfiguration.UndertowWebSocketConfiguration:
      Did not match:
         - @ConditionalOnClass did not find required class 'io.undertow.websockets.jsr.Bootstrap' (OnClassCondition)

   XADataSourceAutoConfiguration:
      Did not match:
         - @ConditionalOnClass did not find required class 'jakarta.transaction.TransactionManager' (OnClassCondition)


Exclusions:
-----------

    None


Unconditional classes:
----------------------

    org.springframework.boot.autoconfigure.context.ConfigurationPropertiesAutoConfiguration

    org.springframework.boot.autoconfigure.ssl.SslAutoConfiguration

    org.springframework.boot.autoconfigure.context.PropertyPlaceholderAutoConfiguration

    org.springframework.boot.autoconfigure.context.LifecycleAutoConfiguration

    org.springdoc.core.configuration.SpringDocSpecPropertiesConfiguration

    org.springframework.boot.autoconfigure.availability.ApplicationAvailabilityAutoConfiguration

    org.springframework.boot.autoconfigure.info.ProjectInfoAutoConfiguration



2026-07-08 20:34:26 [main] INFO  com.student.ImkqasApplication - Started ImkqasApplication in 12.775 seconds (process running for 13.46)
2026-07-08 20:34:26 [main] DEBUG o.s.b.a.ApplicationAvailabilityBean - Application availability state LivenessState changed to CORRECT
2026-07-08 20:34:26 [main] DEBUG o.s.b.a.ApplicationAvailabilityBean - Application availability state ReadinessState changed to ACCEPTING_TRAFFIC
2026-07-08 20:34:58 [http-nio-8080-exec-1] INFO  o.a.c.c.C.[Tomcat].[localhost].[/] - Initializing Spring DispatcherServlet 'dispatcherServlet'
2026-07-08 20:34:58 [http-nio-8080-exec-1] INFO  o.s.web.servlet.DispatcherServlet - Initializing Servlet 'dispatcherServlet'
2026-07-08 20:34:58 [http-nio-8080-exec-1] INFO  o.s.web.servlet.DispatcherServlet - Completed initialization in 2 ms
2026-07-08 20:34:58 [http-nio-8080-exec-1] DEBUG c.s.filter.JwtAuthenticationFilter - 请求进入过滤器: method=GET, uri=/api/auth/validate, query=null
2026-07-08 20:35:02 [http-nio-8080-exec-2] DEBUG c.s.filter.JwtAuthenticationFilter - 请求进入过滤器: method=GET, uri=/api/conversations, query=null
2026-07-08 20:35:02 [http-nio-8080-exec-2] DEBUG c.s.m.C.selectList_mpCount - ==>  Preparing: SELECT COUNT(*) AS total FROM conversations WHERE deleted = 0
2026-07-08 20:35:02 [http-nio-8080-exec-2] DEBUG c.s.m.C.selectList_mpCount - ==> Parameters: 
2026-07-08 20:35:02 [http-nio-8080-exec-2] DEBUG c.s.m.C.selectList_mpCount - <==      Total: 1
2026-07-08 20:35:02 [http-nio-8080-exec-2] DEBUG c.s.m.ConversationMapper.selectList - ==>  Preparing: SELECT id,user_id,title,created_at,updated_at,deleted FROM conversations WHERE deleted=0 LIMIT ?
2026-07-08 20:35:02 [http-nio-8080-exec-2] DEBUG c.s.m.ConversationMapper.selectList - ==> Parameters: 10(Long)
2026-07-08 20:35:02 [http-nio-8080-exec-2] DEBUG c.s.m.ConversationMapper.selectList - <==      Total: 1
2026-07-08 20:35:02 [http-nio-8080-exec-3] DEBUG c.s.filter.JwtAuthenticationFilter - 请求进入过滤器: method=GET, uri=/api/messages/by-conversation/2073648773575843842, query=null
2026-07-08 20:35:02 [http-nio-8080-exec-3] DEBUG c.s.m.M.selectList_mpCount - ==>  Preparing: SELECT COUNT(*) AS total FROM messages WHERE deleted = 0 AND (conversation_id = ?)
2026-07-08 20:35:02 [http-nio-8080-exec-3] DEBUG c.s.m.M.selectList_mpCount - ==> Parameters: 2073648773575843842(Long)
2026-07-08 20:35:02 [http-nio-8080-exec-3] DEBUG c.s.m.M.selectList_mpCount - <==      Total: 1
2026-07-08 20:35:02 [http-nio-8080-exec-3] DEBUG c.s.mapper.MessageMapper.selectList - ==>  Preparing: SELECT id,conversation_id,role,content,source_references,created_at,updated_at,deleted FROM messages WHERE deleted=0 AND (conversation_id = ?) ORDER BY created_at ASC LIMIT ?
2026-07-08 20:35:02 [http-nio-8080-exec-3] DEBUG c.s.mapper.MessageMapper.selectList - ==> Parameters: 2073648773575843842(Long), 10(Long)
2026-07-08 20:35:02 [http-nio-8080-exec-3] DEBUG c.s.mapper.MessageMapper.selectList - <==      Total: 4
2026-07-08 20:35:02 [http-nio-8080-exec-4] DEBUG c.s.filter.JwtAuthenticationFilter - 请求进入过滤器: method=GET, uri=/api/his/interview/by-conversation/2073648773575843842, query=null
2026-07-08 20:35:02 [http-nio-8080-exec-4] DEBUG c.s.m.h.I.selectList - ==>  Preparing: SELECT id,session_id,questionnaire_id,questionnaire_title,user_id,conversation_id,current_question_index,total_questions,answers,current_score,completed,collection_mode,degradation_level,raw_inputs,safety_flags,context_summary,provenance,consecutive_failures,created_at,last_active_at,updated_at,deleted FROM interview_sessions WHERE deleted=0 AND (conversation_id = ?) ORDER BY created_at DESC
2026-07-08 20:35:02 [http-nio-8080-exec-4] DEBUG c.s.m.h.I.selectList - ==> Parameters: 2073648773575843842(Long)
2026-07-08 20:35:03 [http-nio-8080-exec-4] DEBUG c.s.m.h.I.selectList - <==      Total: 0
2026-07-08 20:35:08 [http-nio-8080-exec-5] DEBUG c.s.filter.JwtAuthenticationFilter - 请求进入过滤器: method=POST, uri=/api/conversations, query=null
2026-07-08 20:35:08 [http-nio-8080-exec-5] DEBUG c.s.mapper.ConversationMapper.insert - ==>  Preparing: INSERT INTO conversations ( id, user_id, title, created_at, updated_at, deleted ) VALUES ( ?, ?, ?, ?, ?, ? )
2026-07-08 20:35:08 [http-nio-8080-exec-5] DEBUG c.s.mapper.ConversationMapper.insert - ==> Parameters: 2074834669297823745(Long), 1(Long), 新咨询 2026/7/8(String), 2026-07-08T20:35:08.373501900(LocalDateTime), 2026-07-08T20:35:08.385582900(LocalDateTime), 0(Integer)
2026-07-08 20:35:08 [http-nio-8080-exec-5] DEBUG c.s.mapper.ConversationMapper.insert - <==    Updates: 1
2026-07-08 20:35:59 [http-nio-8080-exec-6] DEBUG c.s.filter.JwtAuthenticationFilter - 请求进入过滤器: method=POST, uri=/api/qa/stream, query=null
2026-07-08 20:35:59 [http-nio-8080-exec-7] DEBUG c.s.filter.JwtAuthenticationFilter - 请求进入过滤器: method=POST, uri=/api/messages, query=null
2026-07-08 20:35:59 [http-nio-8080-exec-8] DEBUG c.s.filter.JwtAuthenticationFilter - 请求进入过滤器: method=PUT, uri=/api/conversations/2074834669297823745, query=null
2026-07-08 20:35:59 [http-nio-8080-exec-6] INFO  c.student.controller.qa.QaController - 流式问答请求: query=我最近心跳很快，手会发抖，晚上也睡不好，总是想一些不好的事, userId=null, conversationId=2074834669297823745
2026-07-08 20:35:59 [ForkJoinPool.commonPool-worker-1] DEBUG c.s.s.his.impl.IntentRouterImpl - 意图路由[DATA_COLLECTION]: 关键词匹配 + 问卷匹配 -> 我最近心跳很快，手会发抖，晚上也睡不好，总是想一些不好的事
2026-07-08 20:35:59 [ForkJoinPool.commonPool-worker-1] INFO  c.s.service.rag.impl.QaServiceImpl - [DATA_COLLECTION] 返回问卷建议: matched=true, questionnaireId=ISI, answerLength=64, processingTime=7ms
2026-07-08 20:35:59 [http-nio-8080-exec-8] DEBUG c.s.m.ConversationMapper.updateById - ==>  Preparing: UPDATE conversations SET title=?, created_at=?, updated_at=? WHERE id=? AND deleted=0
2026-07-08 20:35:59 [http-nio-8080-exec-8] DEBUG c.s.m.ConversationMapper.updateById - ==> Parameters: 我最近心跳很快，手会发抖，晚上也睡不好，总是想一些不好的事(String), 2026-07-08T20:35:59.447815900(LocalDateTime), 2026-07-08T20:35:59.452812500(LocalDateTime), 2074834669297823745(Long)
2026-07-08 20:35:59 [ForkJoinPool.commonPool-worker-3] DEBUG com.student.service.RedisService - 设置缓存成功: key=intent:我最近心跳很快,手会发抖,晚上也睡不好,总是想一些不好的事
2026-07-08 20:35:59 [http-nio-8080-exec-8] DEBUG c.s.m.ConversationMapper.updateById - <==    Updates: 1
2026-07-08 20:35:59 [http-nio-8080-exec-7] DEBUG c.s.m.ConversationMapper.selectById - ==>  Preparing: SELECT id,user_id,title,created_at,updated_at,deleted FROM conversations WHERE id=? AND deleted=0
2026-07-08 20:35:59 [http-nio-8080-exec-7] DEBUG c.s.m.ConversationMapper.selectById - ==> Parameters: 2074834669297823745(Long)
2026-07-08 20:35:59 [http-nio-8080-exec-7] DEBUG c.s.m.ConversationMapper.selectById - <==      Total: 1
2026-07-08 20:35:59 [http-nio-8080-exec-7] DEBUG c.s.mapper.MessageMapper.insert - ==>  Preparing: INSERT INTO messages ( id, conversation_id, role, content, created_at, updated_at, deleted ) VALUES ( ?, ?, ?, ?, ?, ?, ? )
2026-07-08 20:35:59 [http-nio-8080-exec-7] DEBUG c.s.mapper.MessageMapper.insert - ==> Parameters: 2074834884088131585(Long), 2074834669297823745(Long), USER(String), 我最近心跳很快，手会发抖，晚上也睡不好，总是想一些不好的事(String), 2026-07-08T20:35:59.455806700(LocalDateTime), 2026-07-08T20:35:59.604712800(LocalDateTime), 0(Integer)
2026-07-08 20:35:59 [http-nio-8080-exec-7] DEBUG c.s.mapper.MessageMapper.insert - <==    Updates: 1
2026-07-08 20:35:59 [ForkJoinPool.commonPool-worker-1] INFO  c.student.controller.qa.QaController - [DATA_COLLECTION] SSE done事件携带问卷建议: questionnaireId=ISI, title=ISI 失眠严重指数量表, matched=true, confidence=0.85
2026-07-08 20:35:59 [ForkJoinPool.commonPool-worker-1] INFO  c.student.controller.qa.QaController - [DATA_COLLECTION] SSE done事件已发送: intentType=DATA_COLLECTION, hasQuestionnaireSuggestion=true, answer长度=64
2026-07-08 20:35:59 [http-nio-8080-exec-10] DEBUG c.s.filter.JwtAuthenticationFilter - 请求进入过滤器: method=POST, uri=/api/his/interview/start-llm, query=null
2026-07-08 20:35:59 [http-nio-8080-exec-10] INFO  c.s.c.his.InterviewController - 收到LLM启动请求: questionnaireId=ISI, userId=null, conversationId=2074834669297823745
2026-07-08 20:35:59 [http-nio-8080-exec-10] INFO  c.s.service.his.CollectionSseEmitter - SSE连接已建立: timeout=180000ms
2026-07-08 20:35:59 [ForkJoinPool.commonPool-worker-4] DEBUG c.s.m.h.I.selectList - ==>  Preparing: SELECT id,session_id,questionnaire_id,questionnaire_title,user_id,conversation_id,current_question_index,total_questions,answers,current_score,completed,collection_mode,degradation_level,raw_inputs,safety_flags,context_summary,provenance,consecutive_failures,created_at,last_active_at,updated_at,deleted FROM interview_sessions WHERE deleted=0 AND (session_id = ?)
2026-07-08 20:35:59 [ForkJoinPool.commonPool-worker-4] DEBUG c.s.m.h.I.selectList - ==> Parameters: bec5eec99cc6(String)
2026-07-08 20:35:59 [ForkJoinPool.commonPool-worker-1] DEBUG com.student.service.RedisService - 设置缓存成功: key=his:state:2074834669297823745:pending_interview
2026-07-08 20:35:59 [ForkJoinPool.commonPool-worker-3] DEBUG com.student.service.RedisService - 设置缓存成功: key=his:interview:bec5eec99cc6
2026-07-08 20:35:59 [ForkJoinPool.commonPool-worker-3] DEBUG c.s.s.his.impl.InterviewEngineImpl - 会话已保存到Redis: sessionId=bec5eec99cc6
2026-07-08 20:35:59 [ForkJoinPool.commonPool-worker-4] DEBUG c.s.m.h.I.selectList - <==      Total: 0
2026-07-08 20:35:59 [ForkJoinPool.commonPool-worker-4] DEBUG c.s.m.h.I.insert - ==>  Preparing: INSERT INTO interview_sessions ( id, session_id, questionnaire_id, questionnaire_title, conversation_id, current_question_index, total_questions, answers, current_score, completed, collection_mode, degradation_level, raw_inputs, safety_flags, context_summary, provenance, consecutive_failures, created_at, last_active_at, updated_at ) VALUES ( ?, ?, ?, ?, ?, ?, ?, ?, ?, ?, ?, ?, ?, ?, ?, ?, ?, ?, ?, ? )
2026-07-08 20:35:59 [ForkJoinPool.commonPool-worker-4] DEBUG c.s.m.h.I.insert - ==> Parameters: 2074834884939575298(Long), bec5eec99cc6(String), ISI(String), ISI 失眠严重指数量表(String), 2074834669297823745(Long), 0(Integer), 7(Integer), {}(String), 0(Integer), 0(Integer), llm_driven(String), llm(String), {}(String), [](String), (String), {}(String), 0(Integer), 2026-07-08T20:35:59.756031100(LocalDateTime), 2026-07-08T20:35:59.756031100(LocalDateTime), 2026-07-08T20:35:59.804649(LocalDateTime)
2026-07-08 20:35:59 [ForkJoinPool.commonPool-worker-1] DEBUG com.student.service.RedisService - 设置缓存成功: key=his:state:2074834669297823745
2026-07-08 20:35:59 [ForkJoinPool.commonPool-worker-1] INFO  c.s.s.h.i.ConversationStateManagerImpl - 对话状态切换: conversationId=2074834669297823745, targetState=QUESTIONNAIRE
2026-07-08 20:35:59 [ForkJoinPool.commonPool-worker-1] INFO  c.s.s.his.impl.InterviewEngineImpl - 开始填表: sessionId=bec5eec99cc6, questionnaire=ISI, userId=null, mode=llm_driven
2026-07-08 20:35:59 [ForkJoinPool.commonPool-worker-1] INFO  c.s.service.his.CollectionSseEmitter - SSE发送问题: linkId=/q1, text=入睡困难的程度, progress=1/7, sessionId=bec5eec99cc6
2026-07-08 20:35:59 [ForkJoinPool.commonPool-worker-3] DEBUG c.s.m.h.I.selectList - ==>  Preparing: SELECT id,conversation_id,session_id,user_id,message_type,sequence_num,questionnaire_id,questionnaire_title,message_data,created_at,updated_at,deleted FROM interview_messages WHERE deleted=0 AND (session_id = ?) ORDER BY sequence_num DESC LIMIT 1
2026-07-08 20:35:59 [ForkJoinPool.commonPool-worker-3] DEBUG c.s.m.h.I.selectList - ==> Parameters: bec5eec99cc6(String)
2026-07-08 20:35:59 [ForkJoinPool.commonPool-worker-1] INFO  c.s.service.his.CollectionSseEmitter - SSE发送结束标记
2026-07-08 20:35:59 [ForkJoinPool.commonPool-worker-1] INFO  c.s.service.his.CollectionSseEmitter - SSE连接正常关闭
2026-07-08 20:35:59 [http-nio-8080-exec-1] INFO  c.s.service.his.CollectionSseEmitter - SSE连接完成
2026-07-08 20:35:59 [ForkJoinPool.commonPool-worker-3] DEBUG c.s.m.h.I.selectList - <==      Total: 0
2026-07-08 20:35:59 [ForkJoinPool.commonPool-worker-3] DEBUG c.s.m.h.I.insert - ==>  Preparing: INSERT INTO interview_messages ( id, conversation_id, session_id, message_type, sequence_num, questionnaire_id, questionnaire_title, message_data, created_at, updated_at ) VALUES ( ?, ?, ?, ?, ?, ?, ?, ?, ?, ? )
2026-07-08 20:35:59 [ForkJoinPool.commonPool-worker-3] DEBUG c.s.m.h.I.insert - ==> Parameters: 2074834885136707585(Long), 2074834669297823745(Long), bec5eec99cc6(String), question(String), 1(Integer), ISI(String), ISI 失眠严重指数量表(String), {"linkId":"/q1","text":"入睡困难的程度","currentIndex":0,"totalQuestions":7,"progress":"1/7","options":[{"code":"ISI-0","display":"无","score":0},{"code":"ISI-1","display":"轻度","score":1},{"code":"ISI-2","display":"中度","score":2},{"code":"ISI-3","display":"重度","score":3},{"code":"ISI-4","display":"极重度","score":4}]}(String), 2026-07-08T20:35:59.841421100(LocalDateTime), 2026-07-08T20:35:59.842626400(LocalDateTime)
2026-07-08 20:35:59 [ForkJoinPool.commonPool-worker-4] DEBUG c.s.m.h.I.insert - <==    Updates: 1
2026-07-08 20:35:59 [ForkJoinPool.commonPool-worker-4] DEBUG c.s.s.h.i.InterviewPersistenceServiceImpl - MySQL插入会话: sessionId=bec5eec99cc6
2026-07-08 20:35:59 [ForkJoinPool.commonPool-worker-3] DEBUG c.s.m.h.I.insert - <==    Updates: 1
2026-07-08 20:35:59 [ForkJoinPool.commonPool-worker-3] DEBUG c.s.s.h.i.InterviewPersistenceServiceImpl - MySQL保存访谈消息: sessionId=bec5eec99cc6, type=question, seq=1
2026-07-08 20:36:47 [http-nio-8080-exec-2] DEBUG c.s.filter.JwtAuthenticationFilter - 请求进入过滤器: method=POST, uri=/api/his/interview/llm-answer, query=null
2026-07-08 20:36:47 [http-nio-8080-exec-2] INFO  c.s.c.his.InterviewController - 收到LLM回答请求: sessionId=bec5eec99cc6, inputLen=20
2026-07-08 20:36:47 [http-nio-8080-exec-2] INFO  c.s.service.his.CollectionSseEmitter - SSE连接已建立: timeout=180000ms
2026-07-08 20:36:47 [ForkJoinPool.commonPool-worker-3] DEBUG com.student.service.RedisService - 获取缓存: key=his:interview:bec5eec99cc6, value=exists
2026-07-08 20:36:47 [ForkJoinPool.commonPool-worker-3] INFO  c.s.s.his.impl.InterviewEngineImpl - 持久化用户消息: sessionId=bec5eec99cc6, conversationId=2074834669297823745, linkId=/q1, text=我每天难以入睡，经常躺两三个小时才能睡觉
2026-07-08 20:36:47 [ForkJoinPool.commonPool-worker-3] INFO  c.s.s.his.impl.InterviewEngineImpl - LLM轮次处理: sessionId=bec5eec99cc6, progress=1/7, degradationLevel=llm, userInput=我每天难以入睡，经常躺两三个小时才能睡觉
2026-07-08 20:36:47 [ForkJoinPool.commonPool-worker-3] DEBUG c.s.s.h.impl.CollectionSubAgentImpl - T2 Token估算: sessionId=bec5eec99cc6, system=250, question=120, summary(len=0, tkn=0), userInput(len=20, tkn=30), instruction=80, qScale=70, total=550
2026-07-08 20:36:47 [ForkJoinPool.commonPool-worker-3] INFO  c.s.s.h.impl.CollectionSubAgentImpl - T2 压缩等级决策: sessionId=bec5eec99cc6, estimatedTokens=550, thresholds=[NONE<2000 LIGHT<3000 DEEP<4000 EMERGENCY], level=NONE
2026-07-08 20:36:47 [ForkJoinPool.commonPool-worker-3] DEBUG c.s.s.h.impl.CollectionSubAgentImpl - T2 Token估算: sessionId=bec5eec99cc6, system=250, question=120, summary(len=0, tkn=0), userInput(len=20, tkn=30), instruction=80, qScale=70, total=550
2026-07-08 20:36:47 [ForkJoinPool.commonPool-worker-3] INFO  c.s.s.h.impl.CollectionSubAgentImpl - 采集子Agent Token估算: sessionId=bec5eec99cc6, estimatedTokens≈550, compression=NONE
2026-07-08 20:36:47 [ForkJoinPool.commonPool-worker-3] INFO  c.s.s.h.impl.CollectionSubAgentImpl - T2 构建状态上下文: sessionId=bec5eec99cc6, compression=NONE, summaryLen=0, progress=1/7
2026-07-08 20:36:47 [ForkJoinPool.commonPool-worker-3] INFO  c.s.s.h.impl.CollectionSubAgentImpl - 采集子Agent LLM调用: sessionId=bec5eec99cc6, questionnaire=ISI, progress=1/7, compression=NONE, promptLen=1275
2026-07-08 20:36:47 [ForkJoinPool.commonPool-worker-3] DEBUG c.s.service.rag.impl.LlmServiceImpl - LLM API请求: model=qwen-plus, prompt长度=1275, url=https://dashscope.aliyuncs.com/api/v1/services/aigc/text-generation/generation
2026-07-08 20:36:47 [ForkJoinPool.commonPool-worker-4] DEBUG c.s.m.h.I.selectList - ==>  Preparing: SELECT id,conversation_id,session_id,user_id,message_type,sequence_num,questionnaire_id,questionnaire_title,message_data,created_at,updated_at,deleted FROM interview_messages WHERE deleted=0 AND (session_id = ?) ORDER BY sequence_num DESC LIMIT 1
2026-07-08 20:36:47 [ForkJoinPool.commonPool-worker-4] DEBUG c.s.m.h.I.selectList - ==> Parameters: bec5eec99cc6(String)
2026-07-08 20:36:47 [ForkJoinPool.commonPool-worker-4] DEBUG c.s.m.h.I.selectList - <==      Total: 1
2026-07-08 20:36:47 [ForkJoinPool.commonPool-worker-4] DEBUG c.s.m.h.I.insert - ==>  Preparing: INSERT INTO interview_messages ( id, conversation_id, session_id, message_type, sequence_num, questionnaire_id, questionnaire_title, message_data, created_at, updated_at ) VALUES ( ?, ?, ?, ?, ?, ?, ?, ?, ?, ? )
2026-07-08 20:36:47 [ForkJoinPool.commonPool-worker-4] DEBUG c.s.m.h.I.insert - ==> Parameters: 2074835084798160897(Long), 2074834669297823745(Long), bec5eec99cc6(String), user_message(String), 2(Integer), ISI(String), ISI 失眠严重指数量表(String), {"text":"我每天难以入睡，经常躺两三个小时才能睡觉","sessionId":"bec5eec99cc6","linkId":"/q1","questionText":"入睡困难的程度","degradationLevel":"llm","progress":"1/7"}(String), 2026-07-08T20:36:47.445180700(LocalDateTime), 2026-07-08T20:36:47.445180700(LocalDateTime)
2026-07-08 20:36:47 [ForkJoinPool.commonPool-worker-4] DEBUG c.s.m.h.I.insert - <==    Updates: 1
2026-07-08 20:36:47 [ForkJoinPool.commonPool-worker-4] DEBUG c.s.s.h.i.InterviewPersistenceServiceImpl - MySQL保存访谈消息: sessionId=bec5eec99cc6, type=user_message, seq=2
2026-07-08 20:37:01 [ForkJoinPool.commonPool-worker-3] DEBUG c.s.service.rag.impl.LlmServiceImpl - LLM API响应: status=200, body长度=390, 内容预览={"output":{"finish_reason":"stop","text":"{\"tool\": \"record_answer\", \"linkId\": \"/q1\", \"code\": \"ISI-3\", \"display\": \"重度\", \"value\": 3, \"confidence\": 0.95, \"context_summary\": \"用户描述每天...
2026-07-08 20:37:01 [ForkJoinPool.commonPool-worker-3] INFO  c.s.s.h.impl.CollectionSubAgentImpl - 采集子Agent解析工具调用: tool=record_answer
2026-07-08 20:37:01 [ForkJoinPool.commonPool-worker-3] INFO  c.s.s.h.impl.CollectionSubAgentImpl - LLM输出→记录答案: linkId=/q1, code=ISI-3, value=3
2026-07-08 20:37:01 [ForkJoinPool.commonPool-worker-3] INFO  c.s.s.h.impl.CollectionSubAgentImpl - LLM采集完成: sessionId=bec5eec99cc6, type=RECORD_ANSWER, latency=13644ms
2026-07-08 20:37:01 [ForkJoinPool.commonPool-worker-3] INFO  c.s.s.his.impl.InterviewEngineImpl - LLM语义理解结果: sessionId=bec5eec99cc6, type=RECORD_ANSWER, latency=13644ms, degradationLevel=llm
2026-07-08 20:37:01 [ForkJoinPool.commonPool-worker-3] INFO  c.s.s.his.impl.InterviewEngineImpl - LLM识别为答案记录，开始持久化: sessionId=bec5eec99cc6, linkId=/q1, code=ISI-3
2026-07-08 20:37:01 [ForkJoinPool.commonPool-worker-3] INFO  c.s.s.his.impl.InterviewEngineImpl - 记录答案: sessionId=bec5eec99cc6, linkId=/q1, code=ISI-3, value=3, source=llm, confidence=0.95
2026-07-08 20:37:01 [ForkJoinPool.commonPool-worker-3] DEBUG com.student.service.RedisService - 获取缓存: key=his:interview:bec5eec99cc6, value=exists
2026-07-08 20:37:01 [ForkJoinPool.commonPool-worker-3] INFO  c.s.s.his.impl.InterviewEngineImpl - T1 增量摘要: sessionId=bec5eec99cc6, linkId=/q1, source=llm, fromLlm=true, summaryLen=28, ctxBefore=0, ctxAfter=28, capped=false
2026-07-08 20:37:01 [ForkJoinPool.commonPool-worker-3] INFO  c.s.s.his.impl.InterviewEngineImpl - 下一题: sessionId=bec5eec99cc6, linkId=/q2, text=维持睡眠困难的程度
2026-07-08 20:37:01 [ForkJoinPool.commonPool-worker-3] INFO  c.s.service.his.CollectionSseEmitter - SSE发送问题: linkId=/q2, text=维持睡眠困难的程度, progress=2/7, sessionId=bec5eec99cc6
2026-07-08 20:37:01 [ForkJoinPool.commonPool-worker-3] INFO  c.s.service.his.CollectionSseEmitter - SSE发送结束标记
2026-07-08 20:37:01 [ForkJoinPool.commonPool-worker-3] INFO  c.s.service.his.CollectionSseEmitter - SSE连接正常关闭
2026-07-08 20:37:01 [http-nio-8080-exec-3] INFO  c.s.service.his.CollectionSseEmitter - SSE连接完成
2026-07-08 20:37:01 [ForkJoinPool.commonPool-worker-1] DEBUG c.s.m.h.I.selectList - ==>  Preparing: SELECT id,session_id,questionnaire_id,questionnaire_title,user_id,conversation_id,current_question_index,total_questions,answers,current_score,completed,collection_mode,degradation_level,raw_inputs,safety_flags,context_summary,provenance,consecutive_failures,created_at,last_active_at,updated_at,deleted FROM interview_sessions WHERE deleted=0 AND (session_id = ?)
2026-07-08 20:37:01 [ForkJoinPool.commonPool-worker-1] DEBUG c.s.m.h.I.selectList - ==> Parameters: bec5eec99cc6(String)
2026-07-08 20:37:01 [ForkJoinPool.commonPool-worker-4] DEBUG com.student.service.RedisService - 设置缓存成功: key=his:interview:bec5eec99cc6
2026-07-08 20:37:01 [ForkJoinPool.commonPool-worker-4] DEBUG c.s.s.his.impl.InterviewEngineImpl - 会话已保存到Redis: sessionId=bec5eec99cc6
2026-07-08 20:37:01 [ForkJoinPool.commonPool-worker-5] DEBUG c.s.m.h.I.selectList - ==>  Preparing: SELECT id,conversation_id,session_id,user_id,message_type,sequence_num,questionnaire_id,questionnaire_title,message_data,created_at,updated_at,deleted FROM interview_messages WHERE deleted=0 AND (session_id = ?) ORDER BY sequence_num DESC LIMIT 1
2026-07-08 20:37:01 [ForkJoinPool.commonPool-worker-5] DEBUG c.s.m.h.I.selectList - ==> Parameters: bec5eec99cc6(String)
2026-07-08 20:37:01 [ForkJoinPool.commonPool-worker-6] DEBUG com.student.service.RedisService - 设置缓存成功: key=his:interview:bec5eec99cc6
2026-07-08 20:37:01 [ForkJoinPool.commonPool-worker-6] DEBUG c.s.s.his.impl.InterviewEngineImpl - 会话已保存到Redis: sessionId=bec5eec99cc6
2026-07-08 20:37:01 [ForkJoinPool.commonPool-worker-7] DEBUG c.s.m.h.I.selectList - ==>  Preparing: SELECT id,session_id,questionnaire_id,questionnaire_title,user_id,conversation_id,current_question_index,total_questions,answers,current_score,completed,collection_mode,degradation_level,raw_inputs,safety_flags,context_summary,provenance,consecutive_failures,created_at,last_active_at,updated_at,deleted FROM interview_sessions WHERE deleted=0 AND (session_id = ?)
2026-07-08 20:37:01 [ForkJoinPool.commonPool-worker-7] DEBUG c.s.m.h.I.selectList - ==> Parameters: bec5eec99cc6(String)
2026-07-08 20:37:01 [ForkJoinPool.commonPool-worker-5] DEBUG c.s.m.h.I.selectList - <==      Total: 1
2026-07-08 20:37:01 [ForkJoinPool.commonPool-worker-7] DEBUG c.s.m.h.I.selectList - <==      Total: 1
2026-07-08 20:37:01 [ForkJoinPool.commonPool-worker-1] DEBUG c.s.m.h.I.selectList - <==      Total: 1
2026-07-08 20:37:01 [ForkJoinPool.commonPool-worker-5] DEBUG c.s.m.h.I.insert - ==>  Preparing: INSERT INTO interview_messages ( id, conversation_id, session_id, message_type, sequence_num, questionnaire_id, questionnaire_title, message_data, created_at, updated_at ) VALUES ( ?, ?, ?, ?, ?, ?, ?, ?, ?, ? )
2026-07-08 20:37:01 [ForkJoinPool.commonPool-worker-5] DEBUG c.s.m.h.I.insert - ==> Parameters: 2074835142536949761(Long), 2074834669297823745(Long), bec5eec99cc6(String), question(String), 3(Integer), ISI(String), ISI 失眠严重指数量表(String), {"linkId":"/q2","text":"维持睡眠困难的程度","currentIndex":1,"totalQuestions":7,"progress":"2/7","options":[{"code":"ISI-0","display":"无","score":0},{"code":"ISI-1","display":"轻度","score":1},{"code":"ISI-2","display":"中度","score":2},{"code":"ISI-3","display":"重度","score":3},{"code":"ISI-4","display":"极重度","score":4}],"sessionId":"bec5eec99cc6"}(String), 2026-07-08T20:37:01.210115600(LocalDateTime), 2026-07-08T20:37:01.210115600(LocalDateTime)
2026-07-08 20:37:01 [ForkJoinPool.commonPool-worker-1] DEBUG c.s.m.h.I.updateById - ==>  Preparing: UPDATE interview_sessions SET session_id=?, questionnaire_id=?, questionnaire_title=?, conversation_id=?, current_question_index=?, total_questions=?, answers=?, current_score=?, completed=?, collection_mode=?, degradation_level=?, raw_inputs=?, safety_flags=?, context_summary=?, provenance=?, consecutive_failures=?, created_at=?, last_active_at=?, updated_at=? WHERE id=? AND deleted=0
2026-07-08 20:37:01 [ForkJoinPool.commonPool-worker-7] DEBUG c.s.m.h.I.updateById - ==>  Preparing: UPDATE interview_sessions SET session_id=?, questionnaire_id=?, questionnaire_title=?, conversation_id=?, current_question_index=?, total_questions=?, answers=?, current_score=?, completed=?, collection_mode=?, degradation_level=?, raw_inputs=?, safety_flags=?, context_summary=?, provenance=?, consecutive_failures=?, created_at=?, last_active_at=?, updated_at=? WHERE id=? AND deleted=0
2026-07-08 20:37:01 [ForkJoinPool.commonPool-worker-7] DEBUG c.s.m.h.I.updateById - ==> Parameters: bec5eec99cc6(String), ISI(String), ISI 失眠严重指数量表(String), 2074834669297823745(Long), 1(Integer), 7(Integer), {"/q1":"ISI-3"}(String), 3(Integer), 0(Integer), llm_driven(String), llm(String), {}(String), [](String), 用户描述每天躺两三个小时才能入睡，表明入睡困难程度较重；(String), {"/q1":{"source":"llm","confidence":0.95}}(String), 0(Integer), 2026-07-08T20:35:59.756031100(LocalDateTime), 2026-07-08T20:37:01.145121200(LocalDateTime), 2026-07-08T20:37:01.222115700(LocalDateTime), 2074834884939575298(Long)
2026-07-08 20:37:01 [ForkJoinPool.commonPool-worker-1] DEBUG c.s.m.h.I.updateById - ==> Parameters: bec5eec99cc6(String), ISI(String), ISI 失眠严重指数量表(String), 2074834669297823745(Long), 1(Integer), 7(Integer), {"/q1":"ISI-3"}(String), 3(Integer), 0(Integer), llm_driven(String), llm(String), {}(String), [](String), 用户描述每天躺两三个小时才能入睡，表明入睡困难程度较重；(String), {"/q1":{"source":"llm","confidence":0.95}}(String), 0(Integer), 2026-07-08T20:35:59.756031100(LocalDateTime), 2026-07-08T20:37:01.145121200(LocalDateTime), 2026-07-08T20:37:01.222115700(LocalDateTime), 2074834884939575298(Long)
2026-07-08 20:37:01 [ForkJoinPool.commonPool-worker-1] DEBUG c.s.m.h.I.updateById - <==    Updates: 1
2026-07-08 20:37:01 [ForkJoinPool.commonPool-worker-7] DEBUG c.s.m.h.I.updateById - <==    Updates: 1
2026-07-08 20:37:01 [ForkJoinPool.commonPool-worker-5] DEBUG c.s.m.h.I.insert - <==    Updates: 1
2026-07-08 20:37:01 [ForkJoinPool.commonPool-worker-7] DEBUG c.s.s.h.i.InterviewPersistenceServiceImpl - MySQL更新会话: sessionId=bec5eec99cc6
2026-07-08 20:37:01 [ForkJoinPool.commonPool-worker-1] DEBUG c.s.s.h.i.InterviewPersistenceServiceImpl - MySQL更新会话: sessionId=bec5eec99cc6
2026-07-08 20:37:01 [ForkJoinPool.commonPool-worker-5] DEBUG c.s.s.h.i.InterviewPersistenceServiceImpl - MySQL保存访谈消息: sessionId=bec5eec99cc6, type=question, seq=3
2026-07-08 20:37:12 [http-nio-8080-exec-4] DEBUG c.s.filter.JwtAuthenticationFilter - 请求进入过滤器: method=GET, uri=/api/messages/by-conversation/2073648773575843842, query=null
2026-07-08 20:37:12 [http-nio-8080-exec-4] DEBUG c.s.m.M.selectList_mpCount - ==>  Preparing: SELECT COUNT(*) AS total FROM messages WHERE deleted = 0 AND (conversation_id = ?)
2026-07-08 20:37:12 [http-nio-8080-exec-4] DEBUG c.s.m.M.selectList_mpCount - ==> Parameters: 2073648773575843842(Long)
2026-07-08 20:37:12 [http-nio-8080-exec-4] DEBUG c.s.m.M.selectList_mpCount - <==      Total: 1
2026-07-08 20:37:12 [http-nio-8080-exec-4] DEBUG c.s.mapper.MessageMapper.selectList - ==>  Preparing: SELECT id,conversation_id,role,content,source_references,created_at,updated_at,deleted FROM messages WHERE deleted=0 AND (conversation_id = ?) ORDER BY created_at ASC LIMIT ?
2026-07-08 20:37:12 [http-nio-8080-exec-4] DEBUG c.s.mapper.MessageMapper.selectList - ==> Parameters: 2073648773575843842(Long), 10(Long)
2026-07-08 20:37:12 [http-nio-8080-exec-4] DEBUG c.s.mapper.MessageMapper.selectList - <==      Total: 4
2026-07-08 20:37:12 [http-nio-8080-exec-5] DEBUG c.s.filter.JwtAuthenticationFilter - 请求进入过滤器: method=GET, uri=/api/his/interview/by-conversation/2073648773575843842, query=null
2026-07-08 20:37:12 [http-nio-8080-exec-5] DEBUG c.s.m.h.I.selectList - ==>  Preparing: SELECT id,session_id,questionnaire_id,questionnaire_title,user_id,conversation_id,current_question_index,total_questions,answers,current_score,completed,collection_mode,degradation_level,raw_inputs,safety_flags,context_summary,provenance,consecutive_failures,created_at,last_active_at,updated_at,deleted FROM interview_sessions WHERE deleted=0 AND (conversation_id = ?) ORDER BY created_at DESC
2026-07-08 20:37:12 [http-nio-8080-exec-5] DEBUG c.s.m.h.I.selectList - ==> Parameters: 2073648773575843842(Long)
2026-07-08 20:37:12 [http-nio-8080-exec-5] DEBUG c.s.m.h.I.selectList - <==      Total: 0
2026-07-08 20:37:13 [http-nio-8080-exec-6] DEBUG c.s.filter.JwtAuthenticationFilter - 请求进入过滤器: method=GET, uri=/api/messages/by-conversation/2074834669297823745, query=null
2026-07-08 20:37:13 [http-nio-8080-exec-6] DEBUG c.s.m.M.selectList_mpCount - ==>  Preparing: SELECT COUNT(*) AS total FROM messages WHERE deleted = 0 AND (conversation_id = ?)
2026-07-08 20:37:13 [http-nio-8080-exec-6] DEBUG c.s.m.M.selectList_mpCount - ==> Parameters: 2074834669297823745(Long)
2026-07-08 20:37:13 [http-nio-8080-exec-6] DEBUG c.s.m.M.selectList_mpCount - <==      Total: 1
2026-07-08 20:37:13 [http-nio-8080-exec-6] DEBUG c.s.mapper.MessageMapper.selectList - ==>  Preparing: SELECT id,conversation_id,role,content,source_references,created_at,updated_at,deleted FROM messages WHERE deleted=0 AND (conversation_id = ?) ORDER BY created_at ASC LIMIT ?
2026-07-08 20:37:13 [http-nio-8080-exec-6] DEBUG c.s.mapper.MessageMapper.selectList - ==> Parameters: 2074834669297823745(Long), 10(Long)
2026-07-08 20:37:13 [http-nio-8080-exec-6] DEBUG c.s.mapper.MessageMapper.selectList - <==      Total: 1
2026-07-08 20:37:13 [http-nio-8080-exec-8] DEBUG c.s.filter.JwtAuthenticationFilter - 请求进入过滤器: method=GET, uri=/api/his/interview/by-conversation/2074834669297823745, query=null
2026-07-08 20:37:13 [http-nio-8080-exec-8] DEBUG c.s.m.h.I.selectList - ==>  Preparing: SELECT id,session_id,questionnaire_id,questionnaire_title,user_id,conversation_id,current_question_index,total_questions,answers,current_score,completed,collection_mode,degradation_level,raw_inputs,safety_flags,context_summary,provenance,consecutive_failures,created_at,last_active_at,updated_at,deleted FROM interview_sessions WHERE deleted=0 AND (conversation_id = ?) ORDER BY created_at DESC
2026-07-08 20:37:13 [http-nio-8080-exec-8] DEBUG c.s.m.h.I.selectList - ==> Parameters: 2074834669297823745(Long)
2026-07-08 20:37:14 [http-nio-8080-exec-8] DEBUG c.s.m.h.I.selectList - <==      Total: 1
2026-07-08 20:37:14 [http-nio-8080-exec-8] DEBUG c.s.m.h.A.selectList - ==>  Preparing: SELECT id,analysis_id,session_id,questionnaire_id,questionnaire_title,user_id,conversation_id,total_score,max_score,severity,interpretation,summary,risk_assessment,detail_analysis,recommendations,follow_up,disclaimer,latency_ms,raw_llm_response,created_at,updated_at,deleted FROM analysis_reports WHERE deleted=0 AND (session_id = ?) ORDER BY created_at DESC LIMIT 1
2026-07-08 20:37:14 [http-nio-8080-exec-8] DEBUG c.s.m.h.A.selectList - ==> Parameters: bec5eec99cc6(String)
2026-07-08 20:37:14 [http-nio-8080-exec-8] DEBUG c.s.m.h.A.selectList - <==      Total: 0
2026-07-08 20:37:14 [http-nio-8080-exec-9] DEBUG c.s.filter.JwtAuthenticationFilter - 请求进入过滤器: method=GET, uri=/api/his/interview/bec5eec99cc6/messages, query=null
2026-07-08 20:37:14 [http-nio-8080-exec-9] DEBUG c.s.m.h.I.selectList - ==>  Preparing: SELECT id,conversation_id,session_id,user_id,message_type,sequence_num,questionnaire_id,questionnaire_title,message_data,created_at,updated_at,deleted FROM interview_messages WHERE deleted=0 AND (session_id = ?) ORDER BY sequence_num ASC
2026-07-08 20:37:14 [http-nio-8080-exec-9] DEBUG c.s.m.h.I.selectList - ==> Parameters: bec5eec99cc6(String)
2026-07-08 20:37:14 [http-nio-8080-exec-9] DEBUG c.s.m.h.I.selectList - <==      Total: 3
2026-07-08 20:37:23 [http-nio-8080-exec-7] DEBUG c.s.filter.JwtAuthenticationFilter - 请求进入过滤器: method=POST, uri=/api/conversations, query=null
2026-07-08 20:37:23 [http-nio-8080-exec-7] DEBUG c.s.mapper.ConversationMapper.insert - ==>  Preparing: INSERT INTO conversations ( id, user_id, title, created_at, updated_at, deleted ) VALUES ( ?, ?, ?, ?, ?, ? )
2026-07-08 20:37:23 [http-nio-8080-exec-7] DEBUG c.s.mapper.ConversationMapper.insert - ==> Parameters: 2074835235176542209(Long), 1(Long), 新咨询 2026/7/8(String), 2026-07-08T20:37:23.311690500(LocalDateTime), 2026-07-08T20:37:23.312695600(LocalDateTime), 0(Integer)
2026-07-08 20:37:23 [http-nio-8080-exec-7] DEBUG c.s.mapper.ConversationMapper.insert - <==    Updates: 1
2026-07-08 20:37:26 [http-nio-8080-exec-10] DEBUG c.s.filter.JwtAuthenticationFilter - 请求进入过滤器: method=POST, uri=/api/his/interview/llm-answer, query=null
2026-07-08 20:37:26 [http-nio-8080-exec-10] INFO  c.s.c.his.InterviewController - 收到LLM回答请求: sessionId=bec5eec99cc6, inputLen=29
2026-07-08 20:37:26 [http-nio-8080-exec-10] INFO  c.s.service.his.CollectionSseEmitter - SSE连接已建立: timeout=180000ms
2026-07-08 20:37:26 [ForkJoinPool.commonPool-worker-5] DEBUG com.student.service.RedisService - 获取缓存: key=his:interview:bec5eec99cc6, value=exists
2026-07-08 20:37:26 [ForkJoinPool.commonPool-worker-5] INFO  c.s.s.his.impl.InterviewEngineImpl - 持久化用户消息: sessionId=bec5eec99cc6, conversationId=2074834669297823745, linkId=/q2, text=我最近心跳很快，手会发抖，晚上也睡不好，总是想一些不好的事
2026-07-08 20:37:26 [ForkJoinPool.commonPool-worker-5] INFO  c.s.s.his.impl.InterviewEngineImpl - LLM轮次处理: sessionId=bec5eec99cc6, progress=2/7, degradationLevel=llm, userInput=我最近心跳很快，手会发抖，晚上也睡不好，总是想一些不好的事
2026-07-08 20:37:26 [ForkJoinPool.commonPool-worker-5] DEBUG c.s.s.h.impl.CollectionSubAgentImpl - T2 Token估算: sessionId=bec5eec99cc6, system=250, question=120, summary(len=28, tkn=42), userInput(len=29, tkn=43), instruction=80, qScale=70, total=605
2026-07-08 20:37:26 [ForkJoinPool.commonPool-worker-5] INFO  c.s.s.h.impl.CollectionSubAgentImpl - T2 压缩等级决策: sessionId=bec5eec99cc6, estimatedTokens=605, thresholds=[NONE<2000 LIGHT<3000 DEEP<4000 EMERGENCY], level=NONE
2026-07-08 20:37:26 [ForkJoinPool.commonPool-worker-5] DEBUG c.s.s.h.impl.CollectionSubAgentImpl - T2 Token估算: sessionId=bec5eec99cc6, system=250, question=120, summary(len=28, tkn=42), userInput(len=29, tkn=43), instruction=80, qScale=70, total=605
2026-07-08 20:37:26 [ForkJoinPool.commonPool-worker-5] INFO  c.s.s.h.impl.CollectionSubAgentImpl - 采集子Agent Token估算: sessionId=bec5eec99cc6, estimatedTokens≈605, compression=NONE
2026-07-08 20:37:26 [ForkJoinPool.commonPool-worker-5] INFO  c.s.s.h.impl.CollectionSubAgentImpl - T2 构建状态上下文: sessionId=bec5eec99cc6, compression=NONE, summaryLen=28, progress=2/7
2026-07-08 20:37:26 [ForkJoinPool.commonPool-worker-5] INFO  c.s.s.h.impl.CollectionSubAgentImpl - 采集子Agent LLM调用: sessionId=bec5eec99cc6, questionnaire=ISI, progress=2/7, compression=NONE, promptLen=1353
2026-07-08 20:37:26 [ForkJoinPool.commonPool-worker-5] DEBUG c.s.service.rag.impl.LlmServiceImpl - LLM API请求: model=qwen-plus, prompt长度=1353, url=https://dashscope.aliyuncs.com/api/v1/services/aigc/text-generation/generation
2026-07-08 20:37:26 [ForkJoinPool.commonPool-worker-1] DEBUG c.s.m.h.I.selectList - ==>  Preparing: SELECT id,conversation_id,session_id,user_id,message_type,sequence_num,questionnaire_id,questionnaire_title,message_data,created_at,updated_at,deleted FROM interview_messages WHERE deleted=0 AND (session_id = ?) ORDER BY sequence_num DESC LIMIT 1
2026-07-08 20:37:26 [ForkJoinPool.commonPool-worker-1] DEBUG c.s.m.h.I.selectList - ==> Parameters: bec5eec99cc6(String)
2026-07-08 20:37:26 [ForkJoinPool.commonPool-worker-1] DEBUG c.s.m.h.I.selectList - <==      Total: 1
2026-07-08 20:37:26 [ForkJoinPool.commonPool-worker-1] DEBUG c.s.m.h.I.insert - ==>  Preparing: INSERT INTO interview_messages ( id, conversation_id, session_id, message_type, sequence_num, questionnaire_id, questionnaire_title, message_data, created_at, updated_at ) VALUES ( ?, ?, ?, ?, ?, ?, ?, ?, ?, ? )
2026-07-08 20:37:26 [ForkJoinPool.commonPool-worker-1] DEBUG c.s.m.h.I.insert - ==> Parameters: 2074835249835634690(Long), 2074834669297823745(Long), bec5eec99cc6(String), user_message(String), 4(Integer), ISI(String), ISI 失眠严重指数量表(String), {"text":"我最近心跳很快，手会发抖，晚上也睡不好，总是想一些不好的事","sessionId":"bec5eec99cc6","linkId":"/q2","questionText":"维持睡眠困难的程度","degradationLevel":"llm","progress":"2/7"}(String), 2026-07-08T20:37:26.799971700(LocalDateTime), 2026-07-08T20:37:26.799971700(LocalDateTime)
2026-07-08 20:37:26 [ForkJoinPool.commonPool-worker-1] DEBUG c.s.m.h.I.insert - <==    Updates: 1
2026-07-08 20:37:26 [ForkJoinPool.commonPool-worker-1] DEBUG c.s.s.h.i.InterviewPersistenceServiceImpl - MySQL保存访谈消息: sessionId=bec5eec99cc6, type=user_message, seq=4
2026-07-08 20:37:28 [ForkJoinPool.commonPool-worker-5] DEBUG c.s.service.rag.impl.LlmServiceImpl - LLM API响应: status=200, body长度=339, 内容预览={"output":{"finish_reason":"stop","text":"{\"tool\": \"clarify\", \"linkId\": \"/q2\", \"text\": \"我听到你提到晚上睡不好，也常常想一些不好的事……想问问，这些想法是不是常常让你半夜醒来后，很难再重新睡着？比如醒来后翻来覆去、躺很久都睡不着？\"}"},"usage":{"total_tokens":...
2026-07-08 20:37:28 [ForkJoinPool.commonPool-worker-5] INFO  c.s.s.h.impl.CollectionSubAgentImpl - 采集子Agent解析工具调用: tool=clarify
2026-07-08 20:37:28 [ForkJoinPool.commonPool-worker-5] INFO  c.s.s.h.impl.CollectionSubAgentImpl - LLM输出→追问: linkId=/q2
2026-07-08 20:37:28 [ForkJoinPool.commonPool-worker-5] INFO  c.s.s.h.impl.CollectionSubAgentImpl - LLM采集完成: sessionId=bec5eec99cc6, type=CLARIFY, latency=1632ms
2026-07-08 20:37:28 [ForkJoinPool.commonPool-worker-5] INFO  c.s.s.his.impl.InterviewEngineImpl - LLM语义理解结果: sessionId=bec5eec99cc6, type=CLARIFY, latency=1632ms, degradationLevel=llm
2026-07-08 20:37:28 [ForkJoinPool.commonPool-worker-5] INFO  c.s.service.his.CollectionSseEmitter - SSE发送追问: linkId=/q2, text=我听到你提到晚上睡不好，也常常想一些不好的事……想问问，这些想法是不是常常让你半夜醒来后，很难再重新睡着？比如醒来后翻来覆去、躺很久都睡不着？, sessionId=bec5eec99cc6
2026-07-08 20:37:28 [ForkJoinPool.commonPool-worker-5] INFO  c.s.service.his.CollectionSseEmitter - SSE发送结束标记
2026-07-08 20:37:28 [ForkJoinPool.commonPool-worker-5] INFO  c.s.service.his.CollectionSseEmitter - SSE连接正常关闭
2026-07-08 20:37:28 [http-nio-8080-exec-1] INFO  c.s.service.his.CollectionSseEmitter - SSE连接完成
2026-07-08 20:37:28 [ForkJoinPool.commonPool-worker-1] DEBUG c.s.m.h.I.selectList - ==>  Preparing: SELECT id,conversation_id,session_id,user_id,message_type,sequence_num,questionnaire_id,questionnaire_title,message_data,created_at,updated_at,deleted FROM interview_messages WHERE deleted=0 AND (session_id = ?) ORDER BY sequence_num DESC LIMIT 1
2026-07-08 20:37:28 [ForkJoinPool.commonPool-worker-1] DEBUG c.s.m.h.I.selectList - ==> Parameters: bec5eec99cc6(String)
2026-07-08 20:37:28 [ForkJoinPool.commonPool-worker-6] DEBUG c.s.m.h.I.selectList - ==>  Preparing: SELECT id,session_id,questionnaire_id,questionnaire_title,user_id,conversation_id,current_question_index,total_questions,answers,current_score,completed,collection_mode,degradation_level,raw_inputs,safety_flags,context_summary,provenance,consecutive_failures,created_at,last_active_at,updated_at,deleted FROM interview_sessions WHERE deleted=0 AND (session_id = ?)
2026-07-08 20:37:28 [ForkJoinPool.commonPool-worker-6] DEBUG c.s.m.h.I.selectList - ==> Parameters: bec5eec99cc6(String)
2026-07-08 20:37:28 [ForkJoinPool.commonPool-worker-7] DEBUG com.student.service.RedisService - 设置缓存成功: key=his:interview:bec5eec99cc6
2026-07-08 20:37:28 [ForkJoinPool.commonPool-worker-7] DEBUG c.s.s.his.impl.InterviewEngineImpl - 会话已保存到Redis: sessionId=bec5eec99cc6
2026-07-08 20:37:28 [ForkJoinPool.commonPool-worker-1] DEBUG c.s.m.h.I.selectList - <==      Total: 1
2026-07-08 20:37:28 [ForkJoinPool.commonPool-worker-1] DEBUG c.s.m.h.I.insert - ==>  Preparing: INSERT INTO interview_messages ( id, conversation_id, session_id, message_type, sequence_num, questionnaire_id, questionnaire_title, message_data, created_at, updated_at ) VALUES ( ?, ?, ?, ?, ?, ?, ?, ?, ?, ? )
2026-07-08 20:37:28 [ForkJoinPool.commonPool-worker-1] DEBUG c.s.m.h.I.insert - ==> Parameters: 2074835256777207809(Long), 2074834669297823745(Long), bec5eec99cc6(String), clarify(String), 5(Integer), ISI(String), ISI 失眠严重指数量表(String), {"linkId":"/q2","text":"我听到你提到晚上睡不好，也常常想一些不好的事……想问问，这些想法是不是常常让你半夜醒来后，很难再重新睡着？比如醒来后翻来覆去、躺很久都睡不着？","sessionId":"bec5eec99cc6"}(String), 2026-07-08T20:37:28.449729500(LocalDateTime), 2026-07-08T20:37:28.449729500(LocalDateTime)
2026-07-08 20:37:28 [ForkJoinPool.commonPool-worker-6] DEBUG c.s.m.h.I.selectList - <==      Total: 1
2026-07-08 20:37:28 [ForkJoinPool.commonPool-worker-6] DEBUG c.s.m.h.I.updateById - ==>  Preparing: UPDATE interview_sessions SET session_id=?, questionnaire_id=?, questionnaire_title=?, conversation_id=?, current_question_index=?, total_questions=?, answers=?, current_score=?, completed=?, collection_mode=?, degradation_level=?, raw_inputs=?, safety_flags=?, context_summary=?, provenance=?, consecutive_failures=?, created_at=?, last_active_at=?, updated_at=? WHERE id=? AND deleted=0
2026-07-08 20:37:28 [ForkJoinPool.commonPool-worker-6] DEBUG c.s.m.h.I.updateById - ==> Parameters: bec5eec99cc6(String), ISI(String), ISI 失眠严重指数量表(String), 2074834669297823745(Long), 1(Integer), 7(Integer), {"/q1":"ISI-3"}(String), 3(Integer), 0(Integer), llm_driven(String), llm(String), {}(String), [](String), 用户描述每天躺两三个小时才能入睡，表明入睡困难程度较重；(String), {"/q1":{"source":"llm","confidence":0.95}}(String), 0(Integer), 2026-07-08T20:35:59.756031100(LocalDateTime), 2026-07-08T20:37:26.746514600(LocalDateTime), 2026-07-08T20:37:28.453655(LocalDateTime), 2074834884939575298(Long)
2026-07-08 20:37:28 [ForkJoinPool.commonPool-worker-1] DEBUG c.s.m.h.I.insert - <==    Updates: 1
2026-07-08 20:37:28 [ForkJoinPool.commonPool-worker-1] DEBUG c.s.s.h.i.InterviewPersistenceServiceImpl - MySQL保存访谈消息: sessionId=bec5eec99cc6, type=clarify, seq=5
2026-07-08 20:37:28 [ForkJoinPool.commonPool-worker-6] DEBUG c.s.m.h.I.updateById - <==    Updates: 1
2026-07-08 20:37:28 [ForkJoinPool.commonPool-worker-6] DEBUG c.s.s.h.i.InterviewPersistenceServiceImpl - MySQL更新会话: sessionId=bec5eec99cc6
2026-07-08 20:37:38 [http-nio-8080-exec-2] DEBUG c.s.filter.JwtAuthenticationFilter - 请求进入过滤器: method=GET, uri=/api/messages/by-conversation/2074834669297823745, query=null
2026-07-08 20:37:38 [http-nio-8080-exec-2] DEBUG c.s.m.M.selectList_mpCount - ==>  Preparing: SELECT COUNT(*) AS total FROM messages WHERE deleted = 0 AND (conversation_id = ?)
2026-07-08 20:37:38 [http-nio-8080-exec-2] DEBUG c.s.m.M.selectList_mpCount - ==> Parameters: 2074834669297823745(Long)
2026-07-08 20:37:38 [http-nio-8080-exec-2] DEBUG c.s.m.M.selectList_mpCount - <==      Total: 1
2026-07-08 20:37:38 [http-nio-8080-exec-2] DEBUG c.s.mapper.MessageMapper.selectList - ==>  Preparing: SELECT id,conversation_id,role,content,source_references,created_at,updated_at,deleted FROM messages WHERE deleted=0 AND (conversation_id = ?) ORDER BY created_at ASC LIMIT ?
2026-07-08 20:37:38 [http-nio-8080-exec-2] DEBUG c.s.mapper.MessageMapper.selectList - ==> Parameters: 2074834669297823745(Long), 10(Long)
2026-07-08 20:37:38 [http-nio-8080-exec-2] DEBUG c.s.mapper.MessageMapper.selectList - <==      Total: 1
2026-07-08 20:37:38 [http-nio-8080-exec-3] DEBUG c.s.filter.JwtAuthenticationFilter - 请求进入过滤器: method=GET, uri=/api/his/interview/by-conversation/2074834669297823745, query=null
2026-07-08 20:37:38 [http-nio-8080-exec-3] DEBUG c.s.m.h.I.selectList - ==>  Preparing: SELECT id,session_id,questionnaire_id,questionnaire_title,user_id,conversation_id,current_question_index,total_questions,answers,current_score,completed,collection_mode,degradation_level,raw_inputs,safety_flags,context_summary,provenance,consecutive_failures,created_at,last_active_at,updated_at,deleted FROM interview_sessions WHERE deleted=0 AND (conversation_id = ?) ORDER BY created_at DESC
2026-07-08 20:37:38 [http-nio-8080-exec-3] DEBUG c.s.m.h.I.selectList - ==> Parameters: 2074834669297823745(Long)
2026-07-08 20:37:38 [http-nio-8080-exec-3] DEBUG c.s.m.h.I.selectList - <==      Total: 1
2026-07-08 20:37:38 [http-nio-8080-exec-3] DEBUG c.s.m.h.A.selectList - ==>  Preparing: SELECT id,analysis_id,session_id,questionnaire_id,questionnaire_title,user_id,conversation_id,total_score,max_score,severity,interpretation,summary,risk_assessment,detail_analysis,recommendations,follow_up,disclaimer,latency_ms,raw_llm_response,created_at,updated_at,deleted FROM analysis_reports WHERE deleted=0 AND (session_id = ?) ORDER BY created_at DESC LIMIT 1
2026-07-08 20:37:38 [http-nio-8080-exec-3] DEBUG c.s.m.h.A.selectList - ==> Parameters: bec5eec99cc6(String)
2026-07-08 20:37:38 [http-nio-8080-exec-3] DEBUG c.s.m.h.A.selectList - <==      Total: 0
2026-07-08 20:37:38 [http-nio-8080-exec-4] DEBUG c.s.filter.JwtAuthenticationFilter - 请求进入过滤器: method=GET, uri=/api/his/interview/bec5eec99cc6/messages, query=null
2026-07-08 20:37:38 [http-nio-8080-exec-4] DEBUG c.s.m.h.I.selectList - ==>  Preparing: SELECT id,conversation_id,session_id,user_id,message_type,sequence_num,questionnaire_id,questionnaire_title,message_data,created_at,updated_at,deleted FROM interview_messages WHERE deleted=0 AND (session_id = ?) ORDER BY sequence_num ASC
2026-07-08 20:37:38 [http-nio-8080-exec-4] DEBUG c.s.m.h.I.selectList - ==> Parameters: bec5eec99cc6(String)
2026-07-08 20:37:38 [http-nio-8080-exec-4] DEBUG c.s.m.h.I.selectList - <==      Total: 5
2026-07-08 20:37:46 [http-nio-8080-exec-5] DEBUG c.s.filter.JwtAuthenticationFilter - 请求进入过滤器: method=GET, uri=/api/messages/by-conversation/2074835235176542209, query=null
2026-07-08 20:37:46 [http-nio-8080-exec-5] DEBUG c.s.m.M.selectList_mpCount - ==>  Preparing: SELECT COUNT(*) AS total FROM messages WHERE deleted = 0 AND (conversation_id = ?)
2026-07-08 20:37:46 [http-nio-8080-exec-5] DEBUG c.s.m.M.selectList_mpCount - ==> Parameters: 2074835235176542209(Long)
2026-07-08 20:37:47 [http-nio-8080-exec-5] DEBUG c.s.m.M.selectList_mpCount - <==      Total: 1
2026-07-08 20:37:47 [http-nio-8080-exec-6] DEBUG c.s.filter.JwtAuthenticationFilter - 请求进入过滤器: method=GET, uri=/api/his/interview/by-conversation/2074835235176542209, query=null
2026-07-08 20:37:47 [http-nio-8080-exec-6] DEBUG c.s.m.h.I.selectList - ==>  Preparing: SELECT id,session_id,questionnaire_id,questionnaire_title,user_id,conversation_id,current_question_index,total_questions,answers,current_score,completed,collection_mode,degradation_level,raw_inputs,safety_flags,context_summary,provenance,consecutive_failures,created_at,last_active_at,updated_at,deleted FROM interview_sessions WHERE deleted=0 AND (conversation_id = ?) ORDER BY created_at DESC
2026-07-08 20:37:47 [http-nio-8080-exec-6] DEBUG c.s.m.h.I.selectList - ==> Parameters: 2074835235176542209(Long)
2026-07-08 20:37:47 [http-nio-8080-exec-6] DEBUG c.s.m.h.I.selectList - <==      Total: 0
2026-07-08 20:37:50 [http-nio-8080-exec-8] DEBUG c.s.filter.JwtAuthenticationFilter - 请求进入过滤器: method=GET, uri=/api/messages/by-conversation/2074834669297823745, query=null
2026-07-08 20:37:50 [http-nio-8080-exec-8] DEBUG c.s.m.M.selectList_mpCount - ==>  Preparing: SELECT COUNT(*) AS total FROM messages WHERE deleted = 0 AND (conversation_id = ?)
2026-07-08 20:37:50 [http-nio-8080-exec-8] DEBUG c.s.m.M.selectList_mpCount - ==> Parameters: 2074834669297823745(Long)
2026-07-08 20:37:50 [http-nio-8080-exec-8] DEBUG c.s.m.M.selectList_mpCount - <==      Total: 1
2026-07-08 20:37:50 [http-nio-8080-exec-8] DEBUG c.s.mapper.MessageMapper.selectList - ==>  Preparing: SELECT id,conversation_id,role,content,source_references,created_at,updated_at,deleted FROM messages WHERE deleted=0 AND (conversation_id = ?) ORDER BY created_at ASC LIMIT ?
2026-07-08 20:37:50 [http-nio-8080-exec-8] DEBUG c.s.mapper.MessageMapper.selectList - ==> Parameters: 2074834669297823745(Long), 10(Long)
2026-07-08 20:37:50 [http-nio-8080-exec-8] DEBUG c.s.mapper.MessageMapper.selectList - <==      Total: 1
2026-07-08 20:37:50 [http-nio-8080-exec-9] DEBUG c.s.filter.JwtAuthenticationFilter - 请求进入过滤器: method=GET, uri=/api/his/interview/by-conversation/2074834669297823745, query=null
2026-07-08 20:37:50 [http-nio-8080-exec-9] DEBUG c.s.m.h.I.selectList - ==>  Preparing: SELECT id,session_id,questionnaire_id,questionnaire_title,user_id,conversation_id,current_question_index,total_questions,answers,current_score,completed,collection_mode,degradation_level,raw_inputs,safety_flags,context_summary,provenance,consecutive_failures,created_at,last_active_at,updated_at,deleted FROM interview_sessions WHERE deleted=0 AND (conversation_id = ?) ORDER BY created_at DESC
2026-07-08 20:37:50 [http-nio-8080-exec-9] DEBUG c.s.m.h.I.selectList - ==> Parameters: 2074834669297823745(Long)
2026-07-08 20:37:50 [http-nio-8080-exec-9] DEBUG c.s.m.h.I.selectList - <==      Total: 1
2026-07-08 20:37:50 [http-nio-8080-exec-9] DEBUG c.s.m.h.A.selectList - ==>  Preparing: SELECT id,analysis_id,session_id,questionnaire_id,questionnaire_title,user_id,conversation_id,total_score,max_score,severity,interpretation,summary,risk_assessment,detail_analysis,recommendations,follow_up,disclaimer,latency_ms,raw_llm_response,created_at,updated_at,deleted FROM analysis_reports WHERE deleted=0 AND (session_id = ?) ORDER BY created_at DESC LIMIT 1
2026-07-08 20:37:50 [http-nio-8080-exec-9] DEBUG c.s.m.h.A.selectList - ==> Parameters: bec5eec99cc6(String)
2026-07-08 20:37:50 [http-nio-8080-exec-9] DEBUG c.s.m.h.A.selectList - <==      Total: 0
2026-07-08 20:37:50 [http-nio-8080-exec-7] DEBUG c.s.filter.JwtAuthenticationFilter - 请求进入过滤器: method=GET, uri=/api/his/interview/bec5eec99cc6/messages, query=null
2026-07-08 20:37:50 [http-nio-8080-exec-7] DEBUG c.s.m.h.I.selectList - ==>  Preparing: SELECT id,conversation_id,session_id,user_id,message_type,sequence_num,questionnaire_id,questionnaire_title,message_data,created_at,updated_at,deleted FROM interview_messages WHERE deleted=0 AND (session_id = ?) ORDER BY sequence_num ASC
2026-07-08 20:37:50 [http-nio-8080-exec-7] DEBUG c.s.m.h.I.selectList - ==> Parameters: bec5eec99cc6(String)
2026-07-08 20:37:50 [http-nio-8080-exec-7] DEBUG c.s.m.h.I.selectList - <==      Total: 5
2026-07-08 20:38:06 [http-nio-8080-exec-10] DEBUG c.s.filter.JwtAuthenticationFilter - 请求进入过滤器: method=GET, uri=/api/messages/by-conversation/2074835235176542209, query=null
2026-07-08 20:38:06 [http-nio-8080-exec-10] DEBUG c.s.m.M.selectList_mpCount - ==>  Preparing: SELECT COUNT(*) AS total FROM messages WHERE deleted = 0 AND (conversation_id = ?)
2026-07-08 20:38:06 [http-nio-8080-exec-10] DEBUG c.s.m.M.selectList_mpCount - ==> Parameters: 2074835235176542209(Long)
2026-07-08 20:38:06 [http-nio-8080-exec-10] DEBUG c.s.m.M.selectList_mpCount - <==      Total: 1
2026-07-08 20:38:06 [http-nio-8080-exec-1] DEBUG c.s.filter.JwtAuthenticationFilter - 请求进入过滤器: method=GET, uri=/api/his/interview/by-conversation/2074835235176542209, query=null
2026-07-08 20:38:06 [http-nio-8080-exec-1] DEBUG c.s.m.h.I.selectList - ==>  Preparing: SELECT id,session_id,questionnaire_id,questionnaire_title,user_id,conversation_id,current_question_index,total_questions,answers,current_score,completed,collection_mode,degradation_level,raw_inputs,safety_flags,context_summary,provenance,consecutive_failures,created_at,last_active_at,updated_at,deleted FROM interview_sessions WHERE deleted=0 AND (conversation_id = ?) ORDER BY created_at DESC
2026-07-08 20:38:06 [http-nio-8080-exec-1] DEBUG c.s.m.h.I.selectList - ==> Parameters: 2074835235176542209(Long)
2026-07-08 20:38:06 [http-nio-8080-exec-1] DEBUG c.s.m.h.I.selectList - <==      Total: 0
2026-07-08 20:38:09 [http-nio-8080-exec-2] DEBUG c.s.filter.JwtAuthenticationFilter - 请求进入过滤器: method=GET, uri=/api/messages/by-conversation/2074834669297823745, query=null
2026-07-08 20:38:09 [http-nio-8080-exec-2] DEBUG c.s.m.M.selectList_mpCount - ==>  Preparing: SELECT COUNT(*) AS total FROM messages WHERE deleted = 0 AND (conversation_id = ?)
2026-07-08 20:38:09 [http-nio-8080-exec-2] DEBUG c.s.m.M.selectList_mpCount - ==> Parameters: 2074834669297823745(Long)
2026-07-08 20:38:09 [http-nio-8080-exec-2] DEBUG c.s.m.M.selectList_mpCount - <==      Total: 1
2026-07-08 20:38:09 [http-nio-8080-exec-2] DEBUG c.s.mapper.MessageMapper.selectList - ==>  Preparing: SELECT id,conversation_id,role,content,source_references,created_at,updated_at,deleted FROM messages WHERE deleted=0 AND (conversation_id = ?) ORDER BY created_at ASC LIMIT ?
2026-07-08 20:38:09 [http-nio-8080-exec-2] DEBUG c.s.mapper.MessageMapper.selectList - ==> Parameters: 2074834669297823745(Long), 10(Long)
2026-07-08 20:38:09 [http-nio-8080-exec-2] DEBUG c.s.mapper.MessageMapper.selectList - <==      Total: 1
2026-07-08 20:38:09 [http-nio-8080-exec-3] DEBUG c.s.filter.JwtAuthenticationFilter - 请求进入过滤器: method=GET, uri=/api/his/interview/by-conversation/2074834669297823745, query=null
2026-07-08 20:38:09 [http-nio-8080-exec-3] DEBUG c.s.m.h.I.selectList - ==>  Preparing: SELECT id,session_id,questionnaire_id,questionnaire_title,user_id,conversation_id,current_question_index,total_questions,answers,current_score,completed,collection_mode,degradation_level,raw_inputs,safety_flags,context_summary,provenance,consecutive_failures,created_at,last_active_at,updated_at,deleted FROM interview_sessions WHERE deleted=0 AND (conversation_id = ?) ORDER BY created_at DESC
2026-07-08 20:38:09 [http-nio-8080-exec-3] DEBUG c.s.m.h.I.selectList - ==> Parameters: 2074834669297823745(Long)
2026-07-08 20:38:09 [http-nio-8080-exec-3] DEBUG c.s.m.h.I.selectList - <==      Total: 1
2026-07-08 20:38:09 [http-nio-8080-exec-3] DEBUG c.s.m.h.A.selectList - ==>  Preparing: SELECT id,analysis_id,session_id,questionnaire_id,questionnaire_title,user_id,conversation_id,total_score,max_score,severity,interpretation,summary,risk_assessment,detail_analysis,recommendations,follow_up,disclaimer,latency_ms,raw_llm_response,created_at,updated_at,deleted FROM analysis_reports WHERE deleted=0 AND (session_id = ?) ORDER BY created_at DESC LIMIT 1
2026-07-08 20:38:09 [http-nio-8080-exec-3] DEBUG c.s.m.h.A.selectList - ==> Parameters: bec5eec99cc6(String)
2026-07-08 20:38:09 [http-nio-8080-exec-3] DEBUG c.s.m.h.A.selectList - <==      Total: 0
2026-07-08 20:38:09 [http-nio-8080-exec-4] DEBUG c.s.filter.JwtAuthenticationFilter - 请求进入过滤器: method=GET, uri=/api/his/interview/bec5eec99cc6/messages, query=null
2026-07-08 20:38:09 [http-nio-8080-exec-4] DEBUG c.s.m.h.I.selectList - ==>  Preparing: SELECT id,conversation_id,session_id,user_id,message_type,sequence_num,questionnaire_id,questionnaire_title,message_data,created_at,updated_at,deleted FROM interview_messages WHERE deleted=0 AND (session_id = ?) ORDER BY sequence_num ASC
2026-07-08 20:38:09 [http-nio-8080-exec-4] DEBUG c.s.m.h.I.selectList - ==> Parameters: bec5eec99cc6(String)
2026-07-08 20:38:09 [http-nio-8080-exec-4] DEBUG c.s.m.h.I.selectList - <==      Total: 5
2026-07-08 20:38:26 [http-nio-8080-exec-5] DEBUG c.s.filter.JwtAuthenticationFilter - 请求进入过滤器: method=POST, uri=/api/his/interview/llm-answer, query=null
2026-07-08 20:38:26 [http-nio-8080-exec-5] INFO  c.s.c.his.InterviewController - 收到LLM回答请求: sessionId=bec5eec99cc6, inputLen=2
2026-07-08 20:38:26 [http-nio-8080-exec-5] INFO  c.s.service.his.CollectionSseEmitter - SSE连接已建立: timeout=180000ms
2026-07-08 20:38:27 [ForkJoinPool.commonPool-worker-6] DEBUG com.student.service.RedisService - 获取缓存: key=his:interview:bec5eec99cc6, value=exists
2026-07-08 20:38:27 [ForkJoinPool.commonPool-worker-6] INFO  c.s.s.his.impl.InterviewEngineImpl - 持久化用户消息: sessionId=bec5eec99cc6, conversationId=2074834669297823745, linkId=/q2, text=对的
2026-07-08 20:38:27 [ForkJoinPool.commonPool-worker-6] INFO  c.s.s.his.impl.InterviewEngineImpl - LLM轮次处理: sessionId=bec5eec99cc6, progress=2/7, degradationLevel=llm, userInput=对的
2026-07-08 20:38:27 [ForkJoinPool.commonPool-worker-6] DEBUG c.s.s.h.impl.CollectionSubAgentImpl - T2 Token估算: sessionId=bec5eec99cc6, system=250, question=120, summary(len=28, tkn=42), userInput(len=2, tkn=3), instruction=80, qScale=70, total=565
2026-07-08 20:38:27 [ForkJoinPool.commonPool-worker-6] INFO  c.s.s.h.impl.CollectionSubAgentImpl - T2 压缩等级决策: sessionId=bec5eec99cc6, estimatedTokens=565, thresholds=[NONE<2000 LIGHT<3000 DEEP<4000 EMERGENCY], level=NONE
2026-07-08 20:38:27 [ForkJoinPool.commonPool-worker-6] DEBUG c.s.s.h.impl.CollectionSubAgentImpl - T2 Token估算: sessionId=bec5eec99cc6, system=250, question=120, summary(len=28, tkn=42), userInput(len=2, tkn=3), instruction=80, qScale=70, total=565
2026-07-08 20:38:27 [ForkJoinPool.commonPool-worker-6] INFO  c.s.s.h.impl.CollectionSubAgentImpl - 采集子Agent Token估算: sessionId=bec5eec99cc6, estimatedTokens≈565, compression=NONE
2026-07-08 20:38:27 [ForkJoinPool.commonPool-worker-6] INFO  c.s.s.h.impl.CollectionSubAgentImpl - T2 构建状态上下文: sessionId=bec5eec99cc6, compression=NONE, summaryLen=28, progress=2/7
2026-07-08 20:38:27 [ForkJoinPool.commonPool-worker-6] INFO  c.s.s.h.impl.CollectionSubAgentImpl - 采集子Agent LLM调用: sessionId=bec5eec99cc6, questionnaire=ISI, progress=2/7, compression=NONE, promptLen=1326
2026-07-08 20:38:27 [ForkJoinPool.commonPool-worker-6] DEBUG c.s.service.rag.impl.LlmServiceImpl - LLM API请求: model=qwen-plus, prompt长度=1326, url=https://dashscope.aliyuncs.com/api/v1/services/aigc/text-generation/generation
2026-07-08 20:38:27 [ForkJoinPool.commonPool-worker-1] DEBUG c.s.m.h.I.selectList - ==>  Preparing: SELECT id,conversation_id,session_id,user_id,message_type,sequence_num,questionnaire_id,questionnaire_title,message_data,created_at,updated_at,deleted FROM interview_messages WHERE deleted=0 AND (session_id = ?) ORDER BY sequence_num DESC LIMIT 1
2026-07-08 20:38:27 [ForkJoinPool.commonPool-worker-1] DEBUG c.s.m.h.I.selectList - ==> Parameters: bec5eec99cc6(String)
2026-07-08 20:38:27 [ForkJoinPool.commonPool-worker-1] DEBUG c.s.m.h.I.selectList - <==      Total: 1
2026-07-08 20:38:27 [ForkJoinPool.commonPool-worker-1] DEBUG c.s.m.h.I.insert - ==>  Preparing: INSERT INTO interview_messages ( id, conversation_id, session_id, message_type, sequence_num, questionnaire_id, questionnaire_title, message_data, created_at, updated_at ) VALUES ( ?, ?, ?, ?, ?, ?, ?, ?, ?, ? )
2026-07-08 20:38:27 [ForkJoinPool.commonPool-worker-1] DEBUG c.s.m.h.I.insert - ==> Parameters: 2074835502848634881(Long), 2074834669297823745(Long), bec5eec99cc6(String), user_message(String), 6(Integer), ISI(String), ISI 失眠严重指数量表(String), {"text":"对的","sessionId":"bec5eec99cc6","linkId":"/q2","questionText":"维持睡眠困难的程度","degradationLevel":"llm","progress":"2/7"}(String), 2026-07-08T20:38:27.128009900(LocalDateTime), 2026-07-08T20:38:27.128009900(LocalDateTime)
2026-07-08 20:38:27 [ForkJoinPool.commonPool-worker-1] DEBUG c.s.m.h.I.insert - <==    Updates: 1
2026-07-08 20:38:27 [ForkJoinPool.commonPool-worker-1] DEBUG c.s.s.h.i.InterviewPersistenceServiceImpl - MySQL保存访谈消息: sessionId=bec5eec99cc6, type=user_message, seq=6
2026-07-08 20:38:29 [ForkJoinPool.commonPool-worker-6] DEBUG c.s.service.rag.impl.LlmServiceImpl - LLM API响应: status=200, body长度=362, 内容预览={"output":{"finish_reason":"stop","text":"{\"tool\": \"clarify\", \"linkId\": \"/q2\", \"text\": \"你刚才说‘对的’，是想确认入睡困难的情况吗？我们现在问的是另一个方面：夜里醒来后，是否很难再睡着？比如半夜醒一次、两次，或者醒来后翻来覆去很久都睡不着？能和我说说最近一周大概是什么情况吗？\"}"},"...
2026-07-08 20:38:29 [ForkJoinPool.commonPool-worker-6] INFO  c.s.s.h.impl.CollectionSubAgentImpl - 采集子Agent解析工具调用: tool=clarify
2026-07-08 20:38:29 [ForkJoinPool.commonPool-worker-6] INFO  c.s.s.h.impl.CollectionSubAgentImpl - LLM输出→追问: linkId=/q2
2026-07-08 20:38:29 [ForkJoinPool.commonPool-worker-6] INFO  c.s.s.h.impl.CollectionSubAgentImpl - LLM采集完成: sessionId=bec5eec99cc6, type=CLARIFY, latency=2130ms
2026-07-08 20:38:29 [ForkJoinPool.commonPool-worker-6] INFO  c.s.s.his.impl.InterviewEngineImpl - LLM语义理解结果: sessionId=bec5eec99cc6, type=CLARIFY, latency=2130ms, degradationLevel=llm
2026-07-08 20:38:29 [ForkJoinPool.commonPool-worker-6] INFO  c.s.service.his.CollectionSseEmitter - SSE发送追问: linkId=/q2, text=你刚才说‘对的’，是想确认入睡困难的情况吗？我们现在问的是另一个方面：夜里醒来后，是否很难再睡着？比如半夜醒一次、两次，或者醒来后翻来覆去很久都睡不着？能和我说说最近一周大概是什么情况吗？, sessionId=bec5eec99cc6
2026-07-08 20:38:29 [ForkJoinPool.commonPool-worker-6] INFO  c.s.service.his.CollectionSseEmitter - SSE发送结束标记
2026-07-08 20:38:29 [ForkJoinPool.commonPool-worker-6] INFO  c.s.service.his.CollectionSseEmitter - SSE连接正常关闭
2026-07-08 20:38:29 [http-nio-8080-exec-6] INFO  c.s.service.his.CollectionSseEmitter - SSE连接完成
2026-07-08 20:38:29 [ForkJoinPool.commonPool-worker-7] DEBUG com.student.service.RedisService - 设置缓存成功: key=his:interview:bec5eec99cc6
2026-07-08 20:38:29 [ForkJoinPool.commonPool-worker-7] DEBUG c.s.s.his.impl.InterviewEngineImpl - 会话已保存到Redis: sessionId=bec5eec99cc6
2026-07-08 20:38:29 [ForkJoinPool.commonPool-worker-5] DEBUG c.s.m.h.I.selectList - ==>  Preparing: SELECT id,session_id,questionnaire_id,questionnaire_title,user_id,conversation_id,current_question_index,total_questions,answers,current_score,completed,collection_mode,degradation_level,raw_inputs,safety_flags,context_summary,provenance,consecutive_failures,created_at,last_active_at,updated_at,deleted FROM interview_sessions WHERE deleted=0 AND (session_id = ?)
2026-07-08 20:38:29 [ForkJoinPool.commonPool-worker-1] DEBUG c.s.m.h.I.selectList - ==>  Preparing: SELECT id,conversation_id,session_id,user_id,message_type,sequence_num,questionnaire_id,questionnaire_title,message_data,created_at,updated_at,deleted FROM interview_messages WHERE deleted=0 AND (session_id = ?) ORDER BY sequence_num DESC LIMIT 1
2026-07-08 20:38:29 [ForkJoinPool.commonPool-worker-5] DEBUG c.s.m.h.I.selectList - ==> Parameters: bec5eec99cc6(String)
2026-07-08 20:38:29 [ForkJoinPool.commonPool-worker-1] DEBUG c.s.m.h.I.selectList - ==> Parameters: bec5eec99cc6(String)
2026-07-08 20:38:29 [ForkJoinPool.commonPool-worker-1] DEBUG c.s.m.h.I.selectList - <==      Total: 1
2026-07-08 20:38:29 [ForkJoinPool.commonPool-worker-5] DEBUG c.s.m.h.I.selectList - <==      Total: 1
2026-07-08 20:38:29 [ForkJoinPool.commonPool-worker-1] DEBUG c.s.m.h.I.insert - ==>  Preparing: INSERT INTO interview_messages ( id, conversation_id, session_id, message_type, sequence_num, questionnaire_id, questionnaire_title, message_data, created_at, updated_at ) VALUES ( ?, ?, ?, ?, ?, ?, ?, ?, ?, ? )
2026-07-08 20:38:29 [ForkJoinPool.commonPool-worker-5] DEBUG c.s.m.h.I.updateById - ==>  Preparing: UPDATE interview_sessions SET session_id=?, questionnaire_id=?, questionnaire_title=?, conversation_id=?, current_question_index=?, total_questions=?, answers=?, current_score=?, completed=?, collection_mode=?, degradation_level=?, raw_inputs=?, safety_flags=?, context_summary=?, provenance=?, consecutive_failures=?, created_at=?, last_active_at=?, updated_at=? WHERE id=? AND deleted=0
2026-07-08 20:38:29 [ForkJoinPool.commonPool-worker-1] DEBUG c.s.m.h.I.insert - ==> Parameters: 2074835512151601153(Long), 2074834669297823745(Long), bec5eec99cc6(String), clarify(String), 7(Integer), ISI(String), ISI 失眠严重指数量表(String), {"linkId":"/q2","text":"你刚才说‘对的’，是想确认入睡困难的情况吗？我们现在问的是另一个方面：夜里醒来后，是否很难再睡着？比如半夜醒一次、两次，或者醒来后翻来覆去很久都睡不着？能和我说说最近一周大概是什么情况吗？","sessionId":"bec5eec99cc6"}(String), 2026-07-08T20:38:29.346659400(LocalDateTime), 2026-07-08T20:38:29.346659400(LocalDateTime)
2026-07-08 20:38:29 [ForkJoinPool.commonPool-worker-5] DEBUG c.s.m.h.I.updateById - ==> Parameters: bec5eec99cc6(String), ISI(String), ISI 失眠严重指数量表(String), 2074834669297823745(Long), 1(Integer), 7(Integer), {"/q1":"ISI-3"}(String), 3(Integer), 0(Integer), llm_driven(String), llm(String), {}(String), [](String), 用户描述每天躺两三个小时才能入睡，表明入睡困难程度较重；(String), {"/q1":{"source":"llm","confidence":0.95}}(String), 0(Integer), 2026-07-08T20:35:59.756031100(LocalDateTime), 2026-07-08T20:38:27.074372500(LocalDateTime), 2026-07-08T20:38:29.347658200(LocalDateTime), 2074834884939575298(Long)
2026-07-08 20:38:29 [ForkJoinPool.commonPool-worker-1] DEBUG c.s.m.h.I.insert - <==    Updates: 1
2026-07-08 20:38:29 [ForkJoinPool.commonPool-worker-1] DEBUG c.s.s.h.i.InterviewPersistenceServiceImpl - MySQL保存访谈消息: sessionId=bec5eec99cc6, type=clarify, seq=7
2026-07-08 20:38:29 [ForkJoinPool.commonPool-worker-5] DEBUG c.s.m.h.I.updateById - <==    Updates: 1
2026-07-08 20:38:29 [ForkJoinPool.commonPool-worker-5] DEBUG c.s.s.h.i.InterviewPersistenceServiceImpl - MySQL更新会话: sessionId=bec5eec99cc6
2026-07-08 20:38:39 [http-nio-8080-exec-8] DEBUG c.s.filter.JwtAuthenticationFilter - 请求进入过滤器: method=POST, uri=/api/his/interview/llm-answer, query=null
2026-07-08 20:38:39 [http-nio-8080-exec-8] INFO  c.s.c.his.InterviewController - 收到LLM回答请求: sessionId=bec5eec99cc6, inputLen=5
2026-07-08 20:38:39 [http-nio-8080-exec-8] INFO  c.s.service.his.CollectionSseEmitter - SSE连接已建立: timeout=180000ms
2026-07-08 20:38:39 [ForkJoinPool.commonPool-worker-5] DEBUG com.student.service.RedisService - 获取缓存: key=his:interview:bec5eec99cc6, value=exists
2026-07-08 20:38:39 [ForkJoinPool.commonPool-worker-5] INFO  c.s.s.his.impl.InterviewEngineImpl - 持久化用户消息: sessionId=bec5eec99cc6, conversationId=2074834669297823745, linkId=/q2, text=半夜醒一次
2026-07-08 20:38:39 [ForkJoinPool.commonPool-worker-5] INFO  c.s.s.his.impl.InterviewEngineImpl - LLM轮次处理: sessionId=bec5eec99cc6, progress=2/7, degradationLevel=llm, userInput=半夜醒一次
2026-07-08 20:38:39 [ForkJoinPool.commonPool-worker-5] DEBUG c.s.s.h.impl.CollectionSubAgentImpl - T2 Token估算: sessionId=bec5eec99cc6, system=250, question=120, summary(len=28, tkn=42), userInput(len=5, tkn=7), instruction=80, qScale=70, total=569
2026-07-08 20:38:39 [ForkJoinPool.commonPool-worker-5] INFO  c.s.s.h.impl.CollectionSubAgentImpl - T2 压缩等级决策: sessionId=bec5eec99cc6, estimatedTokens=569, thresholds=[NONE<2000 LIGHT<3000 DEEP<4000 EMERGENCY], level=NONE
2026-07-08 20:38:39 [ForkJoinPool.commonPool-worker-5] DEBUG c.s.s.h.impl.CollectionSubAgentImpl - T2 Token估算: sessionId=bec5eec99cc6, system=250, question=120, summary(len=28, tkn=42), userInput(len=5, tkn=7), instruction=80, qScale=70, total=569
2026-07-08 20:38:39 [ForkJoinPool.commonPool-worker-5] INFO  c.s.s.h.impl.CollectionSubAgentImpl - 采集子Agent Token估算: sessionId=bec5eec99cc6, estimatedTokens≈569, compression=NONE
2026-07-08 20:38:39 [ForkJoinPool.commonPool-worker-5] INFO  c.s.s.h.impl.CollectionSubAgentImpl - T2 构建状态上下文: sessionId=bec5eec99cc6, compression=NONE, summaryLen=28, progress=2/7
2026-07-08 20:38:39 [ForkJoinPool.commonPool-worker-5] INFO  c.s.s.h.impl.CollectionSubAgentImpl - 采集子Agent LLM调用: sessionId=bec5eec99cc6, questionnaire=ISI, progress=2/7, compression=NONE, promptLen=1329
2026-07-08 20:38:39 [ForkJoinPool.commonPool-worker-5] DEBUG c.s.service.rag.impl.LlmServiceImpl - LLM API请求: model=qwen-plus, prompt长度=1329, url=https://dashscope.aliyuncs.com/api/v1/services/aigc/text-generation/generation
2026-07-08 20:38:39 [ForkJoinPool.commonPool-worker-1] DEBUG c.s.m.h.I.selectList - ==>  Preparing: SELECT id,conversation_id,session_id,user_id,message_type,sequence_num,questionnaire_id,questionnaire_title,message_data,created_at,updated_at,deleted FROM interview_messages WHERE deleted=0 AND (session_id = ?) ORDER BY sequence_num DESC LIMIT 1
2026-07-08 20:38:39 [ForkJoinPool.commonPool-worker-1] DEBUG c.s.m.h.I.selectList - ==> Parameters: bec5eec99cc6(String)
2026-07-08 20:38:39 [ForkJoinPool.commonPool-worker-1] DEBUG c.s.m.h.I.selectList - <==      Total: 1
2026-07-08 20:38:39 [ForkJoinPool.commonPool-worker-1] DEBUG c.s.m.h.I.insert - ==>  Preparing: INSERT INTO interview_messages ( id, conversation_id, session_id, message_type, sequence_num, questionnaire_id, questionnaire_title, message_data, created_at, updated_at ) VALUES ( ?, ?, ?, ?, ?, ?, ?, ?, ?, ? )
2026-07-08 20:38:39 [ForkJoinPool.commonPool-worker-1] DEBUG c.s.m.h.I.insert - ==> Parameters: 2074835553964617729(Long), 2074834669297823745(Long), bec5eec99cc6(String), user_message(String), 8(Integer), ISI(String), ISI 失眠严重指数量表(String), {"text":"半夜醒一次","sessionId":"bec5eec99cc6","linkId":"/q2","questionText":"维持睡眠困难的程度","degradationLevel":"llm","progress":"2/7"}(String), 2026-07-08T20:38:39.310442800(LocalDateTime), 2026-07-08T20:38:39.310442800(LocalDateTime)
2026-07-08 20:38:39 [ForkJoinPool.commonPool-worker-1] DEBUG c.s.m.h.I.insert - <==    Updates: 1
2026-07-08 20:38:39 [ForkJoinPool.commonPool-worker-1] DEBUG c.s.s.h.i.InterviewPersistenceServiceImpl - MySQL保存访谈消息: sessionId=bec5eec99cc6, type=user_message, seq=8
2026-07-08 20:38:41 [ForkJoinPool.commonPool-worker-5] DEBUG c.s.service.rag.impl.LlmServiceImpl - LLM API响应: status=200, body长度=411, 内容预览={"output":{"finish_reason":"stop","text":"{\"tool\": \"record_answer\", \"linkId\": \"/q2\", \"code\": \"ISI-1\", \"display\": \"轻度\", \"value\": 1, \"confidence\": 0.9, \"context_summary\": \"用户表示半夜醒...
2026-07-08 20:38:41 [ForkJoinPool.commonPool-worker-5] INFO  c.s.s.h.impl.CollectionSubAgentImpl - 采集子Agent解析工具调用: tool=record_answer
2026-07-08 20:38:41 [ForkJoinPool.commonPool-worker-5] INFO  c.s.s.h.impl.CollectionSubAgentImpl - LLM输出→记录答案: linkId=/q2, code=ISI-1, value=1
2026-07-08 20:38:41 [ForkJoinPool.commonPool-worker-5] INFO  c.s.s.h.impl.CollectionSubAgentImpl - LLM采集完成: sessionId=bec5eec99cc6, type=RECORD_ANSWER, latency=2049ms
2026-07-08 20:38:41 [ForkJoinPool.commonPool-worker-5] INFO  c.s.s.his.impl.InterviewEngineImpl - LLM语义理解结果: sessionId=bec5eec99cc6, type=RECORD_ANSWER, latency=2049ms, degradationLevel=llm
2026-07-08 20:38:41 [ForkJoinPool.commonPool-worker-5] INFO  c.s.s.his.impl.InterviewEngineImpl - LLM识别为答案记录，开始持久化: sessionId=bec5eec99cc6, linkId=/q2, code=ISI-1
2026-07-08 20:38:41 [ForkJoinPool.commonPool-worker-5] INFO  c.s.s.his.impl.InterviewEngineImpl - 记录答案: sessionId=bec5eec99cc6, linkId=/q2, code=ISI-1, value=1, source=llm, confidence=0.9
2026-07-08 20:38:41 [ForkJoinPool.commonPool-worker-5] DEBUG com.student.service.RedisService - 获取缓存: key=his:interview:bec5eec99cc6, value=exists
2026-07-08 20:38:41 [ForkJoinPool.commonPool-worker-5] INFO  c.s.s.his.impl.InterviewEngineImpl - T1 增量摘要: sessionId=bec5eec99cc6, linkId=/q2, source=llm, fromLlm=true, summaryLen=48, ctxBefore=28, ctxAfter=76, capped=false
2026-07-08 20:38:41 [ForkJoinPool.commonPool-worker-5] INFO  c.s.s.his.impl.InterviewEngineImpl - 下一题: sessionId=bec5eec99cc6, linkId=/q3, text=早醒的程度
2026-07-08 20:38:41 [ForkJoinPool.commonPool-worker-5] INFO  c.s.service.his.CollectionSseEmitter - SSE发送问题: linkId=/q3, text=早醒的程度, progress=3/7, sessionId=bec5eec99cc6
2026-07-08 20:38:41 [ForkJoinPool.commonPool-worker-5] INFO  c.s.service.his.CollectionSseEmitter - SSE发送结束标记
2026-07-08 20:38:41 [ForkJoinPool.commonPool-worker-5] INFO  c.s.service.his.CollectionSseEmitter - SSE连接正常关闭
2026-07-08 20:38:41 [http-nio-8080-exec-9] INFO  c.s.service.his.CollectionSseEmitter - SSE连接完成
2026-07-08 20:38:41 [ForkJoinPool.commonPool-worker-1] DEBUG com.student.service.RedisService - 设置缓存成功: key=his:interview:bec5eec99cc6
2026-07-08 20:38:41 [ForkJoinPool.commonPool-worker-4] DEBUG com.student.service.RedisService - 设置缓存成功: key=his:interview:bec5eec99cc6
2026-07-08 20:38:41 [ForkJoinPool.commonPool-worker-7] DEBUG c.s.m.h.I.selectList - ==>  Preparing: SELECT id,session_id,questionnaire_id,questionnaire_title,user_id,conversation_id,current_question_index,total_questions,answers,current_score,completed,collection_mode,degradation_level,raw_inputs,safety_flags,context_summary,provenance,consecutive_failures,created_at,last_active_at,updated_at,deleted FROM interview_sessions WHERE deleted=0 AND (session_id = ?)
2026-07-08 20:38:41 [ForkJoinPool.commonPool-worker-8] DEBUG c.s.m.h.I.selectList - ==>  Preparing: SELECT id,session_id,questionnaire_id,questionnaire_title,user_id,conversation_id,current_question_index,total_questions,answers,current_score,completed,collection_mode,degradation_level,raw_inputs,safety_flags,context_summary,provenance,consecutive_failures,created_at,last_active_at,updated_at,deleted FROM interview_sessions WHERE deleted=0 AND (session_id = ?)
2026-07-08 20:38:41 [ForkJoinPool.commonPool-worker-6] DEBUG c.s.m.h.I.selectList - ==>  Preparing: SELECT id,conversation_id,session_id,user_id,message_type,sequence_num,questionnaire_id,questionnaire_title,message_data,created_at,updated_at,deleted FROM interview_messages WHERE deleted=0 AND (session_id = ?) ORDER BY sequence_num DESC LIMIT 1
2026-07-08 20:38:41 [ForkJoinPool.commonPool-worker-1] DEBUG c.s.s.his.impl.InterviewEngineImpl - 会话已保存到Redis: sessionId=bec5eec99cc6
2026-07-08 20:38:41 [ForkJoinPool.commonPool-worker-4] DEBUG c.s.s.his.impl.InterviewEngineImpl - 会话已保存到Redis: sessionId=bec5eec99cc6
2026-07-08 20:38:41 [ForkJoinPool.commonPool-worker-6] DEBUG c.s.m.h.I.selectList - ==> Parameters: bec5eec99cc6(String)
2026-07-08 20:38:41 [ForkJoinPool.commonPool-worker-7] DEBUG c.s.m.h.I.selectList - ==> Parameters: bec5eec99cc6(String)
2026-07-08 20:38:41 [ForkJoinPool.commonPool-worker-8] DEBUG c.s.m.h.I.selectList - ==> Parameters: bec5eec99cc6(String)
2026-07-08 20:38:41 [ForkJoinPool.commonPool-worker-6] DEBUG c.s.m.h.I.selectList - <==      Total: 1
2026-07-08 20:38:41 [ForkJoinPool.commonPool-worker-6] DEBUG c.s.m.h.I.insert - ==>  Preparing: INSERT INTO interview_messages ( id, conversation_id, session_id, message_type, sequence_num, questionnaire_id, questionnaire_title, message_data, created_at, updated_at ) VALUES ( ?, ?, ?, ?, ?, ?, ?, ?, ?, ? )
2026-07-08 20:38:41 [ForkJoinPool.commonPool-worker-6] DEBUG c.s.m.h.I.insert - ==> Parameters: 2074835563531825154(Long), 2074834669297823745(Long), bec5eec99cc6(String), question(String), 9(Integer), ISI(String), ISI 失眠严重指数量表(String), {"linkId":"/q3","text":"早醒的程度","currentIndex":2,"totalQuestions":7,"progress":"3/7","options":[{"code":"ISI-0","display":"无","score":0},{"code":"ISI-1","display":"轻度","score":1},{"code":"ISI-2","display":"中度","score":2},{"code":"ISI-3","display":"重度","score":3},{"code":"ISI-4","display":"极重度","score":4}],"sessionId":"bec5eec99cc6"}(String), 2026-07-08T20:38:41.585919500(LocalDateTime), 2026-07-08T20:38:41.585919500(LocalDateTime)
2026-07-08 20:38:41 [ForkJoinPool.commonPool-worker-7] DEBUG c.s.m.h.I.selectList - <==      Total: 1
2026-07-08 20:38:41 [ForkJoinPool.commonPool-worker-8] DEBUG c.s.m.h.I.selectList - <==      Total: 1
2026-07-08 20:38:41 [ForkJoinPool.commonPool-worker-7] DEBUG c.s.m.h.I.updateById - ==>  Preparing: UPDATE interview_sessions SET session_id=?, questionnaire_id=?, questionnaire_title=?, conversation_id=?, current_question_index=?, total_questions=?, answers=?, current_score=?, completed=?, collection_mode=?, degradation_level=?, raw_inputs=?, safety_flags=?, context_summary=?, provenance=?, consecutive_failures=?, created_at=?, last_active_at=?, updated_at=? WHERE id=? AND deleted=0
2026-07-08 20:38:41 [ForkJoinPool.commonPool-worker-8] DEBUG c.s.m.h.I.updateById - ==>  Preparing: UPDATE interview_sessions SET session_id=?, questionnaire_id=?, questionnaire_title=?, conversation_id=?, current_question_index=?, total_questions=?, answers=?, current_score=?, completed=?, collection_mode=?, degradation_level=?, raw_inputs=?, safety_flags=?, context_summary=?, provenance=?, consecutive_failures=?, created_at=?, last_active_at=?, updated_at=? WHERE id=? AND deleted=0
2026-07-08 20:38:41 [ForkJoinPool.commonPool-worker-7] DEBUG c.s.m.h.I.updateById - ==> Parameters: bec5eec99cc6(String), ISI(String), ISI 失眠严重指数量表(String), 2074834669297823745(Long), 2(Integer), 7(Integer), {"/q1":"ISI-3","/q2":"ISI-1"}(String), 4(Integer), 0(Integer), llm_driven(String), llm(String), {}(String), [](String), 用户描述每天躺两三个小时才能入睡，表明入睡困难程度较重；用户表示半夜醒一次，属于偶发性觉醒，未提及其难以再次入睡或醒后长时间清醒，符合轻度维持睡眠困难；(String), {"/q1":{"source":"llm","confidence":0.95},"/q2":{"source":"llm","confidence":0.9}}(String), 0(Integer), 2026-07-08T20:35:59.756031100(LocalDateTime), 2026-07-08T20:38:41.385646900(LocalDateTime), 2026-07-08T20:38:41.590919300(LocalDateTime), 2074834884939575298(Long)
2026-07-08 20:38:41 [ForkJoinPool.commonPool-worker-8] DEBUG c.s.m.h.I.updateById - ==> Parameters: bec5eec99cc6(String), ISI(String), ISI 失眠严重指数量表(String), 2074834669297823745(Long), 2(Integer), 7(Integer), {"/q1":"ISI-3","/q2":"ISI-1"}(String), 4(Integer), 0(Integer), llm_driven(String), llm(String), {}(String), [](String), 用户描述每天躺两三个小时才能入睡，表明入睡困难程度较重；用户表示半夜醒一次，属于偶发性觉醒，未提及其难以再次入睡或醒后长时间清醒，符合轻度维持睡眠困难；(String), {"/q1":{"source":"llm","confidence":0.95},"/q2":{"source":"llm","confidence":0.9}}(String), 0(Integer), 2026-07-08T20:35:59.756031100(LocalDateTime), 2026-07-08T20:38:41.385646900(LocalDateTime), 2026-07-08T20:38:41.590919300(LocalDateTime), 2074834884939575298(Long)
2026-07-08 20:38:41 [ForkJoinPool.commonPool-worker-7] DEBUG c.s.m.h.I.updateById - <==    Updates: 1
2026-07-08 20:38:41 [ForkJoinPool.commonPool-worker-7] DEBUG c.s.s.h.i.InterviewPersistenceServiceImpl - MySQL更新会话: sessionId=bec5eec99cc6
2026-07-08 20:38:41 [ForkJoinPool.commonPool-worker-6] DEBUG c.s.m.h.I.insert - <==    Updates: 1
2026-07-08 20:38:41 [ForkJoinPool.commonPool-worker-6] DEBUG c.s.s.h.i.InterviewPersistenceServiceImpl - MySQL保存访谈消息: sessionId=bec5eec99cc6, type=question, seq=9
2026-07-08 20:38:41 [ForkJoinPool.commonPool-worker-8] DEBUG c.s.m.h.I.updateById - <==    Updates: 1
2026-07-08 20:38:41 [ForkJoinPool.commonPool-worker-8] DEBUG c.s.s.h.i.InterviewPersistenceServiceImpl - MySQL更新会话: sessionId=bec5eec99cc6
2026-07-08 20:38:51 [http-nio-8080-exec-7] DEBUG c.s.filter.JwtAuthenticationFilter - 请求进入过滤器: method=GET, uri=/api/messages/by-conversation/2074835235176542209, query=null
2026-07-08 20:38:52 [http-nio-8080-exec-7] DEBUG c.s.m.M.selectList_mpCount - ==>  Preparing: SELECT COUNT(*) AS total FROM messages WHERE deleted = 0 AND (conversation_id = ?)
2026-07-08 20:38:52 [http-nio-8080-exec-7] DEBUG c.s.m.M.selectList_mpCount - ==> Parameters: 2074835235176542209(Long)
2026-07-08 20:38:52 [http-nio-8080-exec-7] DEBUG c.s.m.M.selectList_mpCount - <==      Total: 1
2026-07-08 20:38:52 [http-nio-8080-exec-10] DEBUG c.s.filter.JwtAuthenticationFilter - 请求进入过滤器: method=GET, uri=/api/his/interview/by-conversation/2074835235176542209, query=null
2026-07-08 20:38:52 [http-nio-8080-exec-10] DEBUG c.s.m.h.I.selectList - ==>  Preparing: SELECT id,session_id,questionnaire_id,questionnaire_title,user_id,conversation_id,current_question_index,total_questions,answers,current_score,completed,collection_mode,degradation_level,raw_inputs,safety_flags,context_summary,provenance,consecutive_failures,created_at,last_active_at,updated_at,deleted FROM interview_sessions WHERE deleted=0 AND (conversation_id = ?) ORDER BY created_at DESC
2026-07-08 20:38:52 [http-nio-8080-exec-10] DEBUG c.s.m.h.I.selectList - ==> Parameters: 2074835235176542209(Long)
2026-07-08 20:38:52 [http-nio-8080-exec-10] DEBUG c.s.m.h.I.selectList - <==      Total: 0
2026-07-08 20:38:55 [http-nio-8080-exec-1] DEBUG c.s.filter.JwtAuthenticationFilter - 请求进入过滤器: method=POST, uri=/api/his/interview/llm-answer, query=null
2026-07-08 20:38:55 [http-nio-8080-exec-1] INFO  c.s.c.his.InterviewController - 收到LLM回答请求: sessionId=bec5eec99cc6, inputLen=20
2026-07-08 20:38:55 [http-nio-8080-exec-1] INFO  c.s.service.his.CollectionSseEmitter - SSE连接已建立: timeout=180000ms
2026-07-08 20:38:55 [ForkJoinPool.commonPool-worker-8] DEBUG com.student.service.RedisService - 获取缓存: key=his:interview:bec5eec99cc6, value=exists
2026-07-08 20:38:55 [ForkJoinPool.commonPool-worker-8] INFO  c.s.s.his.impl.InterviewEngineImpl - 持久化用户消息: sessionId=bec5eec99cc6, conversationId=2074834669297823745, linkId=/q3, text=我每天难以入睡，经常躺两三个小时才能睡觉
2026-07-08 20:38:55 [ForkJoinPool.commonPool-worker-8] INFO  c.s.s.his.impl.InterviewEngineImpl - LLM轮次处理: sessionId=bec5eec99cc6, progress=3/7, degradationLevel=llm, userInput=我每天难以入睡，经常躺两三个小时才能睡觉
2026-07-08 20:38:55 [ForkJoinPool.commonPool-worker-8] DEBUG c.s.s.h.impl.CollectionSubAgentImpl - T2 Token估算: sessionId=bec5eec99cc6, system=250, question=120, summary(len=76, tkn=114), userInput(len=20, tkn=30), instruction=80, qScale=70, total=664
2026-07-08 20:38:55 [ForkJoinPool.commonPool-worker-8] INFO  c.s.s.h.impl.CollectionSubAgentImpl - T2 压缩等级决策: sessionId=bec5eec99cc6, estimatedTokens=664, thresholds=[NONE<2000 LIGHT<3000 DEEP<4000 EMERGENCY], level=NONE
2026-07-08 20:38:55 [ForkJoinPool.commonPool-worker-8] DEBUG c.s.s.h.impl.CollectionSubAgentImpl - T2 Token估算: sessionId=bec5eec99cc6, system=250, question=120, summary(len=76, tkn=114), userInput(len=20, tkn=30), instruction=80, qScale=70, total=664
2026-07-08 20:38:55 [ForkJoinPool.commonPool-worker-8] INFO  c.s.s.h.impl.CollectionSubAgentImpl - 采集子Agent Token估算: sessionId=bec5eec99cc6, estimatedTokens≈664, compression=NONE
2026-07-08 20:38:55 [ForkJoinPool.commonPool-worker-8] INFO  c.s.s.h.impl.CollectionSubAgentImpl - T2 构建状态上下文: sessionId=bec5eec99cc6, compression=NONE, summaryLen=76, progress=3/7
2026-07-08 20:38:55 [ForkJoinPool.commonPool-worker-8] INFO  c.s.s.h.impl.CollectionSubAgentImpl - 采集子Agent LLM调用: sessionId=bec5eec99cc6, questionnaire=ISI, progress=3/7, compression=NONE, promptLen=1384
2026-07-08 20:38:55 [ForkJoinPool.commonPool-worker-8] DEBUG c.s.service.rag.impl.LlmServiceImpl - LLM API请求: model=qwen-plus, prompt长度=1384, url=https://dashscope.aliyuncs.com/api/v1/services/aigc/text-generation/generation
2026-07-08 20:38:55 [ForkJoinPool.commonPool-worker-6] DEBUG c.s.m.h.I.selectList - ==>  Preparing: SELECT id,conversation_id,session_id,user_id,message_type,sequence_num,questionnaire_id,questionnaire_title,message_data,created_at,updated_at,deleted FROM interview_messages WHERE deleted=0 AND (session_id = ?) ORDER BY sequence_num DESC LIMIT 1
2026-07-08 20:38:55 [ForkJoinPool.commonPool-worker-6] DEBUG c.s.m.h.I.selectList - ==> Parameters: bec5eec99cc6(String)
2026-07-08 20:38:56 [ForkJoinPool.commonPool-worker-6] DEBUG c.s.m.h.I.selectList - <==      Total: 1
2026-07-08 20:38:56 [ForkJoinPool.commonPool-worker-6] DEBUG c.s.m.h.I.insert - ==>  Preparing: INSERT INTO interview_messages ( id, conversation_id, session_id, message_type, sequence_num, questionnaire_id, questionnaire_title, message_data, created_at, updated_at ) VALUES ( ?, ?, ?, ?, ?, ?, ?, ?, ?, ? )
2026-07-08 20:38:56 [ForkJoinPool.commonPool-worker-6] DEBUG c.s.m.h.I.insert - ==> Parameters: 2074835623971745793(Long), 2074834669297823745(Long), bec5eec99cc6(String), user_message(String), 10(Integer), ISI(String), ISI 失眠严重指数量表(String), {"text":"我每天难以入睡，经常躺两三个小时才能睡觉","sessionId":"bec5eec99cc6","linkId":"/q3","questionText":"早醒的程度","degradationLevel":"llm","progress":"3/7"}(String), 2026-07-08T20:38:56.002854(LocalDateTime), 2026-07-08T20:38:56.002854(LocalDateTime)
2026-07-08 20:38:56 [ForkJoinPool.commonPool-worker-6] DEBUG c.s.m.h.I.insert - <==    Updates: 1
2026-07-08 20:38:56 [ForkJoinPool.commonPool-worker-6] DEBUG c.s.s.h.i.InterviewPersistenceServiceImpl - MySQL保存访谈消息: sessionId=bec5eec99cc6, type=user_message, seq=10
2026-07-08 20:38:57 [ForkJoinPool.commonPool-worker-8] DEBUG c.s.service.rag.impl.LlmServiceImpl - LLM API响应: status=200, body长度=342, 内容预览={"output":{"finish_reason":"stop","text":"{\"tool\": \"clarify\", \"linkId\": \"/q3\", \"text\": \"刚才你提到的是入睡困难，需要躺两三个小时才能睡着。我想确认一下：你最近有没有经常比预期早醒（比如比平时早1小时以上），而且醒来后就再也睡不着了？\"}"},"usage":{"total_tokens"...
2026-07-08 20:38:57 [ForkJoinPool.commonPool-worker-8] INFO  c.s.s.h.impl.CollectionSubAgentImpl - 采集子Agent解析工具调用: tool=clarify
2026-07-08 20:38:57 [ForkJoinPool.commonPool-worker-8] INFO  c.s.s.h.impl.CollectionSubAgentImpl - LLM输出→追问: linkId=/q3
2026-07-08 20:38:57 [ForkJoinPool.commonPool-worker-8] INFO  c.s.s.h.impl.CollectionSubAgentImpl - LLM采集完成: sessionId=bec5eec99cc6, type=CLARIFY, latency=1727ms
2026-07-08 20:38:57 [ForkJoinPool.commonPool-worker-8] INFO  c.s.s.his.impl.InterviewEngineImpl - LLM语义理解结果: sessionId=bec5eec99cc6, type=CLARIFY, latency=1727ms, degradationLevel=llm
2026-07-08 20:38:57 [ForkJoinPool.commonPool-worker-8] INFO  c.s.service.his.CollectionSseEmitter - SSE发送追问: linkId=/q3, text=刚才你提到的是入睡困难，需要躺两三个小时才能睡着。我想确认一下：你最近有没有经常比预期早醒（比如比平时早1小时以上），而且醒来后就再也睡不着了？, sessionId=bec5eec99cc6
2026-07-08 20:38:57 [ForkJoinPool.commonPool-worker-8] INFO  c.s.service.his.CollectionSseEmitter - SSE发送结束标记
2026-07-08 20:38:57 [ForkJoinPool.commonPool-worker-8] INFO  c.s.service.his.CollectionSseEmitter - SSE连接正常关闭
2026-07-08 20:38:57 [http-nio-8080-exec-2] INFO  c.s.service.his.CollectionSseEmitter - SSE连接完成
2026-07-08 20:38:57 [ForkJoinPool.commonPool-worker-7] DEBUG com.student.service.RedisService - 设置缓存成功: key=his:interview:bec5eec99cc6
2026-07-08 20:38:57 [ForkJoinPool.commonPool-worker-7] DEBUG c.s.s.his.impl.InterviewEngineImpl - 会话已保存到Redis: sessionId=bec5eec99cc6
2026-07-08 20:38:57 [ForkJoinPool.commonPool-worker-6] DEBUG c.s.m.h.I.selectList - ==>  Preparing: SELECT id,conversation_id,session_id,user_id,message_type,sequence_num,questionnaire_id,questionnaire_title,message_data,created_at,updated_at,deleted FROM interview_messages WHERE deleted=0 AND (session_id = ?) ORDER BY sequence_num DESC LIMIT 1
2026-07-08 20:38:57 [ForkJoinPool.commonPool-worker-4] DEBUG c.s.m.h.I.selectList - ==>  Preparing: SELECT id,session_id,questionnaire_id,questionnaire_title,user_id,conversation_id,current_question_index,total_questions,answers,current_score,completed,collection_mode,degradation_level,raw_inputs,safety_flags,context_summary,provenance,consecutive_failures,created_at,last_active_at,updated_at,deleted FROM interview_sessions WHERE deleted=0 AND (session_id = ?)
2026-07-08 20:38:57 [ForkJoinPool.commonPool-worker-6] DEBUG c.s.m.h.I.selectList - ==> Parameters: bec5eec99cc6(String)
2026-07-08 20:38:57 [ForkJoinPool.commonPool-worker-4] DEBUG c.s.m.h.I.selectList - ==> Parameters: bec5eec99cc6(String)
2026-07-08 20:38:57 [ForkJoinPool.commonPool-worker-6] DEBUG c.s.m.h.I.selectList - <==      Total: 1
2026-07-08 20:38:57 [ForkJoinPool.commonPool-worker-6] DEBUG c.s.m.h.I.insert - ==>  Preparing: INSERT INTO interview_messages ( id, conversation_id, session_id, message_type, sequence_num, questionnaire_id, questionnaire_title, message_data, created_at, updated_at ) VALUES ( ?, ?, ?, ?, ?, ?, ?, ?, ?, ? )
2026-07-08 20:38:57 [ForkJoinPool.commonPool-worker-6] DEBUG c.s.m.h.I.insert - ==> Parameters: 2074835631274029058(Long), 2074834669297823745(Long), bec5eec99cc6(String), clarify(String), 11(Integer), ISI(String), ISI 失眠严重指数量表(String), {"linkId":"/q3","text":"刚才你提到的是入睡困难，需要躺两三个小时才能睡着。我想确认一下：你最近有没有经常比预期早醒（比如比平时早1小时以上），而且醒来后就再也睡不着了？","sessionId":"bec5eec99cc6"}(String), 2026-07-08T20:38:57.750106300(LocalDateTime), 2026-07-08T20:38:57.750106300(LocalDateTime)
2026-07-08 20:38:57 [http-nio-8080-exec-3] DEBUG c.s.filter.JwtAuthenticationFilter - 请求进入过滤器: method=GET, uri=/api/messages/by-conversation/2074834669297823745, query=null
2026-07-08 20:38:57 [ForkJoinPool.commonPool-worker-4] DEBUG c.s.m.h.I.selectList - <==      Total: 1
2026-07-08 20:38:57 [ForkJoinPool.commonPool-worker-4] DEBUG c.s.m.h.I.updateById - ==>  Preparing: UPDATE interview_sessions SET session_id=?, questionnaire_id=?, questionnaire_title=?, conversation_id=?, current_question_index=?, total_questions=?, answers=?, current_score=?, completed=?, collection_mode=?, degradation_level=?, raw_inputs=?, safety_flags=?, context_summary=?, provenance=?, consecutive_failures=?, created_at=?, last_active_at=?, updated_at=? WHERE id=? AND deleted=0
2026-07-08 20:38:57 [ForkJoinPool.commonPool-worker-4] DEBUG c.s.m.h.I.updateById - ==> Parameters: bec5eec99cc6(String), ISI(String), ISI 失眠严重指数量表(String), 2074834669297823745(Long), 2(Integer), 7(Integer), {"/q1":"ISI-3","/q2":"ISI-1"}(String), 4(Integer), 0(Integer), llm_driven(String), llm(String), {}(String), [](String), 用户描述每天躺两三个小时才能入睡，表明入睡困难程度较重；用户表示半夜醒一次，属于偶发性觉醒，未提及其难以再次入睡或醒后长时间清醒，符合轻度维持睡眠困难；(String), {"/q1":{"source":"llm","confidence":0.95},"/q2":{"source":"llm","confidence":0.9}}(String), 0(Integer), 2026-07-08T20:35:59.756031100(LocalDateTime), 2026-07-08T20:38:55.944850800(LocalDateTime), 2026-07-08T20:38:57.759116900(LocalDateTime), 2074834884939575298(Long)
2026-07-08 20:38:57 [http-nio-8080-exec-3] DEBUG c.s.m.M.selectList_mpCount - ==>  Preparing: SELECT COUNT(*) AS total FROM messages WHERE deleted = 0 AND (conversation_id = ?)
2026-07-08 20:38:57 [http-nio-8080-exec-3] DEBUG c.s.m.M.selectList_mpCount - ==> Parameters: 2074834669297823745(Long)
2026-07-08 20:38:57 [ForkJoinPool.commonPool-worker-6] DEBUG c.s.m.h.I.insert - <==    Updates: 1
2026-07-08 20:38:57 [ForkJoinPool.commonPool-worker-6] DEBUG c.s.s.h.i.InterviewPersistenceServiceImpl - MySQL保存访谈消息: sessionId=bec5eec99cc6, type=clarify, seq=11
2026-07-08 20:38:57 [http-nio-8080-exec-3] DEBUG c.s.m.M.selectList_mpCount - <==      Total: 1
2026-07-08 20:38:57 [http-nio-8080-exec-3] DEBUG c.s.mapper.MessageMapper.selectList - ==>  Preparing: SELECT id,conversation_id,role,content,source_references,created_at,updated_at,deleted FROM messages WHERE deleted=0 AND (conversation_id = ?) ORDER BY created_at ASC LIMIT ?
2026-07-08 20:38:57 [http-nio-8080-exec-3] DEBUG c.s.mapper.MessageMapper.selectList - ==> Parameters: 2074834669297823745(Long), 10(Long)
2026-07-08 20:38:57 [ForkJoinPool.commonPool-worker-4] DEBUG c.s.m.h.I.updateById - <==    Updates: 1
2026-07-08 20:38:57 [ForkJoinPool.commonPool-worker-4] DEBUG c.s.s.h.i.InterviewPersistenceServiceImpl - MySQL更新会话: sessionId=bec5eec99cc6
2026-07-08 20:38:57 [http-nio-8080-exec-3] DEBUG c.s.mapper.MessageMapper.selectList - <==      Total: 1
2026-07-08 20:38:57 [http-nio-8080-exec-4] DEBUG c.s.filter.JwtAuthenticationFilter - 请求进入过滤器: method=GET, uri=/api/his/interview/by-conversation/2074834669297823745, query=null
2026-07-08 20:38:57 [http-nio-8080-exec-4] DEBUG c.s.m.h.I.selectList - ==>  Preparing: SELECT id,session_id,questionnaire_id,questionnaire_title,user_id,conversation_id,current_question_index,total_questions,answers,current_score,completed,collection_mode,degradation_level,raw_inputs,safety_flags,context_summary,provenance,consecutive_failures,created_at,last_active_at,updated_at,deleted FROM interview_sessions WHERE deleted=0 AND (conversation_id = ?) ORDER BY created_at DESC
2026-07-08 20:38:57 [http-nio-8080-exec-4] DEBUG c.s.m.h.I.selectList - ==> Parameters: 2074834669297823745(Long)
2026-07-08 20:38:57 [http-nio-8080-exec-4] DEBUG c.s.m.h.I.selectList - <==      Total: 1
2026-07-08 20:38:57 [http-nio-8080-exec-4] DEBUG c.s.m.h.A.selectList - ==>  Preparing: SELECT id,analysis_id,session_id,questionnaire_id,questionnaire_title,user_id,conversation_id,total_score,max_score,severity,interpretation,summary,risk_assessment,detail_analysis,recommendations,follow_up,disclaimer,latency_ms,raw_llm_response,created_at,updated_at,deleted FROM analysis_reports WHERE deleted=0 AND (session_id = ?) ORDER BY created_at DESC LIMIT 1
2026-07-08 20:38:57 [http-nio-8080-exec-4] DEBUG c.s.m.h.A.selectList - ==> Parameters: bec5eec99cc6(String)
2026-07-08 20:38:57 [http-nio-8080-exec-4] DEBUG c.s.m.h.A.selectList - <==      Total: 0
2026-07-08 20:38:57 [http-nio-8080-exec-5] DEBUG c.s.filter.JwtAuthenticationFilter - 请求进入过滤器: method=GET, uri=/api/his/interview/bec5eec99cc6/messages, query=null
2026-07-08 20:38:57 [http-nio-8080-exec-5] DEBUG c.s.m.h.I.selectList - ==>  Preparing: SELECT id,conversation_id,session_id,user_id,message_type,sequence_num,questionnaire_id,questionnaire_title,message_data,created_at,updated_at,deleted FROM interview_messages WHERE deleted=0 AND (session_id = ?) ORDER BY sequence_num ASC
2026-07-08 20:38:57 [http-nio-8080-exec-5] DEBUG c.s.m.h.I.selectList - ==> Parameters: bec5eec99cc6(String)
2026-07-08 20:38:57 [http-nio-8080-exec-5] DEBUG c.s.m.h.I.selectList - <==      Total: 11
2026-07-08 20:39:07 [http-nio-8080-exec-6] DEBUG c.s.filter.JwtAuthenticationFilter - 请求进入过滤器: method=GET, uri=/api/messages/by-conversation/2074835235176542209, query=null
2026-07-08 20:39:07 [http-nio-8080-exec-6] DEBUG c.s.m.M.selectList_mpCount - ==>  Preparing: SELECT COUNT(*) AS total FROM messages WHERE deleted = 0 AND (conversation_id = ?)
2026-07-08 20:39:07 [http-nio-8080-exec-6] DEBUG c.s.m.M.selectList_mpCount - ==> Parameters: 2074835235176542209(Long)
2026-07-08 20:39:07 [http-nio-8080-exec-6] DEBUG c.s.m.M.selectList_mpCount - <==      Total: 1
2026-07-08 20:39:07 [http-nio-8080-exec-8] DEBUG c.s.filter.JwtAuthenticationFilter - 请求进入过滤器: method=GET, uri=/api/his/interview/by-conversation/2074835235176542209, query=null
2026-07-08 20:39:07 [http-nio-8080-exec-8] DEBUG c.s.m.h.I.selectList - ==>  Preparing: SELECT id,session_id,questionnaire_id,questionnaire_title,user_id,conversation_id,current_question_index,total_questions,answers,current_score,completed,collection_mode,degradation_level,raw_inputs,safety_flags,context_summary,provenance,consecutive_failures,created_at,last_active_at,updated_at,deleted FROM interview_sessions WHERE deleted=0 AND (conversation_id = ?) ORDER BY created_at DESC
2026-07-08 20:39:07 [http-nio-8080-exec-8] DEBUG c.s.m.h.I.selectList - ==> Parameters: 2074835235176542209(Long)
2026-07-08 20:39:07 [http-nio-8080-exec-8] DEBUG c.s.m.h.I.selectList - <==      Total: 0
2026-07-08 20:39:09 [http-nio-8080-exec-9] DEBUG c.s.filter.JwtAuthenticationFilter - 请求进入过滤器: method=GET, uri=/api/messages/by-conversation/2074834669297823745, query=null
2026-07-08 20:39:10 [http-nio-8080-exec-9] DEBUG c.s.m.M.selectList_mpCount - ==>  Preparing: SELECT COUNT(*) AS total FROM messages WHERE deleted = 0 AND (conversation_id = ?)
2026-07-08 20:39:10 [http-nio-8080-exec-9] DEBUG c.s.m.M.selectList_mpCount - ==> Parameters: 2074834669297823745(Long)
2026-07-08 20:39:10 [http-nio-8080-exec-9] DEBUG c.s.m.M.selectList_mpCount - <==      Total: 1
2026-07-08 20:39:10 [http-nio-8080-exec-9] DEBUG c.s.mapper.MessageMapper.selectList - ==>  Preparing: SELECT id,conversation_id,role,content,source_references,created_at,updated_at,deleted FROM messages WHERE deleted=0 AND (conversation_id = ?) ORDER BY created_at ASC LIMIT ?
2026-07-08 20:39:10 [http-nio-8080-exec-9] DEBUG c.s.mapper.MessageMapper.selectList - ==> Parameters: 2074834669297823745(Long), 10(Long)
2026-07-08 20:39:10 [http-nio-8080-exec-9] DEBUG c.s.mapper.MessageMapper.selectList - <==      Total: 1
2026-07-08 20:39:10 [http-nio-8080-exec-7] DEBUG c.s.filter.JwtAuthenticationFilter - 请求进入过滤器: method=GET, uri=/api/his/interview/by-conversation/2074834669297823745, query=null
2026-07-08 20:39:10 [http-nio-8080-exec-7] DEBUG c.s.m.h.I.selectList - ==>  Preparing: SELECT id,session_id,questionnaire_id,questionnaire_title,user_id,conversation_id,current_question_index,total_questions,answers,current_score,completed,collection_mode,degradation_level,raw_inputs,safety_flags,context_summary,provenance,consecutive_failures,created_at,last_active_at,updated_at,deleted FROM interview_sessions WHERE deleted=0 AND (conversation_id = ?) ORDER BY created_at DESC
2026-07-08 20:39:10 [http-nio-8080-exec-7] DEBUG c.s.m.h.I.selectList - ==> Parameters: 2074834669297823745(Long)
2026-07-08 20:39:10 [http-nio-8080-exec-7] DEBUG c.s.m.h.I.selectList - <==      Total: 1
2026-07-08 20:39:10 [http-nio-8080-exec-7] DEBUG c.s.m.h.A.selectList - ==>  Preparing: SELECT id,analysis_id,session_id,questionnaire_id,questionnaire_title,user_id,conversation_id,total_score,max_score,severity,interpretation,summary,risk_assessment,detail_analysis,recommendations,follow_up,disclaimer,latency_ms,raw_llm_response,created_at,updated_at,deleted FROM analysis_reports WHERE deleted=0 AND (session_id = ?) ORDER BY created_at DESC LIMIT 1
2026-07-08 20:39:10 [http-nio-8080-exec-7] DEBUG c.s.m.h.A.selectList - ==> Parameters: bec5eec99cc6(String)
2026-07-08 20:39:10 [http-nio-8080-exec-7] DEBUG c.s.m.h.A.selectList - <==      Total: 0
2026-07-08 20:39:10 [http-nio-8080-exec-10] DEBUG c.s.filter.JwtAuthenticationFilter - 请求进入过滤器: method=GET, uri=/api/his/interview/bec5eec99cc6/messages, query=null
2026-07-08 20:39:10 [http-nio-8080-exec-10] DEBUG c.s.m.h.I.selectList - ==>  Preparing: SELECT id,conversation_id,session_id,user_id,message_type,sequence_num,questionnaire_id,questionnaire_title,message_data,created_at,updated_at,deleted FROM interview_messages WHERE deleted=0 AND (session_id = ?) ORDER BY sequence_num ASC
2026-07-08 20:39:10 [http-nio-8080-exec-10] DEBUG c.s.m.h.I.selectList - ==> Parameters: bec5eec99cc6(String)
2026-07-08 20:39:10 [http-nio-8080-exec-10] DEBUG c.s.m.h.I.selectList - <==      Total: 11
2026-07-08 20:39:48 [http-nio-8080-exec-1] DEBUG c.s.filter.JwtAuthenticationFilter - 请求进入过滤器: method=POST, uri=/api/his/interview/llm-answer, query=null
2026-07-08 20:39:48 [http-nio-8080-exec-1] INFO  c.s.c.his.InterviewController - 收到LLM回答请求: sessionId=bec5eec99cc6, inputLen=8
2026-07-08 20:39:48 [http-nio-8080-exec-1] INFO  c.s.service.his.CollectionSseEmitter - SSE连接已建立: timeout=180000ms
2026-07-08 20:39:49 [ForkJoinPool.commonPool-worker-4] DEBUG com.student.service.RedisService - 获取缓存: key=his:interview:bec5eec99cc6, value=exists
2026-07-08 20:39:49 [ForkJoinPool.commonPool-worker-4] INFO  c.s.s.his.impl.InterviewEngineImpl - 持久化用户消息: sessionId=bec5eec99cc6, conversationId=2074834669297823745, linkId=/q3, text=平时早1小时以上
2026-07-08 20:39:49 [ForkJoinPool.commonPool-worker-4] INFO  c.s.s.his.impl.InterviewEngineImpl - LLM轮次处理: sessionId=bec5eec99cc6, progress=3/7, degradationLevel=llm, userInput=平时早1小时以上
2026-07-08 20:39:49 [ForkJoinPool.commonPool-worker-4] DEBUG c.s.s.h.impl.CollectionSubAgentImpl - T2 Token估算: sessionId=bec5eec99cc6, system=250, question=120, summary(len=76, tkn=114), userInput(len=8, tkn=12), instruction=80, qScale=70, total=646
2026-07-08 20:39:49 [ForkJoinPool.commonPool-worker-4] INFO  c.s.s.h.impl.CollectionSubAgentImpl - T2 压缩等级决策: sessionId=bec5eec99cc6, estimatedTokens=646, thresholds=[NONE<2000 LIGHT<3000 DEEP<4000 EMERGENCY], level=NONE
2026-07-08 20:39:49 [ForkJoinPool.commonPool-worker-4] DEBUG c.s.s.h.impl.CollectionSubAgentImpl - T2 Token估算: sessionId=bec5eec99cc6, system=250, question=120, summary(len=76, tkn=114), userInput(len=8, tkn=12), instruction=80, qScale=70, total=646
2026-07-08 20:39:49 [ForkJoinPool.commonPool-worker-4] INFO  c.s.s.h.impl.CollectionSubAgentImpl - 采集子Agent Token估算: sessionId=bec5eec99cc6, estimatedTokens≈646, compression=NONE
2026-07-08 20:39:49 [ForkJoinPool.commonPool-worker-4] INFO  c.s.s.h.impl.CollectionSubAgentImpl - T2 构建状态上下文: sessionId=bec5eec99cc6, compression=NONE, summaryLen=76, progress=3/7
2026-07-08 20:39:49 [ForkJoinPool.commonPool-worker-4] INFO  c.s.s.h.impl.CollectionSubAgentImpl - 采集子Agent LLM调用: sessionId=bec5eec99cc6, questionnaire=ISI, progress=3/7, compression=NONE, promptLen=1372
2026-07-08 20:39:49 [ForkJoinPool.commonPool-worker-4] DEBUG c.s.service.rag.impl.LlmServiceImpl - LLM API请求: model=qwen-plus, prompt长度=1372, url=https://dashscope.aliyuncs.com/api/v1/services/aigc/text-generation/generation
2026-07-08 20:39:49 [ForkJoinPool.commonPool-worker-6] DEBUG c.s.m.h.I.selectList - ==>  Preparing: SELECT id,conversation_id,session_id,user_id,message_type,sequence_num,questionnaire_id,questionnaire_title,message_data,created_at,updated_at,deleted FROM interview_messages WHERE deleted=0 AND (session_id = ?) ORDER BY sequence_num DESC LIMIT 1
2026-07-08 20:39:49 [ForkJoinPool.commonPool-worker-6] DEBUG c.s.m.h.I.selectList - ==> Parameters: bec5eec99cc6(String)
2026-07-08 20:39:49 [ForkJoinPool.commonPool-worker-6] DEBUG c.s.m.h.I.selectList - <==      Total: 1
2026-07-08 20:39:49 [ForkJoinPool.commonPool-worker-6] DEBUG c.s.m.h.I.insert - ==>  Preparing: INSERT INTO interview_messages ( id, conversation_id, session_id, message_type, sequence_num, questionnaire_id, questionnaire_title, message_data, created_at, updated_at ) VALUES ( ?, ?, ?, ?, ?, ?, ?, ?, ?, ? )
2026-07-08 20:39:49 [ForkJoinPool.commonPool-worker-6] DEBUG c.s.m.h.I.insert - ==> Parameters: 2074835846538293249(Long), 2074834669297823745(Long), bec5eec99cc6(String), user_message(String), 12(Integer), ISI(String), ISI 失眠严重指数量表(String), {"text":"平时早1小时以上","sessionId":"bec5eec99cc6","linkId":"/q3","questionText":"早醒的程度","degradationLevel":"llm","progress":"3/7"}(String), 2026-07-08T20:39:49.068356400(LocalDateTime), 2026-07-08T20:39:49.068356400(LocalDateTime)
2026-07-08 20:39:49 [ForkJoinPool.commonPool-worker-6] DEBUG c.s.m.h.I.insert - <==    Updates: 1
2026-07-08 20:39:49 [ForkJoinPool.commonPool-worker-6] DEBUG c.s.s.h.i.InterviewPersistenceServiceImpl - MySQL保存访谈消息: sessionId=bec5eec99cc6, type=user_message, seq=12
2026-07-08 20:39:51 [ForkJoinPool.commonPool-worker-4] DEBUG c.s.service.rag.impl.LlmServiceImpl - LLM API响应: status=200, body长度=417, 内容预览={"output":{"finish_reason":"stop","text":"{\"tool\": \"record_answer\", \"linkId\": \"/q3\", \"code\": \"ISI-3\", \"display\": \"重度\", \"value\": 3, \"confidence\": 0.95, \"context_summary\": \"用户表示‘平...
2026-07-08 20:39:51 [ForkJoinPool.commonPool-worker-4] INFO  c.s.s.h.impl.CollectionSubAgentImpl - 采集子Agent解析工具调用: tool=record_answer
2026-07-08 20:39:51 [ForkJoinPool.commonPool-worker-4] INFO  c.s.s.h.impl.CollectionSubAgentImpl - LLM输出→记录答案: linkId=/q3, code=ISI-3, value=3
2026-07-08 20:39:51 [ForkJoinPool.commonPool-worker-4] INFO  c.s.s.h.impl.CollectionSubAgentImpl - LLM采集完成: sessionId=bec5eec99cc6, type=RECORD_ANSWER, latency=2320ms
2026-07-08 20:39:51 [ForkJoinPool.commonPool-worker-4] INFO  c.s.s.his.impl.InterviewEngineImpl - LLM语义理解结果: sessionId=bec5eec99cc6, type=RECORD_ANSWER, latency=2320ms, degradationLevel=llm
2026-07-08 20:39:51 [ForkJoinPool.commonPool-worker-4] INFO  c.s.s.his.impl.InterviewEngineImpl - LLM识别为答案记录，开始持久化: sessionId=bec5eec99cc6, linkId=/q3, code=ISI-3
2026-07-08 20:39:51 [ForkJoinPool.commonPool-worker-4] INFO  c.s.s.his.impl.InterviewEngineImpl - 记录答案: sessionId=bec5eec99cc6, linkId=/q3, code=ISI-3, value=3, source=llm, confidence=0.95
2026-07-08 20:39:51 [ForkJoinPool.commonPool-worker-4] DEBUG com.student.service.RedisService - 获取缓存: key=his:interview:bec5eec99cc6, value=exists
2026-07-08 20:39:51 [ForkJoinPool.commonPool-worker-4] INFO  c.s.s.his.impl.InterviewEngineImpl - T1 增量摘要: sessionId=bec5eec99cc6, linkId=/q3, source=llm, fromLlm=true, summaryLen=55, ctxBefore=76, ctxAfter=131, capped=false
2026-07-08 20:39:51 [ForkJoinPool.commonPool-worker-4] INFO  c.s.s.his.impl.InterviewEngineImpl - 下一题: sessionId=bec5eec99cc6, linkId=/q4, text=对当前睡眠模式的满意程度
2026-07-08 20:39:51 [ForkJoinPool.commonPool-worker-4] INFO  c.s.service.his.CollectionSseEmitter - SSE发送问题: linkId=/q4, text=对当前睡眠模式的满意程度, progress=4/7, sessionId=bec5eec99cc6
2026-07-08 20:39:51 [ForkJoinPool.commonPool-worker-4] INFO  c.s.service.his.CollectionSseEmitter - SSE发送结束标记
2026-07-08 20:39:51 [ForkJoinPool.commonPool-worker-4] INFO  c.s.service.his.CollectionSseEmitter - SSE连接正常关闭
2026-07-08 20:39:51 [http-nio-8080-exec-2] INFO  c.s.service.his.CollectionSseEmitter - SSE连接完成
2026-07-08 20:39:51 [ForkJoinPool.commonPool-worker-6] DEBUG com.student.service.RedisService - 设置缓存成功: key=his:interview:bec5eec99cc6
2026-07-08 20:39:51 [ForkJoinPool.commonPool-worker-1] DEBUG com.student.service.RedisService - 设置缓存成功: key=his:interview:bec5eec99cc6
2026-07-08 20:39:51 [ForkJoinPool.commonPool-worker-6] DEBUG c.s.s.his.impl.InterviewEngineImpl - 会话已保存到Redis: sessionId=bec5eec99cc6
2026-07-08 20:39:51 [ForkJoinPool.commonPool-worker-8] DEBUG c.s.m.h.I.selectList - ==>  Preparing: SELECT id,conversation_id,session_id,user_id,message_type,sequence_num,questionnaire_id,questionnaire_title,message_data,created_at,updated_at,deleted FROM interview_messages WHERE deleted=0 AND (session_id = ?) ORDER BY sequence_num DESC LIMIT 1
2026-07-08 20:39:51 [ForkJoinPool.commonPool-worker-7] DEBUG c.s.m.h.I.selectList - ==>  Preparing: SELECT id,session_id,questionnaire_id,questionnaire_title,user_id,conversation_id,current_question_index,total_questions,answers,current_score,completed,collection_mode,degradation_level,raw_inputs,safety_flags,context_summary,provenance,consecutive_failures,created_at,last_active_at,updated_at,deleted FROM interview_sessions WHERE deleted=0 AND (session_id = ?)
2026-07-08 20:39:51 [ForkJoinPool.commonPool-worker-1] DEBUG c.s.s.his.impl.InterviewEngineImpl - 会话已保存到Redis: sessionId=bec5eec99cc6
2026-07-08 20:39:51 [ForkJoinPool.commonPool-worker-8] DEBUG c.s.m.h.I.selectList - ==> Parameters: bec5eec99cc6(String)
2026-07-08 20:39:51 [ForkJoinPool.commonPool-worker-7] DEBUG c.s.m.h.I.selectList - ==> Parameters: bec5eec99cc6(String)
2026-07-08 20:39:51 [ForkJoinPool.commonPool-worker-5] DEBUG c.s.m.h.I.selectList - ==>  Preparing: SELECT id,session_id,questionnaire_id,questionnaire_title,user_id,conversation_id,current_question_index,total_questions,answers,current_score,completed,collection_mode,degradation_level,raw_inputs,safety_flags,context_summary,provenance,consecutive_failures,created_at,last_active_at,updated_at,deleted FROM interview_sessions WHERE deleted=0 AND (session_id = ?)
2026-07-08 20:39:51 [ForkJoinPool.commonPool-worker-5] DEBUG c.s.m.h.I.selectList - ==> Parameters: bec5eec99cc6(String)
2026-07-08 20:39:51 [ForkJoinPool.commonPool-worker-8] DEBUG c.s.m.h.I.selectList - <==      Total: 1
2026-07-08 20:39:51 [ForkJoinPool.commonPool-worker-8] DEBUG c.s.m.h.I.insert - ==>  Preparing: INSERT INTO interview_messages ( id, conversation_id, session_id, message_type, sequence_num, questionnaire_id, questionnaire_title, message_data, created_at, updated_at ) VALUES ( ?, ?, ?, ?, ?, ?, ?, ?, ?, ? )
2026-07-08 20:39:51 [ForkJoinPool.commonPool-worker-8] DEBUG c.s.m.h.I.insert - ==> Parameters: 2074835856407490562(Long), 2074834669297823745(Long), bec5eec99cc6(String), question(String), 13(Integer), ISI(String), ISI 失眠严重指数量表(String), {"linkId":"/q4","text":"对当前睡眠模式的满意程度","currentIndex":3,"totalQuestions":7,"progress":"4/7","options":[{"code":"ISI-0","display":"非常满意","score":0},{"code":"ISI-1","display":"满意","score":1},{"code":"ISI-2","display":"一般","score":2},{"code":"ISI-3","display":"不满意","score":3},{"code":"ISI-4","display":"非常不满意","score":4}],"sessionId":"bec5eec99cc6"}(String), 2026-07-08T20:39:51.418874500(LocalDateTime), 2026-07-08T20:39:51.418874500(LocalDateTime)
2026-07-08 20:39:51 [ForkJoinPool.commonPool-worker-5] DEBUG c.s.m.h.I.selectList - <==      Total: 1
2026-07-08 20:39:51 [ForkJoinPool.commonPool-worker-7] DEBUG c.s.m.h.I.selectList - <==      Total: 1
2026-07-08 20:39:51 [ForkJoinPool.commonPool-worker-5] DEBUG c.s.m.h.I.updateById - ==>  Preparing: UPDATE interview_sessions SET session_id=?, questionnaire_id=?, questionnaire_title=?, conversation_id=?, current_question_index=?, total_questions=?, answers=?, current_score=?, completed=?, collection_mode=?, degradation_level=?, raw_inputs=?, safety_flags=?, context_summary=?, provenance=?, consecutive_failures=?, created_at=?, last_active_at=?, updated_at=? WHERE id=? AND deleted=0
2026-07-08 20:39:51 [ForkJoinPool.commonPool-worker-7] DEBUG c.s.m.h.I.updateById - ==>  Preparing: UPDATE interview_sessions SET session_id=?, questionnaire_id=?, questionnaire_title=?, conversation_id=?, current_question_index=?, total_questions=?, answers=?, current_score=?, completed=?, collection_mode=?, degradation_level=?, raw_inputs=?, safety_flags=?, context_summary=?, provenance=?, consecutive_failures=?, created_at=?, last_active_at=?, updated_at=? WHERE id=? AND deleted=0
2026-07-08 20:39:51 [ForkJoinPool.commonPool-worker-5] DEBUG c.s.m.h.I.updateById - ==> Parameters: bec5eec99cc6(String), ISI(String), ISI 失眠严重指数量表(String), 2074834669297823745(Long), 3(Integer), 7(Integer), {"/q1":"ISI-3","/q2":"ISI-1","/q3":"ISI-3"}(String), 7(Integer), 0(Integer), llm_driven(String), llm(String), {}(String), [](String), 用户描述每天躺两三个小时才能入睡，表明入睡困难程度较重；用户表示半夜醒一次，属于偶发性觉醒，未提及其难以再次入睡或醒后长时间清醒，符合轻度维持睡眠困难；用户表示‘平时早1小时以上’，即比预期起床时间提前超过1小时，符合ISI中‘重度早醒’的定义（早醒≥1小时）；(String), {"/q1":{"source":"llm","confidence":0.95},"/q2":{"source":"llm","confidence":0.9},"/q3":{"source":"llm","confidence":0.95}}(String), 0(Integer), 2026-07-08T20:35:59.756031100(LocalDateTime), 2026-07-08T20:39:51.349052(LocalDateTime), 2026-07-08T20:39:51.427881500(LocalDateTime), 2074834884939575298(Long)
2026-07-08 20:39:51 [ForkJoinPool.commonPool-worker-7] DEBUG c.s.m.h.I.updateById - ==> Parameters: bec5eec99cc6(String), ISI(String), ISI 失眠严重指数量表(String), 2074834669297823745(Long), 3(Integer), 7(Integer), {"/q1":"ISI-3","/q2":"ISI-1","/q3":"ISI-3"}(String), 7(Integer), 0(Integer), llm_driven(String), llm(String), {}(String), [](String), 用户描述每天躺两三个小时才能入睡，表明入睡困难程度较重；用户表示半夜醒一次，属于偶发性觉醒，未提及其难以再次入睡或醒后长时间清醒，符合轻度维持睡眠困难；用户表示‘平时早1小时以上’，即比预期起床时间提前超过1小时，符合ISI中‘重度早醒’的定义（早醒≥1小时）；(String), {"/q1":{"source":"llm","confidence":0.95},"/q2":{"source":"llm","confidence":0.9},"/q3":{"source":"llm","confidence":0.95}}(String), 0(Integer), 2026-07-08T20:35:59.756031100(LocalDateTime), 2026-07-08T20:39:51.349052(LocalDateTime), 2026-07-08T20:39:51.427881500(LocalDateTime), 2074834884939575298(Long)
2026-07-08 20:39:51 [ForkJoinPool.commonPool-worker-8] DEBUG c.s.m.h.I.insert - <==    Updates: 1
2026-07-08 20:39:51 [ForkJoinPool.commonPool-worker-8] DEBUG c.s.s.h.i.InterviewPersistenceServiceImpl - MySQL保存访谈消息: sessionId=bec5eec99cc6, type=question, seq=13
2026-07-08 20:39:51 [ForkJoinPool.commonPool-worker-5] DEBUG c.s.m.h.I.updateById - <==    Updates: 1
2026-07-08 20:39:51 [ForkJoinPool.commonPool-worker-5] DEBUG c.s.s.h.i.InterviewPersistenceServiceImpl - MySQL更新会话: sessionId=bec5eec99cc6
2026-07-08 20:39:51 [ForkJoinPool.commonPool-worker-7] DEBUG c.s.m.h.I.updateById - <==    Updates: 1
2026-07-08 20:39:51 [ForkJoinPool.commonPool-worker-7] DEBUG c.s.s.h.i.InterviewPersistenceServiceImpl - MySQL更新会话: sessionId=bec5eec99cc6
2026-07-08 20:39:59 [http-nio-8080-exec-3] DEBUG c.s.filter.JwtAuthenticationFilter - 请求进入过滤器: method=GET, uri=/api/messages/by-conversation/2074835235176542209, query=null
2026-07-08 20:39:59 [http-nio-8080-exec-3] DEBUG c.s.m.M.selectList_mpCount - ==>  Preparing: SELECT COUNT(*) AS total FROM messages WHERE deleted = 0 AND (conversation_id = ?)
2026-07-08 20:39:59 [http-nio-8080-exec-3] DEBUG c.s.m.M.selectList_mpCount - ==> Parameters: 2074835235176542209(Long)
2026-07-08 20:39:59 [http-nio-8080-exec-3] DEBUG c.s.m.M.selectList_mpCount - <==      Total: 1
2026-07-08 20:39:59 [http-nio-8080-exec-4] DEBUG c.s.filter.JwtAuthenticationFilter - 请求进入过滤器: method=GET, uri=/api/his/interview/by-conversation/2074835235176542209, query=null
2026-07-08 20:39:59 [http-nio-8080-exec-4] DEBUG c.s.m.h.I.selectList - ==>  Preparing: SELECT id,session_id,questionnaire_id,questionnaire_title,user_id,conversation_id,current_question_index,total_questions,answers,current_score,completed,collection_mode,degradation_level,raw_inputs,safety_flags,context_summary,provenance,consecutive_failures,created_at,last_active_at,updated_at,deleted FROM interview_sessions WHERE deleted=0 AND (conversation_id = ?) ORDER BY created_at DESC
2026-07-08 20:39:59 [http-nio-8080-exec-4] DEBUG c.s.m.h.I.selectList - ==> Parameters: 2074835235176542209(Long)
2026-07-08 20:39:59 [http-nio-8080-exec-4] DEBUG c.s.m.h.I.selectList - <==      Total: 0
2026-07-08 20:40:00 [http-nio-8080-exec-5] DEBUG c.s.filter.JwtAuthenticationFilter - 请求进入过滤器: method=GET, uri=/api/messages/by-conversation/2074834669297823745, query=null
2026-07-08 20:40:00 [http-nio-8080-exec-5] DEBUG c.s.m.M.selectList_mpCount - ==>  Preparing: SELECT COUNT(*) AS total FROM messages WHERE deleted = 0 AND (conversation_id = ?)
2026-07-08 20:40:00 [http-nio-8080-exec-5] DEBUG c.s.m.M.selectList_mpCount - ==> Parameters: 2074834669297823745(Long)
2026-07-08 20:40:00 [http-nio-8080-exec-5] DEBUG c.s.m.M.selectList_mpCount - <==      Total: 1
2026-07-08 20:40:00 [http-nio-8080-exec-5] DEBUG c.s.mapper.MessageMapper.selectList - ==>  Preparing: SELECT id,conversation_id,role,content,source_references,created_at,updated_at,deleted FROM messages WHERE deleted=0 AND (conversation_id = ?) ORDER BY created_at ASC LIMIT ?
2026-07-08 20:40:00 [http-nio-8080-exec-5] DEBUG c.s.mapper.MessageMapper.selectList - ==> Parameters: 2074834669297823745(Long), 10(Long)
2026-07-08 20:40:00 [http-nio-8080-exec-5] DEBUG c.s.mapper.MessageMapper.selectList - <==      Total: 1
2026-07-08 20:40:00 [http-nio-8080-exec-6] DEBUG c.s.filter.JwtAuthenticationFilter - 请求进入过滤器: method=GET, uri=/api/his/interview/by-conversation/2074834669297823745, query=null
2026-07-08 20:40:00 [http-nio-8080-exec-6] DEBUG c.s.m.h.I.selectList - ==>  Preparing: SELECT id,session_id,questionnaire_id,questionnaire_title,user_id,conversation_id,current_question_index,total_questions,answers,current_score,completed,collection_mode,degradation_level,raw_inputs,safety_flags,context_summary,provenance,consecutive_failures,created_at,last_active_at,updated_at,deleted FROM interview_sessions WHERE deleted=0 AND (conversation_id = ?) ORDER BY created_at DESC
2026-07-08 20:40:00 [http-nio-8080-exec-6] DEBUG c.s.m.h.I.selectList - ==> Parameters: 2074834669297823745(Long)
2026-07-08 20:40:00 [http-nio-8080-exec-6] DEBUG c.s.m.h.I.selectList - <==      Total: 1
2026-07-08 20:40:00 [http-nio-8080-exec-6] DEBUG c.s.m.h.A.selectList - ==>  Preparing: SELECT id,analysis_id,session_id,questionnaire_id,questionnaire_title,user_id,conversation_id,total_score,max_score,severity,interpretation,summary,risk_assessment,detail_analysis,recommendations,follow_up,disclaimer,latency_ms,raw_llm_response,created_at,updated_at,deleted FROM analysis_reports WHERE deleted=0 AND (session_id = ?) ORDER BY created_at DESC LIMIT 1
2026-07-08 20:40:00 [http-nio-8080-exec-6] DEBUG c.s.m.h.A.selectList - ==> Parameters: bec5eec99cc6(String)
2026-07-08 20:40:00 [http-nio-8080-exec-6] DEBUG c.s.m.h.A.selectList - <==      Total: 0
2026-07-08 20:40:00 [http-nio-8080-exec-8] DEBUG c.s.filter.JwtAuthenticationFilter - 请求进入过滤器: method=GET, uri=/api/his/interview/bec5eec99cc6/messages, query=null
2026-07-08 20:40:00 [http-nio-8080-exec-8] DEBUG c.s.m.h.I.selectList - ==>  Preparing: SELECT id,conversation_id,session_id,user_id,message_type,sequence_num,questionnaire_id,questionnaire_title,message_data,created_at,updated_at,deleted FROM interview_messages WHERE deleted=0 AND (session_id = ?) ORDER BY sequence_num ASC
2026-07-08 20:40:00 [http-nio-8080-exec-8] DEBUG c.s.m.h.I.selectList - ==> Parameters: bec5eec99cc6(String)
2026-07-08 20:40:00 [http-nio-8080-exec-8] DEBUG c.s.m.h.I.selectList - <==      Total: 13
2026-07-08 21:01:47 [HikariPool-1 housekeeper] WARN  com.zaxxer.hikari.pool.HikariPool - HikariPool-1 - Thread starvation or clock leap detected (housekeeper delta=7m29s233ms763µs800ns).
2026-07-08 21:20:29 [SpringApplicationShutdownHook] DEBUG o.s.b.a.ApplicationAvailabilityBean - Application availability state ReadinessState changed from ACCEPTING_TRAFFIC to REFUSING_TRAFFIC
2026-07-08 21:20:29 [SpringApplicationShutdownHook] DEBUG o.s.b.w.s.c.AnnotationConfigServletWebServerApplicationContext - Closing org.springframework.boot.web.servlet.context.AnnotationConfigServletWebServerApplicationContext@6ab72419, started on Wed Jul 08 20:34:14 CST 2026
2026-07-08 21:20:29 [SpringApplicationShutdownHook] DEBUG c.s.service.rag.impl.LlmServiceImpl - OkHttpClient连接池已关闭
2026-07-08 21:20:29 [SpringApplicationShutdownHook] DEBUG c.s.service.rag.impl.LlmServiceImpl - 异步线程池已关闭
2026-07-08 21:20:29 [SpringApplicationShutdownHook] INFO  com.zaxxer.hikari.HikariDataSource - HikariPool-1 - Shutdown initiated...
2026-07-08 21:20:29 [SpringApplicationShutdownHook] INFO  com.zaxxer.hikari.HikariDataSource - HikariPool-1 - Shutdown completed.
2026-07-08 21:20:39 [main] INFO  com.student.ImkqasApplication - Starting ImkqasApplication using Java 21.0.4 with PID 29148 (D:\Java\代码\IMKQAS\target\classes started by 冯芊肉 in D:\Java\代码\IMKQAS)
2026-07-08 21:20:39 [main] DEBUG com.student.ImkqasApplication - Running with Spring Boot v3.2.5, Spring v6.1.6
2026-07-08 21:20:39 [main] INFO  com.student.ImkqasApplication - No active profile set, falling back to 1 default profile: "default"
2026-07-08 21:20:39 [main] DEBUG o.s.boot.SpringApplication - Loading source class com.student.ImkqasApplication
2026-07-08 21:20:39 [main] DEBUG o.s.b.w.s.c.AnnotationConfigServletWebServerApplicationContext - Refreshing org.springframework.boot.web.servlet.context.AnnotationConfigServletWebServerApplicationContext@6ab72419
2026-07-08 21:20:41 [main] INFO  o.s.d.r.c.RepositoryConfigurationDelegate - Multiple Spring Data modules found, entering strict repository configuration mode
2026-07-08 21:20:41 [main] INFO  o.s.d.r.c.RepositoryConfigurationDelegate - Bootstrapping Spring Data Redis repositories in DEFAULT mode.
2026-07-08 21:20:41 [main] DEBUG o.s.b.a.AutoConfigurationPackages - @EnableAutoConfiguration was declared on a class in the package 'com.student'. Automatic @Repository and @Entity scanning is enabled.
2026-07-08 21:20:41 [main] INFO  o.s.d.r.c.RepositoryConfigurationDelegate - Finished Spring Data repository scanning in 72 ms. Found 0 Redis repository interfaces.
2026-07-08 21:20:43 [main] DEBUG o.s.b.w.e.t.TomcatServletWebServerFactory - Code archive: C:\Users\冯芊肉\.m2\repository\org\springframework\boot\spring-boot\3.2.5\spring-boot-3.2.5.jar
2026-07-08 21:20:43 [main] DEBUG o.s.b.w.e.t.TomcatServletWebServerFactory - Code archive: C:\Users\冯芊肉\.m2\repository\org\springframework\boot\spring-boot\3.2.5\spring-boot-3.2.5.jar
2026-07-08 21:20:43 [main] DEBUG o.s.b.w.e.t.TomcatServletWebServerFactory - None of the document roots [src/main/webapp, public, static] point to a directory and will be ignored.
2026-07-08 21:20:43 [main] INFO  o.s.b.w.e.tomcat.TomcatWebServer - Tomcat initialized with port 8080 (http)
2026-07-08 21:20:43 [main] INFO  o.a.catalina.core.StandardService - Starting service [Tomcat]
2026-07-08 21:20:43 [main] INFO  o.a.catalina.core.StandardEngine - Starting Servlet engine: [Apache Tomcat/10.1.20]
2026-07-08 21:20:43 [main] INFO  o.a.c.c.C.[Tomcat].[localhost].[/] - Initializing Spring embedded WebApplicationContext
2026-07-08 21:20:43 [main] DEBUG o.s.b.w.s.c.ServletWebServerApplicationContext - Published root WebApplicationContext as ServletContext attribute with name [org.springframework.web.context.WebApplicationContext.ROOT]
2026-07-08 21:20:43 [main] INFO  o.s.b.w.s.c.ServletWebServerApplicationContext - Root WebApplicationContext: initialization completed in 3509 ms
2026-07-08 21:20:43 [main] INFO  com.zaxxer.hikari.HikariDataSource - HikariPool-1 - Starting...
2026-07-08 21:20:44 [main] INFO  com.zaxxer.hikari.pool.HikariPool - HikariPool-1 - Added connection com.mysql.cj.jdbc.ConnectionImpl@6bf0f70a
2026-07-08 21:20:44 [main] INFO  com.zaxxer.hikari.HikariDataSource - HikariPool-1 - Start completed.
2026-07-08 21:20:44 [main] INFO  o.f.c.i.license.VersionPrinter - Flyway Community Edition 9.22.3 by Redgate
2026-07-08 21:20:44 [main] INFO  o.f.c.i.license.VersionPrinter - See release notes here: https://rd.gt/416ObMi
2026-07-08 21:20:44 [main] INFO  o.f.c.i.license.VersionPrinter - 
2026-07-08 21:20:44 [main] INFO  org.flywaydb.core.FlywayExecutor - Database: jdbc:mysql://8.138.40.200:3306/imkqas (MySQL 8.0)
2026-07-08 21:20:45 [main] INFO  o.f.core.internal.command.DbValidate - Successfully validated 9 migrations (execution time 00:00.843s)
2026-07-08 21:20:46 [main] INFO  o.f.core.internal.command.DbMigrate - Current version of schema `imkqas`: 8
2026-07-08 21:20:46 [main] INFO  o.f.core.internal.command.DbMigrate - Schema `imkqas` is up to date. No migration necessary.
2026-07-08 21:20:46 [main] DEBUG o.s.b.w.s.ServletContextInitializerBeans - Mapping filters: springSecurityFilterChain urls=[/*] order=-100, characterEncodingFilter urls=[/*] order=-2147483648, formContentFilter urls=[/*] order=-9900, requestContextFilter urls=[/*] order=-105, jwtAuthenticationFilter urls=[/*] order=2147483647
2026-07-08 21:20:46 [main] DEBUG o.s.b.w.s.ServletContextInitializerBeans - Mapping servlets: dispatcherServlet urls=[/]
2026-07-08 21:20:46 [main] DEBUG o.s.b.w.s.f.OrderedRequestContextFilter - Filter 'requestContextFilter' configured for use
2026-07-08 21:20:46 [main] DEBUG c.s.filter.JwtAuthenticationFilter - Filter 'jwtAuthenticationFilter' configured for use
2026-07-08 21:20:46 [main] DEBUG o.s.b.w.s.f.OrderedCharacterEncodingFilter - Filter 'characterEncodingFilter' configured for use
2026-07-08 21:20:46 [main] DEBUG o.s.b.w.s.DelegatingFilterProxyRegistrationBean$1 - Filter 'springSecurityFilterChain' configured for use
2026-07-08 21:20:46 [main] DEBUG o.s.b.w.s.f.OrderedFormContentFilter - Filter 'formContentFilter' configured for use
2026-07-08 21:20:46 [main] INFO  com.student.config.EvaluationConfig - 评估系统配置初始化完成
2026-07-08 21:20:46 [main] INFO  com.student.config.EvaluationConfig - 离线评估: 并发数=4, LLM评判=启用
2026-07-08 21:20:46 [main] INFO  com.student.config.EvaluationConfig - 在线监控: 采集间隔=60s, 保留=30天, 慢查询阈值=5000ms
2026-07-08 21:20:46 [main] INFO  com.student.config.EvaluationConfig - 报告: 输出目录=./evaluation-reports, 格式=BOTH
2026-07-08 21:20:47 [main] INFO  com.student.utils.EnvUtil - .env文件加载成功: D:\Java\代码\IMKQAS\.env (12个变量)
2026-07-08 21:20:47 [main] DEBUG com.student.utils.EnvUtil - 从.env文件读取环境变量: DASHSCOPE_API_KEY=sk-w****XX_w
2026-07-08 21:20:47 [main] DEBUG com.student.utils.EnvUtil - 环境变量未找到: BAILIAN_API_KEY, 使用默认值: null
2026-07-08 21:20:47 [main] DEBUG com.student.utils.EnvUtil - 环境变量未找到: IMKQAS_RAG_LLM_API_KEY, 使用默认值: null
2026-07-08 21:20:47 [main] DEBUG com.student.utils.EnvUtil - 环境变量未找到: IMKQAS_RAG_LLM_BASE_URL, 使用默认值: null
2026-07-08 21:20:47 [main] DEBUG com.student.utils.EnvUtil - 环境变量未找到: IMKQAS_RAG_EMBEDDING_API_KEY, 使用默认值: null
2026-07-08 21:20:47 [main] DEBUG com.student.utils.EnvUtil - 环境变量未找到: IMKQAS_RAG_EMBEDDING_API_ENDPOINT, 使用默认值: null
2026-07-08 21:20:47 [main] DEBUG com.student.utils.EnvUtil - 环境变量未找到: IMKQAS_RAG_RERANKER_API_KEY, 使用默认值: null
2026-07-08 21:20:47 [main] DEBUG com.student.utils.EnvUtil - 环境变量未找到: IMKQAS_RAG_RERANKER_API_ENDPOINT, 使用默认值: null
2026-07-08 21:20:47 [main] INFO  com.student.config.RagConfig - RAG配置初始化完成 (API密钥来源: .env DASHSCOPE_API_KEY)
2026-07-08 21:20:47 [main] INFO  com.student.config.RagConfig - 重排序模型: gte-rerank-v2, 部署方式: api
2026-07-08 21:20:47 [main] INFO  com.student.config.RagConfig - 检索模式: HYBRID, 权重[向量: 0.6, 关键词: 0.4]
2026-07-08 21:20:47 [main] INFO  com.student.config.RagConfig - 嵌入模型: text-embedding-v3, 维度: 1024
2026-07-08 21:20:47 [main] INFO  com.student.config.RagConfig - LLM模型: qwen-plus, 温度: 0.1, 最大token: 2000
2026-07-08 21:20:47 [main] INFO  com.student.config.RagConfig - 质量过滤: 最小片段长度=20, 黑名单域名数=6, 矛盾检测=启用, 禁忌规则检测=启用
2026-07-08 21:20:47 [main] INFO  com.student.config.RagConfig - 多因子重排序: 权威权重=0.4, 时效权重=0.2, 语义权重=0.4
2026-07-08 21:20:47 [main] INFO  com.student.config.RagConfig - 语义缓存链: 启用=true, TTL=7200s, 版本=1
2026-07-08 21:20:47 [main] INFO  com.student.config.RagConfig - MinerU PDF转换: 启用=true, API端点=https://mineru.net/api/v1/agent/parse/file, 超时=300s
2026-07-08 21:20:47 [main] INFO  com.student.config.MilvusConfig - 初始化Milvus客户端: host=8.138.40.200, port=19530, collection=medical_documents
2026-07-08 21:20:48 [main] INFO  com.student.config.MilvusConfig - Milvus版本: 2.6.14
2026-07-08 21:20:48 [main] INFO  com.student.config.MilvusConfig - Milvus连接测试成功
2026-07-08 21:20:48 [main] INFO  com.student.config.MilvusConfig - Milvus集合已存在: medical_documents
2026-07-08 21:20:48 [main] INFO  com.student.config.MinioConfig - 初始化MinIO客户端: endpoint=http://8.138.40.200:9000, bucket=imkqas
2026-07-08 21:20:49 [main] INFO  com.student.config.MinioConfig - MinIO连接测试成功
2026-07-08 21:20:49 [main] DEBUG com.student.config.MinioConfig - 存储桶 imkqas 已存在
2026-07-08 21:20:50 [main] INFO  c.s.s.r.i.KeywordRetrievalServiceImpl - 医学术语同义词词典初始化完成，共加载 11 个术语
2026-07-08 21:20:50 [main] INFO  o.a.l.s.MemorySegmentIndexInputProvider - Using MemorySegmentIndexInput with Java 21 or later; to disable start with -Dorg.apache.lucene.store.MMapDirectory.enableMemorySegments=false
2026-07-08 21:20:50 [main] INFO  c.s.s.r.i.KeywordRetrievalServiceImpl - 关键词检索服务初始化完成，索引路径: lucene-index
2026-07-08 21:20:50 [main] INFO  c.s.s.rag.impl.RrfFusionServiceImpl - RRF融合服务初始化完成，rrfK=60
2026-07-08 21:20:50 [main] INFO  ca.uhn.fhir.util.VersionUtil - HAPI FHIR version 7.4.0 - Rev 71e9af61cf
2026-07-08 21:20:50 [main] INFO  ca.uhn.fhir.context.FhirContext - Creating new FHIR context for FHIR version [R4]
2026-07-08 21:20:50 [main] INFO  c.s.s.s.config.SnomedFallbackMapper - SNOMED CT本地降级映射表初始化完成: 口语词=45, 医学术语=27, 症状=17, 疾病=9
2026-07-08 21:20:50 [main] WARN  c.s.s.r.i.MedicalEntityRecognitionServiceImpl - THUOCL词库文件不存在: /data/dict/thuocl_medical.txt，使用内置词库
2026-07-08 21:20:50 [main] INFO  c.s.s.r.i.MedicalEntityRecognitionServiceImpl - 内置医学词库加载完成: 条目数=84
2026-07-08 21:20:50 [main] INFO  c.s.s.r.i.MedicalEntityRecognitionServiceImpl - 医学实体识别服务初始化完成: 词库条目数=84
2026-07-08 21:20:51 [main] DEBUG c.s.m.M.findAllApproved - ==>  Preparing: SELECT * FROM medical_synonym_mapping WHERE status = 'APPROVED' AND deleted = 0
2026-07-08 21:20:51 [main] DEBUG c.s.m.M.findAllApproved - ==> Parameters: 
2026-07-08 21:20:51 [main] DEBUG c.s.m.M.findAllApproved - <==      Total: 71
2026-07-08 21:20:51 [main] DEBUG c.s.s.r.i.SynonymExpansionServiceImpl - 本地映射缓存刷新完成: 条目数=71
2026-07-08 21:20:51 [main] INFO  c.s.s.r.i.SynonymExpansionServiceImpl - 同义词扩展服务初始化完成: 本地映射缓存条目数=71
2026-07-08 21:20:51 [main] WARN  c.s.s.r.i.QueryRewriteServiceImplRefactored - THUOCL词库文件不存在: /data/dict/thuocl_medical.txt，使用内置医学术语
2026-07-08 21:20:51 [main] INFO  c.s.s.r.i.QueryRewriteServiceImplRefactored - 查询改写服务初始化完成：医学术语数=58, 同义词数=10, 停用词数=45
2026-07-08 21:20:51 [main] INFO  c.s.service.rag.impl.LlmServiceImpl - LLM服务初始化完成：模型=qwen-plus, 本地缓存大小=10000, 线程池核心=10最大=50
2026-07-08 21:20:51 [main] INFO  c.s.s.r.i.CrossEncoderRerankServiceImpl - 交叉编码器重排序服务初始化完成，模型: gte-rerank-v2, API端点: https://dashscope.aliyuncs.com/api/v1/services/rerank/text-rerank/text-rerank, topK: 10, 完整URL长度: 77
2026-07-08 21:20:51 [main] DEBUG c.s.s.r.i.CrossEncoderRerankServiceImpl - API端点完整URL: https://dashscope.aliyuncs.com/api/v1/services/rerank/text-rerank/text-rerank
2026-07-08 21:20:52 [main] DEBUG com.student.service.RedisService - 获取缓存: key=sem:version:knowledge, value=null
2026-07-08 21:20:52 [main] INFO  c.s.s.r.i.SemanticCacheServiceImpl - 语义缓存链初始化完成: 版本=1, TTL=7200s, 锁TTL=30s
2026-07-08 21:20:52 [main] DEBUG c.s.m.D.selectActive - ==>  Preparing: SELECT * FROM drug_population_contraindication WHERE deleted = 0 AND is_active = 1
2026-07-08 21:20:52 [main] DEBUG c.s.m.D.selectActive - ==> Parameters: 
2026-07-08 21:20:52 [main] DEBUG c.s.m.D.selectActive - <==      Total: 28
2026-07-08 21:20:52 [main] DEBUG c.s.mapper.DrugMapper.selectList - ==>  Preparing: SELECT id,generic_name,brand_name,english_name,drug_class,dosage_form,specification,manufacturer,indications,contraindications,adverse_reactions,dosage,precautions,storage,approval_number,has_interactions,created_at,updated_at,deleted FROM drugs WHERE deleted=0 AND (deleted = ?)
2026-07-08 21:20:52 [main] DEBUG c.s.mapper.DrugMapper.selectList - ==> Parameters: 0(Integer)
2026-07-08 21:20:52 [main] DEBUG c.s.mapper.DrugMapper.selectList - <==      Total: 3
2026-07-08 21:20:52 [main] DEBUG c.s.m.DrugAliasMapper.selectList - ==>  Preparing: SELECT id,drug_id,alias_type,alias_name,created_at,updated_at,deleted FROM drug_aliases WHERE deleted=0 AND (deleted = ?)
2026-07-08 21:20:52 [main] DEBUG c.s.m.DrugAliasMapper.selectList - ==> Parameters: 0(Integer)
2026-07-08 21:20:53 [main] DEBUG c.s.m.DrugAliasMapper.selectList - <==      Total: 9
2026-07-08 21:20:53 [main] DEBUG c.s.mapper.DrugMapper.selectById - ==>  Preparing: SELECT id,generic_name,brand_name,english_name,drug_class,dosage_form,specification,manufacturer,indications,contraindications,adverse_reactions,dosage,precautions,storage,approval_number,has_interactions,created_at,updated_at,deleted FROM drugs WHERE id=? AND deleted=0
2026-07-08 21:20:53 [main] DEBUG c.s.mapper.DrugMapper.selectById - ==> Parameters: 1(Long)
2026-07-08 21:20:53 [main] DEBUG c.s.mapper.DrugMapper.selectById - <==      Total: 1
2026-07-08 21:20:53 [main] DEBUG c.s.mapper.DrugMapper.selectById - ==>  Preparing: SELECT id,generic_name,brand_name,english_name,drug_class,dosage_form,specification,manufacturer,indications,contraindications,adverse_reactions,dosage,precautions,storage,approval_number,has_interactions,created_at,updated_at,deleted FROM drugs WHERE id=? AND deleted=0
2026-07-08 21:20:53 [main] DEBUG c.s.mapper.DrugMapper.selectById - ==> Parameters: 1(Long)
2026-07-08 21:20:53 [main] DEBUG c.s.mapper.DrugMapper.selectById - <==      Total: 1
2026-07-08 21:20:53 [main] DEBUG c.s.mapper.DrugMapper.selectById - ==>  Preparing: SELECT id,generic_name,brand_name,english_name,drug_class,dosage_form,specification,manufacturer,indications,contraindications,adverse_reactions,dosage,precautions,storage,approval_number,has_interactions,created_at,updated_at,deleted FROM drugs WHERE id=? AND deleted=0
2026-07-08 21:20:53 [main] DEBUG c.s.mapper.DrugMapper.selectById - ==> Parameters: 1(Long)
2026-07-08 21:20:53 [main] DEBUG c.s.mapper.DrugMapper.selectById - <==      Total: 1
2026-07-08 21:20:53 [main] DEBUG c.s.mapper.DrugMapper.selectById - ==>  Preparing: SELECT id,generic_name,brand_name,english_name,drug_class,dosage_form,specification,manufacturer,indications,contraindications,adverse_reactions,dosage,precautions,storage,approval_number,has_interactions,created_at,updated_at,deleted FROM drugs WHERE id=? AND deleted=0
2026-07-08 21:20:53 [main] DEBUG c.s.mapper.DrugMapper.selectById - ==> Parameters: 2(Long)
2026-07-08 21:20:53 [main] DEBUG c.s.mapper.DrugMapper.selectById - <==      Total: 1
2026-07-08 21:20:53 [main] DEBUG c.s.mapper.DrugMapper.selectById - ==>  Preparing: SELECT id,generic_name,brand_name,english_name,drug_class,dosage_form,specification,manufacturer,indications,contraindications,adverse_reactions,dosage,precautions,storage,approval_number,has_interactions,created_at,updated_at,deleted FROM drugs WHERE id=? AND deleted=0
2026-07-08 21:20:53 [main] DEBUG c.s.mapper.DrugMapper.selectById - ==> Parameters: 2(Long)
2026-07-08 21:20:53 [main] DEBUG c.s.mapper.DrugMapper.selectById - <==      Total: 1
2026-07-08 21:20:53 [main] DEBUG c.s.mapper.DrugMapper.selectById - ==>  Preparing: SELECT id,generic_name,brand_name,english_name,drug_class,dosage_form,specification,manufacturer,indications,contraindications,adverse_reactions,dosage,precautions,storage,approval_number,has_interactions,created_at,updated_at,deleted FROM drugs WHERE id=? AND deleted=0
2026-07-08 21:20:53 [main] DEBUG c.s.mapper.DrugMapper.selectById - ==> Parameters: 2(Long)
2026-07-08 21:20:53 [main] DEBUG c.s.mapper.DrugMapper.selectById - <==      Total: 1
2026-07-08 21:20:53 [main] DEBUG c.s.mapper.DrugMapper.selectById - ==>  Preparing: SELECT id,generic_name,brand_name,english_name,drug_class,dosage_form,specification,manufacturer,indications,contraindications,adverse_reactions,dosage,precautions,storage,approval_number,has_interactions,created_at,updated_at,deleted FROM drugs WHERE id=? AND deleted=0
2026-07-08 21:20:53 [main] DEBUG c.s.mapper.DrugMapper.selectById - ==> Parameters: 3(Long)
2026-07-08 21:20:53 [main] DEBUG c.s.mapper.DrugMapper.selectById - <==      Total: 1
2026-07-08 21:20:53 [main] DEBUG c.s.mapper.DrugMapper.selectById - ==>  Preparing: SELECT id,generic_name,brand_name,english_name,drug_class,dosage_form,specification,manufacturer,indications,contraindications,adverse_reactions,dosage,precautions,storage,approval_number,has_interactions,created_at,updated_at,deleted FROM drugs WHERE id=? AND deleted=0
2026-07-08 21:20:53 [main] DEBUG c.s.mapper.DrugMapper.selectById - ==> Parameters: 3(Long)
2026-07-08 21:20:53 [main] DEBUG c.s.mapper.DrugMapper.selectById - <==      Total: 1
2026-07-08 21:20:53 [main] DEBUG c.s.mapper.DrugMapper.selectById - ==>  Preparing: SELECT id,generic_name,brand_name,english_name,drug_class,dosage_form,specification,manufacturer,indications,contraindications,adverse_reactions,dosage,precautions,storage,approval_number,has_interactions,created_at,updated_at,deleted FROM drugs WHERE id=? AND deleted=0
2026-07-08 21:20:53 [main] DEBUG c.s.mapper.DrugMapper.selectById - ==> Parameters: 3(Long)
2026-07-08 21:20:53 [main] DEBUG c.s.mapper.DrugMapper.selectById - <==      Total: 1
2026-07-08 21:20:53 [main] DEBUG c.s.m.M.findAllApproved - ==>  Preparing: SELECT * FROM medical_synonym_mapping WHERE status = 'APPROVED' AND deleted = 0
2026-07-08 21:20:53 [main] DEBUG c.s.m.M.findAllApproved - ==> Parameters: 
2026-07-08 21:20:53 [main] DEBUG c.s.m.M.findAllApproved - <==      Total: 71
2026-07-08 21:20:53 [main] INFO  c.s.s.r.i.ContraindicationDetectionServiceImpl - 禁忌规则缓存已刷新: 规则数=28, 别名映射=12, 人群同义词=9
2026-07-08 21:20:53 [main] INFO  c.s.s.r.i.ContraindicationDetectionServiceImpl - 禁忌检测服务初始化完成: 规则缓存大小=28, 别名映射=12, 人群同义词=9
2026-07-08 21:20:53 [main] INFO  c.s.config.DepartmentKnowledgeConfig - 成功加载症状同义词配置，共21组同义词
2026-07-08 21:20:53 [main] INFO  c.s.s.triage.impl.SymptomNormalizer - 症状标准化器初始化完成，同义词组数: 21, 启用模糊匹配: true, 模糊匹配阈值: 0.7
2026-07-08 21:20:53 [main] INFO  c.s.config.DepartmentKnowledgeConfig - 成功加载科室知识库配置，共6个科室
2026-07-08 21:20:53 [main] INFO  c.s.s.triage.impl.SymptomNormalizer - 症状标准化器初始化完成，同义词组数: 0, 启用模糊匹配: false, 模糊匹配阈值: 0.0
2026-07-08 21:20:53 [main] INFO  c.s.s.t.config.TriageEngineConfig - 创建科室导诊线程池: coreSize=2, maxSize=4, queueCapacity=100
2026-07-08 21:20:53 [main] DEBUG com.student.service.RedisService - 获取缓存: key=sem:term:mapping-hash, value=null
2026-07-08 21:20:53 [main] DEBUG com.student.service.RedisService - 获取缓存: key=sem:term:mapping-version, value=null
2026-07-08 21:20:53 [main] INFO  c.s.s.r.impl.TermChangeListenerImpl - 术语变更监听器初始化完成: 初始Hash=791e4d48a5349686b84770fb7f13e754, 检查间隔=3600s
2026-07-08 21:20:54 [main] INFO  o.s.s.web.DefaultSecurityFilterChain - Will secure any request with [org.springframework.security.web.session.DisableEncodeUrlFilter@17a5cb99, org.springframework.security.web.context.request.async.WebAsyncManagerIntegrationFilter@808fa1, org.springframework.security.web.context.SecurityContextHolderFilter@162ccd19, org.springframework.security.web.header.HeaderWriterFilter@4a48fe63, org.springframework.web.filter.CorsFilter@5b52ce28, org.springframework.security.web.authentication.logout.LogoutFilter@28ec35e3, com.student.filter.JwtAuthenticationFilter@6eded11a, org.springframework.security.web.savedrequest.RequestCacheAwareFilter@5e83badc, org.springframework.security.web.servletapi.SecurityContextHolderAwareRequestFilter@53eb4dae, org.springframework.security.web.authentication.AnonymousAuthenticationFilter@5ec10ab1, org.springframework.security.web.session.SessionManagementFilter@1dad97ed, org.springframework.security.web.access.ExceptionTranslationFilter@6cde3dac, org.springframework.security.web.access.intercept.AuthorizationFilter@2a97b4b8]
2026-07-08 21:20:54 [main] INFO  c.s.s.t.config.TriageEngineConfig - 科室导诊引擎配置验证通过
2026-07-08 21:20:54 [main] INFO  c.s.s.t.config.TriageEngineConfig - 规则引擎阈值: 0.6
2026-07-08 21:20:54 [main] INFO  c.s.s.t.config.TriageEngineConfig - LLM超时时间: 3000ms
2026-07-08 21:20:54 [main] INFO  c.s.s.t.config.TriageEngineConfig - 规则引擎权重: 0.8, LLM权重: 0.2
2026-07-08 21:20:54 [main] INFO  c.s.s.t.config.TriageEngineConfig - 启用急诊检测: true
2026-07-08 21:20:54 [main] INFO  c.s.s.t.config.TriageEngineConfig - 启用统计收集: true
2026-07-08 21:20:54 [main] DEBUG o.s.b.a.SpringApplicationAdminMXBeanRegistrar$SpringApplicationAdmin - Application Admin MBean registered with name 'org.springframework.boot:type=Admin,name=SpringApplication'
2026-07-08 21:20:55 [main] INFO  o.s.b.w.e.tomcat.TomcatWebServer - Tomcat started on port 8080 (http) with context path ''
2026-07-08 21:20:55 [main] DEBUG o.s.b.a.l.ConditionEvaluationReportLogger - 


============================
CONDITIONS EVALUATION REPORT
============================


Positive matches:
-----------------

   AopAutoConfiguration matched:
      - @ConditionalOnProperty (spring.aop.auto=true) matched (OnPropertyCondition)

   AopAutoConfiguration.ClassProxyingConfiguration matched:
      - @ConditionalOnMissingClass did not find unwanted class 'org.aspectj.weaver.Advice' (OnClassCondition)
      - @ConditionalOnProperty (spring.aop.proxy-target-class=true) matched (OnPropertyCondition)

   ApplicationAvailabilityAutoConfiguration#applicationAvailability matched:
      - @ConditionalOnMissingBean (types: org.springframework.boot.availability.ApplicationAvailability; SearchStrategy: all) did not find any beans (OnBeanCondition)

   DataSourceAutoConfiguration matched:
      - @ConditionalOnClass found required classes 'javax.sql.DataSource', 'org.springframework.jdbc.datasource.embedded.EmbeddedDatabaseType' (OnClassCondition)
      - @ConditionalOnMissingBean (types: io.r2dbc.spi.ConnectionFactory; SearchStrategy: all) did not find any beans (OnBeanCondition)

   DataSourceAutoConfiguration.PooledDataSourceConfiguration matched:
      - AnyNestedCondition 1 matched 1 did not; NestedCondition on DataSourceAutoConfiguration.PooledDataSourceCondition.PooledDataSourceAvailable PooledDataSource found supported DataSource; NestedCondition on DataSourceAutoConfiguration.PooledDataSourceCondition.ExplicitType @ConditionalOnProperty (spring.datasource.type) did not find property 'type' (DataSourceAutoConfiguration.PooledDataSourceCondition)
      - @ConditionalOnMissingBean (types: javax.sql.DataSource,javax.sql.XADataSource; SearchStrategy: all) did not find any beans (OnBeanCondition)

   DataSourceAutoConfiguration.PooledDataSourceConfiguration#jdbcConnectionDetails matched:
      - @ConditionalOnMissingBean (types: org.springframework.boot.autoconfigure.jdbc.JdbcConnectionDetails; SearchStrategy: all) did not find any beans (OnBeanCondition)

   DataSourceConfiguration.Hikari matched:
      - @ConditionalOnClass found required class 'com.zaxxer.hikari.HikariDataSource' (OnClassCondition)
      - @ConditionalOnProperty (spring.datasource.type=com.zaxxer.hikari.HikariDataSource) matched (OnPropertyCondition)
      - @ConditionalOnMissingBean (types: javax.sql.DataSource; SearchStrategy: all) did not find any beans (OnBeanCondition)

   DataSourceInitializationConfiguration matched:
      - @ConditionalOnClass found required class 'org.springframework.jdbc.datasource.init.DatabasePopulator' (OnClassCondition)
      - @ConditionalOnSingleCandidate (types: javax.sql.DataSource; SearchStrategy: all) found a single bean 'dataSource'; @ConditionalOnMissingBean (types: org.springframework.boot.autoconfigure.sql.init.SqlDataSourceScriptDatabaseInitializer,org.springframework.boot.autoconfigure.sql.init.SqlR2dbcScriptDatabaseInitializer; SearchStrategy: all) did not find any beans (OnBeanCondition)

   DataSourceJmxConfiguration matched:
      - @ConditionalOnProperty (spring.jmx.enabled=true) matched (OnPropertyCondition)

   DataSourceJmxConfiguration.Hikari matched:
      - @ConditionalOnClass found required class 'com.zaxxer.hikari.HikariDataSource' (OnClassCondition)
      - @ConditionalOnSingleCandidate (types: javax.sql.DataSource; SearchStrategy: all) found a single bean 'dataSource' (OnBeanCondition)

   DataSourcePoolMetadataProvidersConfiguration.HikariPoolDataSourceMetadataProviderConfiguration matched:
      - @ConditionalOnClass found required class 'com.zaxxer.hikari.HikariDataSource' (OnClassCondition)

   DataSourceTransactionManagerAutoConfiguration matched:
      - @ConditionalOnClass found required classes 'org.springframework.jdbc.core.JdbcTemplate', 'org.springframework.transaction.TransactionManager' (OnClassCondition)

   DataSourceTransactionManagerAutoConfiguration.JdbcTransactionManagerConfiguration matched:
      - @ConditionalOnSingleCandidate (types: javax.sql.DataSource; SearchStrategy: all) found a single bean 'dataSource' (OnBeanCondition)

   DataSourceTransactionManagerAutoConfiguration.JdbcTransactionManagerConfiguration#transactionManager matched:
      - @ConditionalOnMissingBean (types: org.springframework.transaction.TransactionManager; SearchStrategy: all) did not find any beans (OnBeanCondition)

   DispatcherServletAutoConfiguration matched:
      - @ConditionalOnClass found required class 'org.springframework.web.servlet.DispatcherServlet' (OnClassCondition)
      - found 'session' scope (OnWebApplicationCondition)

   DispatcherServletAutoConfiguration.DispatcherServletConfiguration matched:
      - @ConditionalOnClass found required class 'jakarta.servlet.ServletRegistration' (OnClassCondition)
      - Default DispatcherServlet did not find dispatcher servlet beans (DispatcherServletAutoConfiguration.DefaultDispatcherServletCondition)

   DispatcherServletAutoConfiguration.DispatcherServletRegistrationConfiguration matched:
      - @ConditionalOnClass found required class 'jakarta.servlet.ServletRegistration' (OnClassCondition)
      - DispatcherServlet Registration did not find servlet registration bean (DispatcherServletAutoConfiguration.DispatcherServletRegistrationCondition)

   DispatcherServletAutoConfiguration.DispatcherServletRegistrationConfiguration#dispatcherServletRegistration matched:
      - @ConditionalOnBean (names: dispatcherServlet types: org.springframework.web.servlet.DispatcherServlet; SearchStrategy: all) found bean 'dispatcherServlet' (OnBeanCondition)

   EmbeddedWebServerFactoryCustomizerAutoConfiguration matched:
      - @ConditionalOnWebApplication (required) found 'session' scope (OnWebApplicationCondition)
      - @ConditionalOnWarDeployment the application is not deployed as a WAR file. (OnWarDeploymentCondition)

   EmbeddedWebServerFactoryCustomizerAutoConfiguration.NettyWebServerFactoryCustomizerConfiguration matched:
      - @ConditionalOnClass found required class 'reactor.netty.http.server.HttpServer' (OnClassCondition)

   EmbeddedWebServerFactoryCustomizerAutoConfiguration.TomcatWebServerFactoryCustomizerConfiguration matched:
      - @ConditionalOnClass found required classes 'org.apache.catalina.startup.Tomcat', 'org.apache.coyote.UpgradeProtocol' (OnClassCondition)

   ErrorMvcAutoConfiguration matched:
      - @ConditionalOnClass found required classes 'jakarta.servlet.Servlet', 'org.springframework.web.servlet.DispatcherServlet' (OnClassCondition)
      - found 'session' scope (OnWebApplicationCondition)

   ErrorMvcAutoConfiguration#basicErrorController matched:
      - @ConditionalOnMissingBean (types: org.springframework.boot.web.servlet.error.ErrorController; SearchStrategy: current) did not find any beans (OnBeanCondition)

   ErrorMvcAutoConfiguration#errorAttributes matched:
      - @ConditionalOnMissingBean (types: org.springframework.boot.web.servlet.error.ErrorAttributes; SearchStrategy: current) did not find any beans (OnBeanCondition)

   ErrorMvcAutoConfiguration.DefaultErrorViewResolverConfiguration#conventionErrorViewResolver matched:
      - @ConditionalOnBean (types: org.springframework.web.servlet.DispatcherServlet; SearchStrategy: all) found bean 'dispatcherServlet'; @ConditionalOnMissingBean (types: org.springframework.boot.autoconfigure.web.servlet.error.ErrorViewResolver; SearchStrategy: all) did not find any beans (OnBeanCondition)

   ErrorMvcAutoConfiguration.WhitelabelErrorViewConfiguration matched:
      - @ConditionalOnProperty (server.error.whitelabel.enabled) matched (OnPropertyCondition)
      - ErrorTemplate Missing did not find error template view (ErrorMvcAutoConfiguration.ErrorTemplateMissingCondition)

   ErrorMvcAutoConfiguration.WhitelabelErrorViewConfiguration#beanNameViewResolver matched:
      - @ConditionalOnMissingBean (types: org.springframework.web.servlet.view.BeanNameViewResolver; SearchStrategy: all) did not find any beans (OnBeanCondition)

   ErrorMvcAutoConfiguration.WhitelabelErrorViewConfiguration#defaultErrorView matched:
      - @ConditionalOnMissingBean (names: error; SearchStrategy: all) did not find any beans (OnBeanCondition)

   FlywayAutoConfiguration matched:
      - @ConditionalOnClass found required class 'org.flywaydb.core.Flyway' (OnClassCondition)
      - @ConditionalOnProperty (spring.flyway.enabled) matched (OnPropertyCondition)
      - AnyNestedCondition 2 matched 1 did not; NestedCondition on FlywayAutoConfiguration.FlywayDataSourceCondition.FlywayUrlCondition @ConditionalOnProperty (spring.flyway.url) did not find property 'url'; NestedCondition on FlywayAutoConfiguration.FlywayDataSourceCondition.JdbcConnectionDetailsCondition @ConditionalOnBean (types: org.springframework.boot.autoconfigure.jdbc.JdbcConnectionDetails; SearchStrategy: all) found bean 'jdbcConnectionDetails'; NestedCondition on FlywayAutoConfiguration.FlywayDataSourceCondition.DataSourceBeanCondition @ConditionalOnBean (types: javax.sql.DataSource; SearchStrategy: all) found bean 'dataSource' (FlywayAutoConfiguration.FlywayDataSourceCondition)

   FlywayAutoConfiguration.FlywayConfiguration matched:
      - @ConditionalOnClass found required class 'org.springframework.jdbc.support.JdbcUtils' (OnClassCondition)
      - @ConditionalOnMissingBean (types: org.flywaydb.core.Flyway; SearchStrategy: all) did not find any beans (OnBeanCondition)

   FlywayAutoConfiguration.FlywayConfiguration#flywayConnectionDetails matched:
      - @ConditionalOnMissingBean (types: org.springframework.boot.autoconfigure.flyway.FlywayConnectionDetails; SearchStrategy: all) did not find any beans (OnBeanCondition)

   FlywayAutoConfiguration.FlywayConfiguration#flywayInitializer matched:
      - @ConditionalOnMissingBean (types: org.springframework.boot.autoconfigure.flyway.FlywayMigrationInitializer; SearchStrategy: all) did not find any beans (OnBeanCondition)

   FlywayAutoConfiguration.FlywayConfiguration#postgresqlFlywayConfigurationCustomizer matched:
      - @ConditionalOnClass found required class 'org.flywaydb.core.internal.database.postgresql.PostgreSQLConfigurationExtension' (OnClassCondition)

   GsonAutoConfiguration matched:
      - @ConditionalOnClass found required class 'com.google.gson.Gson' (OnClassCondition)

   GsonAutoConfiguration#gson matched:
      - @ConditionalOnMissingBean (types: com.google.gson.Gson; SearchStrategy: all) did not find any beans (OnBeanCondition)

   GsonAutoConfiguration#gsonBuilder matched:
      - @ConditionalOnMissingBean (types: com.google.gson.GsonBuilder; SearchStrategy: all) did not find any beans (OnBeanCondition)

   GsonHttpMessageConvertersConfiguration matched:
      - @ConditionalOnClass found required class 'com.google.gson.Gson' (OnClassCondition)

   HttpEncodingAutoConfiguration matched:
      - @ConditionalOnClass found required class 'org.springframework.web.filter.CharacterEncodingFilter' (OnClassCondition)
      - found 'session' scope (OnWebApplicationCondition)
      - @ConditionalOnProperty (server.servlet.encoding.enabled) matched (OnPropertyCondition)

   HttpEncodingAutoConfiguration#characterEncodingFilter matched:
      - @ConditionalOnMissingBean (types: org.springframework.web.filter.CharacterEncodingFilter; SearchStrategy: all) did not find any beans (OnBeanCondition)

   HttpMessageConvertersAutoConfiguration matched:
      - @ConditionalOnClass found required class 'org.springframework.http.converter.HttpMessageConverter' (OnClassCondition)
      - NoneNestedConditions 0 matched 1 did not; NestedCondition on HttpMessageConvertersAutoConfiguration.NotReactiveWebApplicationCondition.ReactiveWebApplication did not find reactive web application classes (HttpMessageConvertersAutoConfiguration.NotReactiveWebApplicationCondition)

   HttpMessageConvertersAutoConfiguration#messageConverters matched:
      - @ConditionalOnMissingBean (types: org.springframework.boot.autoconfigure.http.HttpMessageConverters; SearchStrategy: all) did not find any beans (OnBeanCondition)

   HttpMessageConvertersAutoConfiguration.StringHttpMessageConverterConfiguration matched:
      - @ConditionalOnClass found required class 'org.springframework.http.converter.StringHttpMessageConverter' (OnClassCondition)

   HttpMessageConvertersAutoConfiguration.StringHttpMessageConverterConfiguration#stringHttpMessageConverter matched:
      - @ConditionalOnMissingBean (types: org.springframework.http.converter.StringHttpMessageConverter; SearchStrategy: all) did not find any beans (OnBeanCondition)

   JacksonAutoConfiguration matched:
      - @ConditionalOnClass found required class 'com.fasterxml.jackson.databind.ObjectMapper' (OnClassCondition)

   JacksonAutoConfiguration.Jackson2ObjectMapperBuilderCustomizerConfiguration matched:
      - @ConditionalOnClass found required class 'org.springframework.http.converter.json.Jackson2ObjectMapperBuilder' (OnClassCondition)

   JacksonAutoConfiguration.JacksonObjectMapperBuilderConfiguration matched:
      - @ConditionalOnClass found required class 'org.springframework.http.converter.json.Jackson2ObjectMapperBuilder' (OnClassCondition)

   JacksonAutoConfiguration.JacksonObjectMapperBuilderConfiguration#jacksonObjectMapperBuilder matched:
      - @ConditionalOnMissingBean (types: org.springframework.http.converter.json.Jackson2ObjectMapperBuilder; SearchStrategy: all) did not find any beans (OnBeanCondition)

   JacksonAutoConfiguration.JacksonObjectMapperConfiguration matched:
      - @ConditionalOnClass found required class 'org.springframework.http.converter.json.Jackson2ObjectMapperBuilder' (OnClassCondition)

   JacksonAutoConfiguration.JacksonObjectMapperConfiguration#jacksonObjectMapper matched:
      - @ConditionalOnMissingBean (types: com.fasterxml.jackson.databind.ObjectMapper; SearchStrategy: all) did not find any beans (OnBeanCondition)

   JacksonAutoConfiguration.ParameterNamesModuleConfiguration matched:
      - @ConditionalOnClass found required class 'com.fasterxml.jackson.module.paramnames.ParameterNamesModule' (OnClassCondition)

   JacksonAutoConfiguration.ParameterNamesModuleConfiguration#parameterNamesModule matched:
      - @ConditionalOnMissingBean (types: com.fasterxml.jackson.module.paramnames.ParameterNamesModule; SearchStrategy: all) did not find any beans (OnBeanCondition)

   JacksonHttpMessageConvertersConfiguration.MappingJackson2HttpMessageConverterConfiguration matched:
      - @ConditionalOnClass found required class 'com.fasterxml.jackson.databind.ObjectMapper' (OnClassCondition)
      - @ConditionalOnProperty (spring.mvc.converters.preferred-json-mapper=jackson) matched (OnPropertyCondition)
      - @ConditionalOnBean (types: com.fasterxml.jackson.databind.ObjectMapper; SearchStrategy: all) found bean 'jacksonObjectMapper' (OnBeanCondition)

   JacksonHttpMessageConvertersConfiguration.MappingJackson2HttpMessageConverterConfiguration#mappingJackson2HttpMessageConverter matched:
      - @ConditionalOnMissingBean (types: org.springframework.http.converter.json.MappingJackson2HttpMessageConverter ignored: org.springframework.hateoas.server.mvc.TypeConstrainedMappingJackson2HttpMessageConverter,org.springframework.data.rest.webmvc.alps.AlpsJsonHttpMessageConverter; SearchStrategy: all) did not find any beans (OnBeanCondition)

   JacksonHttpMessageConvertersConfiguration.MappingJackson2XmlHttpMessageConverterConfiguration matched:
      - @ConditionalOnClass found required class 'com.fasterxml.jackson.dataformat.xml.XmlMapper' (OnClassCondition)
      - @ConditionalOnBean (types: org.springframework.http.converter.json.Jackson2ObjectMapperBuilder; SearchStrategy: all) found bean 'jacksonObjectMapperBuilder' (OnBeanCondition)

   JacksonHttpMessageConvertersConfiguration.MappingJackson2XmlHttpMessageConverterConfiguration#mappingJackson2XmlHttpMessageConverter matched:
      - @ConditionalOnMissingBean (types: org.springframework.http.converter.xml.MappingJackson2XmlHttpMessageConverter; SearchStrategy: all) did not find any beans (OnBeanCondition)

   JdbcClientAutoConfiguration matched:
      - @ConditionalOnSingleCandidate (types: org.springframework.jdbc.core.namedparam.NamedParameterJdbcTemplate; SearchStrategy: all) found a single bean 'namedParameterJdbcTemplate'; @ConditionalOnMissingBean (types: org.springframework.jdbc.core.simple.JdbcClient; SearchStrategy: all) did not find any beans (OnBeanCondition)

   JdbcTemplateAutoConfiguration matched:
      - @ConditionalOnClass found required classes 'javax.sql.DataSource', 'org.springframework.jdbc.core.JdbcTemplate' (OnClassCondition)
      - @ConditionalOnSingleCandidate (types: javax.sql.DataSource; SearchStrategy: all) found a single bean 'dataSource' (OnBeanCondition)

   JdbcTemplateConfiguration matched:
      - @ConditionalOnMissingBean (types: org.springframework.jdbc.core.JdbcOperations; SearchStrategy: all) did not find any beans (OnBeanCondition)

   JmxAutoConfiguration matched:
      - @ConditionalOnClass found required class 'org.springframework.jmx.export.MBeanExporter' (OnClassCondition)
      - @ConditionalOnProperty (spring.jmx.enabled=true) matched (OnPropertyCondition)

   JmxAutoConfiguration#mbeanExporter matched:
      - @ConditionalOnMissingBean (types: org.springframework.jmx.export.MBeanExporter; SearchStrategy: current) did not find any beans (OnBeanCondition)

   JmxAutoConfiguration#mbeanServer matched:
      - @ConditionalOnMissingBean (types: javax.management.MBeanServer; SearchStrategy: all) did not find any beans (OnBeanCondition)

   JmxAutoConfiguration#objectNamingStrategy matched:
      - @ConditionalOnMissingBean (types: org.springframework.jmx.export.naming.ObjectNamingStrategy; SearchStrategy: current) did not find any beans (OnBeanCondition)

   LettuceConnectionConfiguration matched:
      - @ConditionalOnClass found required class 'io.lettuce.core.RedisClient' (OnClassCondition)
      - @ConditionalOnProperty (spring.data.redis.client-type=lettuce) matched (OnPropertyCondition)

   LettuceConnectionConfiguration#lettuceClientResources matched:
      - @ConditionalOnMissingBean (types: io.lettuce.core.resource.ClientResources; SearchStrategy: all) did not find any beans (OnBeanCondition)

   LettuceConnectionConfiguration#redisConnectionFactory matched:
      - @ConditionalOnMissingBean (types: org.springframework.data.redis.connection.RedisConnectionFactory; SearchStrategy: all) did not find any beans (OnBeanCondition)
      - @ConditionalOnThreading found PLATFORM (OnThreadingCondition)

   LifecycleAutoConfiguration#defaultLifecycleProcessor matched:
      - @ConditionalOnMissingBean (names: lifecycleProcessor; SearchStrategy: current) did not find any beans (OnBeanCondition)

   MultipartAutoConfiguration matched:
      - @ConditionalOnClass found required classes 'jakarta.servlet.Servlet', 'org.springframework.web.multipart.support.StandardServletMultipartResolver', 'jakarta.servlet.MultipartConfigElement' (OnClassCondition)
      - found 'session' scope (OnWebApplicationCondition)
      - @ConditionalOnProperty (spring.servlet.multipart.enabled) matched (OnPropertyCondition)

   MultipartAutoConfiguration#multipartConfigElement matched:
      - @ConditionalOnMissingBean (types: jakarta.servlet.MultipartConfigElement; SearchStrategy: all) did not find any beans (OnBeanCondition)

   MultipartAutoConfiguration#multipartResolver matched:
      - @ConditionalOnMissingBean (types: org.springframework.web.multipart.MultipartResolver; SearchStrategy: all) did not find any beans (OnBeanCondition)

   MybatisPlusAutoConfiguration matched:
      - @ConditionalOnClass found required classes 'org.apache.ibatis.session.SqlSessionFactory', 'org.mybatis.spring.SqlSessionFactoryBean' (OnClassCondition)
      - @ConditionalOnSingleCandidate (types: javax.sql.DataSource; SearchStrategy: all) found a single bean 'dataSource' (OnBeanCondition)

   MybatisPlusAutoConfiguration#ddlApplicationRunner matched:
      - @ConditionalOnMissingBean (types: com.baomidou.mybatisplus.autoconfigure.DdlApplicationRunner; SearchStrategy: all) did not find any beans (OnBeanCondition)

   MybatisPlusAutoConfiguration#sqlSessionFactory matched:
      - @ConditionalOnMissingBean (types: org.apache.ibatis.session.SqlSessionFactory; SearchStrategy: all) did not find any beans (OnBeanCondition)

   MybatisPlusAutoConfiguration#sqlSessionTemplate matched:
      - @ConditionalOnMissingBean (types: org.mybatis.spring.SqlSessionTemplate; SearchStrategy: all) did not find any beans (OnBeanCondition)

   MybatisPlusLanguageDriverAutoConfiguration matched:
      - @ConditionalOnClass found required class 'org.apache.ibatis.scripting.LanguageDriver' (OnClassCondition)

   NamedParameterJdbcTemplateConfiguration matched:
      - @ConditionalOnSingleCandidate (types: org.springframework.jdbc.core.JdbcTemplate; SearchStrategy: all) found a single bean 'jdbcTemplate'; @ConditionalOnMissingBean (types: org.springframework.jdbc.core.namedparam.NamedParameterJdbcOperations; SearchStrategy: all) did not find any beans (OnBeanCondition)

   NettyAutoConfiguration matched:
      - @ConditionalOnClass found required class 'io.netty.util.NettyRuntime' (OnClassCondition)

   PersistenceExceptionTranslationAutoConfiguration matched:
      - @ConditionalOnClass found required class 'org.springframework.dao.annotation.PersistenceExceptionTranslationPostProcessor' (OnClassCondition)

   PersistenceExceptionTranslationAutoConfiguration#persistenceExceptionTranslationPostProcessor matched:
      - @ConditionalOnProperty (spring.dao.exceptiontranslation.enabled) matched (OnPropertyCondition)
      - @ConditionalOnMissingBean (types: org.springframework.dao.annotation.PersistenceExceptionTranslationPostProcessor; SearchStrategy: all) did not find any beans (OnBeanCondition)

   PropertyPlaceholderAutoConfiguration#propertySourcesPlaceholderConfigurer matched:
      - @ConditionalOnMissingBean (types: org.springframework.context.support.PropertySourcesPlaceholderConfigurer; SearchStrategy: current) did not find any beans (OnBeanCondition)

   RabbitAnnotationDrivenConfiguration matched:
      - @ConditionalOnClass found required class 'org.springframework.amqp.rabbit.annotation.EnableRabbit' (OnClassCondition)

   RabbitAnnotationDrivenConfiguration#directRabbitListenerContainerFactoryConfigurer matched:
      - @ConditionalOnMissingBean (types: org.springframework.boot.autoconfigure.amqp.DirectRabbitListenerContainerFactoryConfigurer; SearchStrategy: all) did not find any beans (OnBeanCondition)
      - @ConditionalOnThreading found PLATFORM (OnThreadingCondition)

   RabbitAnnotationDrivenConfiguration#simpleRabbitListenerContainerFactory matched:
      - @ConditionalOnProperty (spring.rabbitmq.listener.type=simple) matched (OnPropertyCondition)
      - @ConditionalOnMissingBean (names: rabbitListenerContainerFactory; SearchStrategy: all) did not find any beans (OnBeanCondition)

   RabbitAnnotationDrivenConfiguration#simpleRabbitListenerContainerFactoryConfigurer matched:
      - @ConditionalOnMissingBean (types: org.springframework.boot.autoconfigure.amqp.SimpleRabbitListenerContainerFactoryConfigurer; SearchStrategy: all) did not find any beans (OnBeanCondition)
      - @ConditionalOnThreading found PLATFORM (OnThreadingCondition)

   RabbitAnnotationDrivenConfiguration.EnableRabbitConfiguration matched:
      - @ConditionalOnMissingBean (names: org.springframework.amqp.rabbit.config.internalRabbitListenerAnnotationProcessor; SearchStrategy: all) did not find any beans (OnBeanCondition)

   RabbitAutoConfiguration matched:
      - @ConditionalOnClass found required classes 'org.springframework.amqp.rabbit.core.RabbitTemplate', 'com.rabbitmq.client.Channel' (OnClassCondition)

   RabbitAutoConfiguration.MessagingTemplateConfiguration matched:
      - @ConditionalOnClass found required class 'org.springframework.amqp.rabbit.core.RabbitMessagingTemplate' (OnClassCondition)
      - @ConditionalOnMissingBean (types: org.springframework.amqp.rabbit.core.RabbitMessagingTemplate; SearchStrategy: all) did not find any beans (OnBeanCondition)

   RabbitAutoConfiguration.MessagingTemplateConfiguration#rabbitMessagingTemplate matched:
      - @ConditionalOnSingleCandidate (types: org.springframework.amqp.rabbit.core.RabbitTemplate; SearchStrategy: all) found a single bean 'rabbitTemplate' (OnBeanCondition)

   RabbitAutoConfiguration.RabbitConnectionFactoryCreator#rabbitConnectionDetails matched:
      - @ConditionalOnMissingBean (types: org.springframework.boot.autoconfigure.amqp.RabbitConnectionDetails; SearchStrategy: all) did not find any beans (OnBeanCondition)

   RabbitAutoConfiguration.RabbitConnectionFactoryCreator#rabbitConnectionFactory matched:
      - @ConditionalOnMissingBean (types: org.springframework.amqp.rabbit.connection.ConnectionFactory; SearchStrategy: all) did not find any beans (OnBeanCondition)

   RabbitAutoConfiguration.RabbitConnectionFactoryCreator#rabbitConnectionFactoryBeanConfigurer matched:
      - @ConditionalOnMissingBean (types: org.springframework.boot.autoconfigure.amqp.RabbitConnectionFactoryBeanConfigurer; SearchStrategy: all) did not find any beans (OnBeanCondition)

   RabbitAutoConfiguration.RabbitConnectionFactoryCreator#rabbitConnectionFactoryConfigurer matched:
      - @ConditionalOnMissingBean (types: org.springframework.boot.autoconfigure.amqp.CachingConnectionFactoryConfigurer; SearchStrategy: all) did not find any beans (OnBeanCondition)

   RabbitAutoConfiguration.RabbitTemplateConfiguration#amqpAdmin matched:
      - @ConditionalOnProperty (spring.rabbitmq.dynamic) matched (OnPropertyCondition)
      - @ConditionalOnSingleCandidate (types: org.springframework.amqp.rabbit.connection.ConnectionFactory; SearchStrategy: all) found a single bean 'rabbitConnectionFactory'; @ConditionalOnMissingBean (types: org.springframework.amqp.core.AmqpAdmin; SearchStrategy: all) did not find any beans (OnBeanCondition)

   RabbitAutoConfiguration.RabbitTemplateConfiguration#rabbitTemplate matched:
      - @ConditionalOnSingleCandidate (types: org.springframework.amqp.rabbit.connection.ConnectionFactory; SearchStrategy: all) found a single bean 'rabbitConnectionFactory'; @ConditionalOnMissingBean (types: org.springframework.amqp.rabbit.core.RabbitOperations; SearchStrategy: all) did not find any beans (OnBeanCondition)

   RabbitAutoConfiguration.RabbitTemplateConfiguration#rabbitTemplateConfigurer matched:
      - @ConditionalOnMissingBean (types: org.springframework.boot.autoconfigure.amqp.RabbitTemplateConfigurer; SearchStrategy: all) did not find any beans (OnBeanCondition)

   ReactorAutoConfiguration matched:
      - @ConditionalOnClass found required class 'reactor.core.publisher.Hooks' (OnClassCondition)

   RedisAutoConfiguration matched:
      - @ConditionalOnClass found required class 'org.springframework.data.redis.core.RedisOperations' (OnClassCondition)

   RedisAutoConfiguration#redisConnectionDetails matched:
      - @ConditionalOnMissingBean (types: org.springframework.boot.autoconfigure.data.redis.RedisConnectionDetails; SearchStrategy: all) did not find any beans (OnBeanCondition)

   RedisAutoConfiguration#stringRedisTemplate matched:
      - @ConditionalOnSingleCandidate (types: org.springframework.data.redis.connection.RedisConnectionFactory; SearchStrategy: all) found a single bean 'redisConnectionFactory'; @ConditionalOnMissingBean (types: org.springframework.data.redis.core.StringRedisTemplate; SearchStrategy: all) did not find any beans (OnBeanCondition)

   RedisCacheConfiguration matched:
      - @ConditionalOnClass found required class 'org.springframework.data.redis.connection.RedisConnectionFactory' (OnClassCondition)
      - Cache org.springframework.boot.autoconfigure.cache.RedisCacheConfiguration REDIS cache type (CacheCondition)

   RedisReactiveAutoConfiguration matched:
      - @ConditionalOnClass found required classes 'org.springframework.data.redis.connection.ReactiveRedisConnectionFactory', 'org.springframework.data.redis.core.ReactiveRedisTemplate', 'reactor.core.publisher.Flux' (OnClassCondition)

   RedisReactiveAutoConfiguration#reactiveRedisTemplate matched:
      - @ConditionalOnBean (types: org.springframework.data.redis.connection.ReactiveRedisConnectionFactory; SearchStrategy: all) found bean 'redisConnectionFactory'; @ConditionalOnMissingBean (names: reactiveRedisTemplate; SearchStrategy: all) did not find any beans (OnBeanCondition)

   RedisReactiveAutoConfiguration#reactiveStringRedisTemplate matched:
      - @ConditionalOnBean (types: org.springframework.data.redis.connection.ReactiveRedisConnectionFactory; SearchStrategy: all) found bean 'redisConnectionFactory'; @ConditionalOnMissingBean (names: reactiveStringRedisTemplate; SearchStrategy: all) did not find any beans (OnBeanCondition)

   RedisRepositoriesAutoConfiguration matched:
      - @ConditionalOnClass found required class 'org.springframework.data.redis.repository.configuration.EnableRedisRepositories' (OnClassCondition)
      - @ConditionalOnProperty (spring.data.redis.repositories.enabled=true) matched (OnPropertyCondition)
      - @ConditionalOnBean (types: org.springframework.data.redis.connection.RedisConnectionFactory; SearchStrategy: all) found bean 'redisConnectionFactory'; @ConditionalOnMissingBean (types: org.springframework.data.redis.repository.support.RedisRepositoryFactoryBean; SearchStrategy: all) did not find any beans (OnBeanCondition)

   RestClientAutoConfiguration matched:
      - @ConditionalOnClass found required class 'org.springframework.web.client.RestClient' (OnClassCondition)
      - NoneNestedConditions 0 matched 1 did not; NestedCondition on NotReactiveWebApplicationCondition.ReactiveWebApplication did not find reactive web application classes (NotReactiveWebApplicationCondition)

   RestClientAutoConfiguration#httpMessageConvertersRestClientCustomizer matched:
      - @ConditionalOnMissingBean (types: org.springframework.boot.autoconfigure.web.client.HttpMessageConvertersRestClientCustomizer; SearchStrategy: all) did not find any beans (OnBeanCondition)

   RestClientAutoConfiguration#restClientBuilder matched:
      - @ConditionalOnMissingBean (types: org.springframework.web.client.RestClient$Builder; SearchStrategy: all) did not find any beans (OnBeanCondition)

   RestClientAutoConfiguration#restClientBuilderConfigurer matched:
      - @ConditionalOnMissingBean (types: org.springframework.boot.autoconfigure.web.client.RestClientBuilderConfigurer; SearchStrategy: all) did not find any beans (OnBeanCondition)

   RestClientAutoConfiguration#restClientSsl matched:
      - @ConditionalOnBean (types: org.springframework.boot.ssl.SslBundles; SearchStrategy: all) found bean 'sslBundleRegistry'; @ConditionalOnMissingBean (types: org.springframework.boot.autoconfigure.web.client.RestClientSsl; SearchStrategy: all) did not find any beans (OnBeanCondition)

   RestTemplateAutoConfiguration matched:
      - @ConditionalOnClass found required class 'org.springframework.web.client.RestTemplate' (OnClassCondition)
      - NoneNestedConditions 0 matched 1 did not; NestedCondition on NotReactiveWebApplicationCondition.ReactiveWebApplication did not find reactive web application classes (NotReactiveWebApplicationCondition)

   RestTemplateAutoConfiguration#restTemplateBuilder matched:
      - @ConditionalOnMissingBean (types: org.springframework.boot.web.client.RestTemplateBuilder; SearchStrategy: all) did not find any beans (OnBeanCondition)

   SecurityAutoConfiguration matched:
      - @ConditionalOnClass found required class 'org.springframework.security.authentication.DefaultAuthenticationEventPublisher' (OnClassCondition)

   SecurityAutoConfiguration#authenticationEventPublisher matched:
      - @ConditionalOnMissingBean (types: org.springframework.security.authentication.AuthenticationEventPublisher; SearchStrategy: all) did not find any beans (OnBeanCondition)

   SecurityFilterAutoConfiguration matched:
      - @ConditionalOnClass found required classes 'org.springframework.security.web.context.AbstractSecurityWebApplicationInitializer', 'org.springframework.security.config.http.SessionCreationPolicy' (OnClassCondition)
      - found 'session' scope (OnWebApplicationCondition)

   SecurityFilterAutoConfiguration#securityFilterChainRegistration matched:
      - @ConditionalOnBean (names: springSecurityFilterChain; SearchStrategy: all) found bean 'springSecurityFilterChain' (OnBeanCondition)

   ServletWebServerFactoryAutoConfiguration matched:
      - @ConditionalOnClass found required class 'jakarta.servlet.ServletRequest' (OnClassCondition)
      - found 'session' scope (OnWebApplicationCondition)

   ServletWebServerFactoryAutoConfiguration#tomcatServletWebServerFactoryCustomizer matched:
      - @ConditionalOnClass found required class 'org.apache.catalina.startup.Tomcat' (OnClassCondition)

   ServletWebServerFactoryConfiguration.EmbeddedTomcat matched:
      - @ConditionalOnClass found required classes 'jakarta.servlet.Servlet', 'org.apache.catalina.startup.Tomcat', 'org.apache.coyote.UpgradeProtocol' (OnClassCondition)
      - @ConditionalOnMissingBean (types: org.springframework.boot.web.servlet.server.ServletWebServerFactory; SearchStrategy: current) did not find any beans (OnBeanCondition)

   SpringApplicationAdminJmxAutoConfiguration matched:
      - @ConditionalOnProperty (spring.application.admin.enabled=true) matched (OnPropertyCondition)

   SpringApplicationAdminJmxAutoConfiguration#springApplicationAdminRegistrar matched:
      - @ConditionalOnMissingBean (types: org.springframework.boot.admin.SpringApplicationAdminMXBeanRegistrar; SearchStrategy: all) did not find any beans (OnBeanCondition)

   SpringBootWebSecurityConfiguration matched:
      - found 'session' scope (OnWebApplicationCondition)

   SpringDataWebAutoConfiguration matched:
      - @ConditionalOnClass found required classes 'org.springframework.data.web.PageableHandlerMethodArgumentResolver', 'org.springframework.web.servlet.config.annotation.WebMvcConfigurer' (OnClassCondition)
      - found 'session' scope (OnWebApplicationCondition)
      - @ConditionalOnMissingBean (types: org.springframework.data.web.PageableHandlerMethodArgumentResolver; SearchStrategy: all) did not find any beans (OnBeanCondition)

   SpringDataWebAutoConfiguration#pageableCustomizer matched:
      - @ConditionalOnMissingBean (types: org.springframework.data.web.config.PageableHandlerMethodArgumentResolverCustomizer; SearchStrategy: all) did not find any beans (OnBeanCondition)

   SpringDataWebAutoConfiguration#sortCustomizer matched:
      - @ConditionalOnMissingBean (types: org.springframework.data.web.config.SortHandlerMethodArgumentResolverCustomizer; SearchStrategy: all) did not find any beans (OnBeanCondition)

   SpringDocConfigProperties matched:
      - @ConditionalOnProperty (springdoc.api-docs.enabled) matched (OnPropertyCondition)
      - @ConditionalOnBean (types: org.springdoc.core.configuration.SpringDocConfiguration; SearchStrategy: all) found bean 'org.springdoc.core.configuration.SpringDocConfiguration' (OnBeanCondition)

   SpringDocConfiguration matched:
      - @ConditionalOnWebApplication (required) found 'session' scope (OnWebApplicationCondition)
      - @ConditionalOnProperty (springdoc.api-docs.enabled) matched (OnPropertyCondition)

   SpringDocConfiguration#fileSupportConverter matched:
      - @ConditionalOnMissingBean (types: org.springdoc.core.converters.FileSupportConverter; SearchStrategy: all) did not find any beans (OnBeanCondition)

   SpringDocConfiguration#openAPIBuilder matched:
      - @ConditionalOnMissingBean (types: org.springdoc.core.service.OpenAPIService; SearchStrategy: all) did not find any beans (OnBeanCondition)

   SpringDocConfiguration#operationBuilder matched:
      - @ConditionalOnMissingBean (types: org.springdoc.core.service.OperationService; SearchStrategy: all) did not find any beans (OnBeanCondition)

   SpringDocConfiguration#parameterBuilder matched:
      - @ConditionalOnMissingBean (types: org.springdoc.core.service.GenericParameterService; SearchStrategy: all) did not find any beans (OnBeanCondition)

   SpringDocConfiguration#polymorphicModelConverter matched:
      - @ConditionalOnProperty (springdoc.model-converters.polymorphic-converter.enabled) matched (OnPropertyCondition)
      - @ConditionalOnMissingBean (types: org.springdoc.core.converters.PolymorphicModelConverter; SearchStrategy: all) did not find any beans (OnBeanCondition)

   SpringDocConfiguration#requestBodyBuilder matched:
      - @ConditionalOnMissingBean (types: org.springdoc.core.service.RequestBodyService; SearchStrategy: all) did not find any beans (OnBeanCondition)

   SpringDocConfiguration#responseSupportConverter matched:
      - @ConditionalOnMissingBean (types: org.springdoc.core.converters.ResponseSupportConverter; SearchStrategy: all) did not find any beans (OnBeanCondition)

   SpringDocConfiguration#schemaPropertyDeprecatingConverter matched:
      - @ConditionalOnProperty (springdoc.model-converters.deprecating-converter.enabled) matched (OnPropertyCondition)
      - @ConditionalOnMissingBean (types: org.springdoc.core.converters.SchemaPropertyDeprecatingConverter; SearchStrategy: all) did not find any beans (OnBeanCondition)

   SpringDocConfiguration#securityParser matched:
      - @ConditionalOnMissingBean (types: org.springdoc.core.service.SecurityService; SearchStrategy: all) did not find any beans (OnBeanCondition)

   SpringDocConfiguration#springDocCustomizers matched:
      - @ConditionalOnMissingBean (types: org.springdoc.core.customizers.SpringDocCustomizers; SearchStrategy: all) did not find any beans (OnBeanCondition)

   SpringDocConfiguration#springDocProviders matched:
      - @ConditionalOnMissingBean (types: org.springdoc.core.providers.SpringDocProviders; SearchStrategy: all) did not find any beans (OnBeanCondition)

   SpringDocConfiguration#springdocObjectMapperProvider matched:
      - @ConditionalOnMissingBean (types: org.springdoc.core.providers.ObjectMapperProvider; SearchStrategy: all) did not find any beans (OnBeanCondition)

   SpringDocConfiguration.QuerydslProvider matched:
      - @ConditionalOnClass found required class 'org.springframework.data.querydsl.binding.QuerydslBindingsFactory' (OnClassCondition)

   SpringDocConfiguration.QuerydslProvider#queryDslQuerydslPredicateOperationCustomizer matched:
      - @ConditionalOnMissingBean (types: org.springdoc.core.customizers.QuerydslPredicateOperationCustomizer; SearchStrategy: all) did not find any beans (OnBeanCondition)

   SpringDocConfiguration.SpringDocSpringDataWebPropertiesProvider matched:
      - @ConditionalOnClass found required class 'org.springframework.boot.autoconfigure.data.web.SpringDataWebProperties' (OnClassCondition)

   SpringDocConfiguration.SpringDocSpringDataWebPropertiesProvider#springDataWebPropertiesProvider matched:
      - @ConditionalOnMissingBean (types: org.springdoc.core.providers.SpringDataWebPropertiesProvider; SearchStrategy: all) did not find any beans (OnBeanCondition)

   SpringDocConfiguration.SpringDocWebFluxSupportConfiguration matched:
      - @ConditionalOnClass found required class 'reactor.core.publisher.Flux' (OnClassCondition)

   SpringDocConfiguration.SpringDocWebFluxSupportConfiguration#webFluxSupportConverter matched:
      - @ConditionalOnMissingBean (types: org.springdoc.core.converters.WebFluxSupportConverter; SearchStrategy: all) did not find any beans (OnBeanCondition)

   SpringDocConfiguration.WebConversionServiceConfiguration matched:
      - @ConditionalOnClass found required class 'org.springframework.boot.autoconfigure.web.format.WebConversionService' (OnClassCondition)

   SpringDocKotlinConfiguration matched:
      - @ConditionalOnClass found required class 'kotlin.coroutines.Continuation' (OnClassCondition)
      - @ConditionalOnWebApplication (required) found 'session' scope (OnWebApplicationCondition)
      - @ConditionalOnProperty (springdoc.api-docs.enabled) matched (OnPropertyCondition)
      - @ConditionalOnExpression (#{${springdoc.api-docs.enabled:true} and ${springdoc.enable-kotlin:true}}) resulted in true (OnExpressionCondition)
      - @ConditionalOnBean (types: org.springdoc.core.configuration.SpringDocConfiguration; SearchStrategy: all) found bean 'org.springdoc.core.configuration.SpringDocConfiguration' (OnBeanCondition)

   SpringDocKotlinConfiguration#kotlinCoroutinesReturnTypeParser matched:
      - @ConditionalOnMissingBean (types: org.springdoc.core.parsers.KotlinCoroutinesReturnTypeParser; SearchStrategy: all) did not find any beans (OnBeanCondition)

   SpringDocKotlinConfiguration#nullableKotlinRequestParameterCustomizer matched:
      - @ConditionalOnProperty (springdoc.nullable-request-parameter-enabled) matched (OnPropertyCondition)
      - @ConditionalOnMissingBean (types: org.springdoc.core.customizers.ParameterCustomizer; SearchStrategy: all) did not find any beans (OnBeanCondition)

   SpringDocPageableConfiguration matched:
      - @ConditionalOnClass found required class 'org.springframework.data.domain.Pageable' (OnClassCondition)
      - @ConditionalOnWebApplication (required) found 'session' scope (OnWebApplicationCondition)
      - @ConditionalOnProperty (springdoc.api-docs.enabled) matched (OnPropertyCondition)
      - @ConditionalOnBean (types: org.springdoc.core.configuration.SpringDocConfiguration; SearchStrategy: all) found bean 'org.springdoc.core.configuration.SpringDocConfiguration' (OnBeanCondition)

   SpringDocPageableConfiguration#delegatingMethodParameterCustomizer matched:
      - @ConditionalOnMissingBean (types: org.springdoc.core.customizers.DelegatingMethodParameterCustomizer; SearchStrategy: all) did not find any beans (OnBeanCondition)

   SpringDocPageableConfiguration#pageableOpenAPIConverter matched:
      - @ConditionalOnProperty (springdoc.model-converters.pageable-converter.enabled) matched (OnPropertyCondition)
      - @ConditionalOnMissingBean (types: org.springdoc.core.converters.PageableOpenAPIConverter; SearchStrategy: all) did not find any beans (OnBeanCondition)

   SpringDocSecurityConfiguration matched:
      - @ConditionalOnClass found required class 'org.springframework.security.web.SecurityFilterChain' (OnClassCondition)
      - @ConditionalOnWebApplication (required) found 'session' scope (OnWebApplicationCondition)
      - @ConditionalOnExpression (#{${springdoc.api-docs.enabled:true} and ${springdoc.enable-spring-security:true}}) resulted in true (OnExpressionCondition)
      - @ConditionalOnBean (types: org.springdoc.core.configuration.SpringDocConfiguration; SearchStrategy: all) found bean 'org.springdoc.core.configuration.SpringDocConfiguration' (OnBeanCondition)

   SpringDocSecurityConfiguration.SpringSecurityLoginEndpointConfiguration matched:
      - @ConditionalOnClass found required class 'jakarta.servlet.Filter' (OnClassCondition)

   SpringDocSortConfiguration matched:
      - @ConditionalOnClass found required class 'org.springframework.data.domain.Sort' (OnClassCondition)
      - @ConditionalOnWebApplication (required) found 'session' scope (OnWebApplicationCondition)
      - @ConditionalOnProperty (springdoc.api-docs.enabled) matched (OnPropertyCondition)
      - @ConditionalOnBean (types: org.springdoc.core.configuration.SpringDocConfiguration; SearchStrategy: all) found bean 'org.springdoc.core.configuration.SpringDocConfiguration' (OnBeanCondition)

   SpringDocSortConfiguration#sortOpenAPIConverter matched:
      - @ConditionalOnProperty (springdoc.sort-converter.enabled) matched (OnPropertyCondition)
      - @ConditionalOnMissingBean (types: org.springdoc.core.converters.SortOpenAPIConverter; SearchStrategy: all) did not find any beans (OnBeanCondition)

   SpringDocUIConfiguration matched:
      - @ConditionalOnWebApplication (required) found 'session' scope (OnWebApplicationCondition)
      - @ConditionalOnBean (types: org.springdoc.core.configuration.SpringDocConfiguration; SearchStrategy: all) found bean 'org.springdoc.core.configuration.SpringDocConfiguration' (OnBeanCondition)

   SpringDocWebMvcConfiguration matched:
      - found 'session' scope (OnWebApplicationCondition)
      - @ConditionalOnProperty (springdoc.api-docs.enabled) matched (OnPropertyCondition)
      - @ConditionalOnBean (types: org.springdoc.core.configuration.SpringDocConfiguration; SearchStrategy: all) found bean 'org.springdoc.core.configuration.SpringDocConfiguration' (OnBeanCondition)

   SpringDocWebMvcConfiguration#openApiResource matched:
      - @ConditionalOnExpression (#{(${springdoc.use-management-port:false} == false ) and ${springdoc.enable-default-api-docs:true}}) resulted in true (OnExpressionCondition)
      - @ConditionalOnMissingBean (types: org.springdoc.webmvc.api.OpenApiWebMvcResource; SearchStrategy: all) did not find any beans (OnBeanCondition)

   SpringDocWebMvcConfiguration#requestBuilder matched:
      - @ConditionalOnMissingBean (types: org.springdoc.webmvc.core.service.RequestService; SearchStrategy: all) did not find any beans (OnBeanCondition)

   SpringDocWebMvcConfiguration#responseBuilder matched:
      - @ConditionalOnMissingBean (types: org.springdoc.core.service.GenericResponseService; SearchStrategy: all) did not find any beans (OnBeanCondition)

   SpringDocWebMvcConfiguration#springWebProvider matched:
      - @ConditionalOnMissingBean (types: org.springdoc.core.providers.SpringWebProvider; SearchStrategy: all) did not find any beans (OnBeanCondition)

   SpringDocWebMvcConfiguration.SpringDocWebMvcRouterConfiguration matched:
      - @ConditionalOnClass found required class 'org.springframework.web.servlet.function.RouterFunction' (OnClassCondition)

   SpringDocWebMvcConfiguration.SpringDocWebMvcRouterConfiguration#routerFunctionProvider matched:
      - @ConditionalOnMissingBean (types: org.springdoc.webmvc.core.providers.RouterFunctionWebMvcProvider; SearchStrategy: all) did not find any beans (OnBeanCondition)

   SqlInitializationAutoConfiguration matched:
      - @ConditionalOnProperty (spring.sql.init.enabled) matched (OnPropertyCondition)
      - NoneNestedConditions 0 matched 1 did not; NestedCondition on SqlInitializationAutoConfiguration.SqlInitializationModeCondition.ModeIsNever @ConditionalOnProperty (spring.sql.init.mode=never) did not find property 'mode' (SqlInitializationAutoConfiguration.SqlInitializationModeCondition)

   SslAutoConfiguration#sslBundleRegistry matched:
      - @ConditionalOnMissingBean (types: org.springframework.boot.ssl.SslBundleRegistry,org.springframework.boot.ssl.SslBundles; SearchStrategy: all) did not find any beans (OnBeanCondition)

   SwaggerConfig matched:
      - found 'session' scope (OnWebApplicationCondition)
      - @ConditionalOnProperty (springdoc.swagger-ui.enabled) matched (OnPropertyCondition)
      - @ConditionalOnBean (types: org.springdoc.core.configuration.SpringDocConfiguration; SearchStrategy: all) found bean 'org.springdoc.core.configuration.SpringDocConfiguration' (OnBeanCondition)

   SwaggerConfig#indexPageTransformer matched:
      - @ConditionalOnMissingBean (types: org.springdoc.webmvc.ui.SwaggerIndexTransformer; SearchStrategy: all) did not find any beans (OnBeanCondition)

   SwaggerConfig#swaggerConfigResource matched:
      - @ConditionalOnProperty (springdoc.use-management-port=false) matched (OnPropertyCondition)
      - @ConditionalOnMissingBean (types: org.springdoc.webmvc.ui.SwaggerConfigResource; SearchStrategy: all) did not find any beans (OnBeanCondition)

   SwaggerConfig#swaggerResourceResolver matched:
      - @ConditionalOnMissingBean (types: org.springdoc.webmvc.ui.SwaggerResourceResolver; SearchStrategy: all) did not find any beans (OnBeanCondition)

   SwaggerConfig#swaggerWebMvcConfigurer matched:
      - @ConditionalOnMissingBean (types: org.springdoc.webmvc.ui.SwaggerWebMvcConfigurer; SearchStrategy: all) did not find any beans (OnBeanCondition)

   SwaggerConfig#swaggerWelcome matched:
      - @ConditionalOnProperty (springdoc.use-management-port=false) matched (OnPropertyCondition)
      - @ConditionalOnMissingBean (types: org.springdoc.webmvc.ui.SwaggerWelcomeWebMvc; SearchStrategy: all) did not find any beans (OnBeanCondition)

   SwaggerUiConfigParameters matched:
      - @ConditionalOnProperty (springdoc.swagger-ui.enabled) matched (OnPropertyCondition)
      - @ConditionalOnBean (types: org.springdoc.core.configuration.SpringDocConfiguration; SearchStrategy: all) found bean 'org.springdoc.core.configuration.SpringDocConfiguration' (OnBeanCondition)

   SwaggerUiConfigProperties matched:
      - @ConditionalOnProperty (springdoc.swagger-ui.enabled) matched (OnPropertyCondition)
      - @ConditionalOnBean (types: org.springdoc.core.configuration.SpringDocConfiguration; SearchStrategy: all) found bean 'org.springdoc.core.configuration.SpringDocConfiguration' (OnBeanCondition)

   SwaggerUiOAuthProperties matched:
      - @ConditionalOnProperty (springdoc.swagger-ui.enabled) matched (OnPropertyCondition)
      - @ConditionalOnBean (types: org.springdoc.core.configuration.SpringDocConfiguration; SearchStrategy: all) found bean 'org.springdoc.core.configuration.SpringDocConfiguration' (OnBeanCondition)

   TaskExecutionAutoConfiguration matched:
      - @ConditionalOnClass found required class 'org.springframework.scheduling.concurrent.ThreadPoolTaskExecutor' (OnClassCondition)

   TaskExecutorConfigurations.SimpleAsyncTaskExecutorBuilderConfiguration#simpleAsyncTaskExecutorBuilder matched:
      - @ConditionalOnMissingBean (types: org.springframework.boot.task.SimpleAsyncTaskExecutorBuilder; SearchStrategy: all) did not find any beans (OnBeanCondition)
      - @ConditionalOnThreading found PLATFORM (OnThreadingCondition)

   TaskExecutorConfigurations.TaskExecutorBuilderConfiguration#taskExecutorBuilder matched:
      - @ConditionalOnMissingBean (types: org.springframework.boot.task.TaskExecutorBuilder; SearchStrategy: all) did not find any beans (OnBeanCondition)

   TaskExecutorConfigurations.ThreadPoolTaskExecutorBuilderConfiguration#threadPoolTaskExecutorBuilder matched:
      - @ConditionalOnMissingBean (types: org.springframework.boot.task.TaskExecutorBuilder,org.springframework.boot.task.ThreadPoolTaskExecutorBuilder; SearchStrategy: all) did not find any beans (OnBeanCondition)

   TaskSchedulingAutoConfiguration matched:
      - @ConditionalOnClass found required class 'org.springframework.scheduling.concurrent.ThreadPoolTaskScheduler' (OnClassCondition)

   TaskSchedulingConfigurations.SimpleAsyncTaskSchedulerBuilderConfiguration#simpleAsyncTaskSchedulerBuilder matched:
      - @ConditionalOnMissingBean (types: org.springframework.boot.task.SimpleAsyncTaskSchedulerBuilder; SearchStrategy: all) did not find any beans (OnBeanCondition)
      - @ConditionalOnThreading found PLATFORM (OnThreadingCondition)

   TaskSchedulingConfigurations.TaskSchedulerBuilderConfiguration#taskSchedulerBuilder matched:
      - @ConditionalOnMissingBean (types: org.springframework.boot.task.TaskSchedulerBuilder; SearchStrategy: all) did not find any beans (OnBeanCondition)

   TaskSchedulingConfigurations.ThreadPoolTaskSchedulerBuilderConfiguration#threadPoolTaskSchedulerBuilder matched:
      - @ConditionalOnMissingBean (types: org.springframework.boot.task.TaskSchedulerBuilder,org.springframework.boot.task.ThreadPoolTaskSchedulerBuilder; SearchStrategy: all) did not find any beans (OnBeanCondition)

   TransactionAutoConfiguration matched:
      - @ConditionalOnClass found required class 'org.springframework.transaction.PlatformTransactionManager' (OnClassCondition)

   TransactionAutoConfiguration.EnableTransactionManagementConfiguration matched:
      - @ConditionalOnBean (types: org.springframework.transaction.TransactionManager; SearchStrategy: all) found bean 'transactionManager'; @ConditionalOnMissingBean (types: org.springframework.transaction.annotation.AbstractTransactionManagementConfiguration; SearchStrategy: all) did not find any beans (OnBeanCondition)

   TransactionAutoConfiguration.EnableTransactionManagementConfiguration.CglibAutoProxyConfiguration matched:
      - @ConditionalOnProperty (spring.aop.proxy-target-class=true) matched (OnPropertyCondition)

   TransactionAutoConfiguration.TransactionTemplateConfiguration matched:
      - @ConditionalOnSingleCandidate (types: org.springframework.transaction.PlatformTransactionManager; SearchStrategy: all) found a single bean 'transactionManager' (OnBeanCondition)

   TransactionAutoConfiguration.TransactionTemplateConfiguration#transactionTemplate matched:
      - @ConditionalOnMissingBean (types: org.springframework.transaction.support.TransactionOperations; SearchStrategy: all) did not find any beans (OnBeanCondition)

   TransactionManagerCustomizationAutoConfiguration matched:
      - @ConditionalOnClass found required class 'org.springframework.transaction.PlatformTransactionManager' (OnClassCondition)

   TransactionManagerCustomizationAutoConfiguration#platformTransactionManagerCustomizers matched:
      - @ConditionalOnMissingBean (types: org.springframework.boot.autoconfigure.transaction.TransactionManagerCustomizers; SearchStrategy: all) did not find any beans (OnBeanCondition)

   ValidationAutoConfiguration matched:
      - @ConditionalOnClass found required class 'jakarta.validation.executable.ExecutableValidator' (OnClassCondition)
      - @ConditionalOnResource found location classpath:META-INF/services/jakarta.validation.spi.ValidationProvider (OnResourceCondition)

   ValidationAutoConfiguration#defaultValidator matched:
      - @ConditionalOnMissingBean (types: jakarta.validation.Validator; SearchStrategy: all) did not find any beans (OnBeanCondition)

   ValidationAutoConfiguration#methodValidationPostProcessor matched:
      - @ConditionalOnMissingBean (types: org.springframework.validation.beanvalidation.MethodValidationPostProcessor; SearchStrategy: current) did not find any beans (OnBeanCondition)

   WebMvcAutoConfiguration matched:
      - @ConditionalOnClass found required classes 'jakarta.servlet.Servlet', 'org.springframework.web.servlet.DispatcherServlet', 'org.springframework.web.servlet.config.annotation.WebMvcConfigurer' (OnClassCondition)
      - found 'session' scope (OnWebApplicationCondition)
      - @ConditionalOnMissingBean (types: org.springframework.web.servlet.config.annotation.WebMvcConfigurationSupport; SearchStrategy: all) did not find any beans (OnBeanCondition)

   WebMvcAutoConfiguration#formContentFilter matched:
      - @ConditionalOnProperty (spring.mvc.formcontent.filter.enabled) matched (OnPropertyCondition)
      - @ConditionalOnMissingBean (types: org.springframework.web.filter.FormContentFilter; SearchStrategy: all) did not find any beans (OnBeanCondition)

   WebMvcAutoConfiguration.EnableWebMvcConfiguration#flashMapManager matched:
      - @ConditionalOnMissingBean (names: flashMapManager; SearchStrategy: all) did not find any beans (OnBeanCondition)

   WebMvcAutoConfiguration.EnableWebMvcConfiguration#localeResolver matched:
      - @ConditionalOnMissingBean (names: localeResolver; SearchStrategy: all) did not find any beans (OnBeanCondition)

   WebMvcAutoConfiguration.EnableWebMvcConfiguration#themeResolver matched:
      - @ConditionalOnMissingBean (names: themeResolver; SearchStrategy: all) did not find any beans (OnBeanCondition)

   WebMvcAutoConfiguration.WebMvcAutoConfigurationAdapter#defaultViewResolver matched:
      - @ConditionalOnMissingBean (types: org.springframework.web.servlet.view.InternalResourceViewResolver; SearchStrategy: all) did not find any beans (OnBeanCondition)

   WebMvcAutoConfiguration.WebMvcAutoConfigurationAdapter#requestContextFilter matched:
      - @ConditionalOnMissingBean (types: org.springframework.web.context.request.RequestContextListener,org.springframework.web.filter.RequestContextFilter; SearchStrategy: all) did not find any beans (OnBeanCondition)

   WebMvcAutoConfiguration.WebMvcAutoConfigurationAdapter#viewResolver matched:
      - @ConditionalOnBean (types: org.springframework.web.servlet.ViewResolver; SearchStrategy: all) found beans 'defaultViewResolver', 'beanNameViewResolver', 'mvcViewResolver'; @ConditionalOnMissingBean (names: viewResolver types: org.springframework.web.servlet.view.ContentNegotiatingViewResolver; SearchStrategy: all) did not find any beans (OnBeanCondition)

   WebSocketServletAutoConfiguration matched:
      - @ConditionalOnClass found required classes 'jakarta.servlet.Servlet', 'jakarta.websocket.server.ServerContainer' (OnClassCondition)
      - found 'session' scope (OnWebApplicationCondition)

   WebSocketServletAutoConfiguration.TomcatWebSocketConfiguration matched:
      - @ConditionalOnClass found required classes 'org.apache.catalina.startup.Tomcat', 'org.apache.tomcat.websocket.server.WsSci' (OnClassCondition)

   WebSocketServletAutoConfiguration.TomcatWebSocketConfiguration#websocketServletWebServerCustomizer matched:
      - @ConditionalOnMissingBean (names: websocketServletWebServerCustomizer; SearchStrategy: all) did not find any beans (OnBeanCondition)


Negative matches:
-----------------

   ActiveMQAutoConfiguration:
      Did not match:
         - @ConditionalOnClass did not find required class 'jakarta.jms.ConnectionFactory' (OnClassCondition)

   AopAutoConfiguration.AspectJAutoProxyingConfiguration:
      Did not match:
         - @ConditionalOnClass did not find required class 'org.aspectj.weaver.Advice' (OnClassCondition)

   ArtemisAutoConfiguration:
      Did not match:
         - @ConditionalOnClass did not find required class 'jakarta.jms.ConnectionFactory' (OnClassCondition)

   BatchAutoConfiguration:
      Did not match:
         - @ConditionalOnClass did not find required class 'org.springframework.batch.core.launch.JobLauncher' (OnClassCondition)

   Cache2kCacheConfiguration:
      Did not match:
         - @ConditionalOnClass did not find required class 'org.cache2k.Cache2kBuilder' (OnClassCondition)

   CacheAutoConfiguration:
      Did not match:
         - @ConditionalOnMissingBean (names: cacheResolver types: org.springframework.cache.CacheManager; SearchStrategy: all) found beans of type 'org.springframework.cache.CacheManager' cacheManager (OnBeanCondition)
      Matched:
         - @ConditionalOnClass found required class 'org.springframework.cache.CacheManager' (OnClassCondition)

   CacheAutoConfiguration.CacheManagerEntityManagerFactoryDependsOnPostProcessor:
      Did not match:
         - @ConditionalOnClass did not find required class 'org.springframework.orm.jpa.LocalContainerEntityManagerFactoryBean' (OnClassCondition)
         - Ancestor org.springframework.boot.autoconfigure.cache.CacheAutoConfiguration did not match (ConditionEvaluationReport.AncestorsMatchedCondition)

   CaffeineCacheConfiguration:
      Did not match:
         - Cache org.springframework.boot.autoconfigure.cache.CaffeineCacheConfiguration unknown cache type (CacheCondition)
      Matched:
         - @ConditionalOnClass found required classes 'com.github.benmanes.caffeine.cache.Caffeine', 'org.springframework.cache.caffeine.CaffeineCacheManager' (OnClassCondition)

   CassandraAutoConfiguration:
      Did not match:
         - @ConditionalOnClass did not find required class 'com.datastax.oss.driver.api.core.CqlSession' (OnClassCondition)

   CassandraDataAutoConfiguration:
      Did not match:
         - @ConditionalOnClass did not find required class 'com.datastax.oss.driver.api.core.CqlSession' (OnClassCondition)

   CassandraReactiveDataAutoConfiguration:
      Did not match:
         - @ConditionalOnClass did not find required class 'com.datastax.oss.driver.api.core.CqlSession' (OnClassCondition)

   CassandraReactiveRepositoriesAutoConfiguration:
      Did not match:
         - @ConditionalOnClass did not find required class 'org.springframework.data.cassandra.ReactiveSession' (OnClassCondition)

   CassandraRepositoriesAutoConfiguration:
      Did not match:
         - @ConditionalOnClass did not find required class 'com.datastax.oss.driver.api.core.CqlSession' (OnClassCondition)

   ClientHttpConnectorAutoConfiguration:
      Did not match:
         - @ConditionalOnClass did not find required class 'org.springframework.web.reactive.function.client.WebClient' (OnClassCondition)

   CodecsAutoConfiguration:
      Did not match:
         - @ConditionalOnClass did not find required class 'org.springframework.web.reactive.function.client.WebClient' (OnClassCondition)

   CouchbaseAutoConfiguration:
      Did not match:
         - @ConditionalOnClass did not find required class 'com.couchbase.client.java.Cluster' (OnClassCondition)

   CouchbaseCacheConfiguration:
      Did not match:
         - @ConditionalOnClass did not find required class 'com.couchbase.client.java.Cluster' (OnClassCondition)

   CouchbaseDataAutoConfiguration:
      Did not match:
         - @ConditionalOnClass did not find required class 'com.couchbase.client.java.Bucket' (OnClassCondition)

   CouchbaseReactiveDataAutoConfiguration:
      Did not match:
         - @ConditionalOnClass did not find required class 'com.couchbase.client.java.Cluster' (OnClassCondition)

   CouchbaseReactiveRepositoriesAutoConfiguration:
      Did not match:
         - @ConditionalOnClass did not find required class 'com.couchbase.client.java.Cluster' (OnClassCondition)

   CouchbaseRepositoriesAutoConfiguration:
      Did not match:
         - @ConditionalOnClass did not find required class 'com.couchbase.client.java.Bucket' (OnClassCondition)

   DataSourceAutoConfiguration.EmbeddedDatabaseConfiguration:
      Did not match:
         - EmbeddedDataSource spring.datasource.url is set (DataSourceAutoConfiguration.EmbeddedDatabaseCondition)

   DataSourceCheckpointRestoreConfiguration:
      Did not match:
         - @ConditionalOnClass did not find required class 'org.crac.Resource' (OnClassCondition)

   DataSourceConfiguration.Dbcp2:
      Did not match:
         - @ConditionalOnClass did not find required class 'org.apache.commons.dbcp2.BasicDataSource' (OnClassCondition)

   DataSourceConfiguration.Generic:
      Did not match:
         - @ConditionalOnProperty (spring.datasource.type) did not find property 'spring.datasource.type' (OnPropertyCondition)

   DataSourceConfiguration.OracleUcp:
      Did not match:
         - @ConditionalOnClass did not find required classes 'oracle.ucp.jdbc.PoolDataSourceImpl', 'oracle.jdbc.OracleConnection' (OnClassCondition)

   DataSourceConfiguration.Tomcat:
      Did not match:
         - @ConditionalOnClass did not find required class 'org.apache.tomcat.jdbc.pool.DataSource' (OnClassCondition)

   DataSourceJmxConfiguration.TomcatDataSourceJmxConfiguration:
      Did not match:
         - @ConditionalOnClass did not find required class 'org.apache.tomcat.jdbc.pool.DataSourceProxy' (OnClassCondition)

   DataSourcePoolMetadataProvidersConfiguration.CommonsDbcp2PoolDataSourceMetadataProviderConfiguration:
      Did not match:
         - @ConditionalOnClass did not find required class 'org.apache.commons.dbcp2.BasicDataSource' (OnClassCondition)

   DataSourcePoolMetadataProvidersConfiguration.OracleUcpPoolDataSourceMetadataProviderConfiguration:
      Did not match:
         - @ConditionalOnClass did not find required classes 'oracle.ucp.jdbc.PoolDataSource', 'oracle.jdbc.OracleConnection' (OnClassCondition)

   DataSourcePoolMetadataProvidersConfiguration.TomcatDataSourcePoolMetadataProviderConfiguration:
      Did not match:
         - @ConditionalOnClass did not find required class 'org.apache.tomcat.jdbc.pool.DataSource' (OnClassCondition)

   DispatcherServletAutoConfiguration.DispatcherServletConfiguration#multipartResolver:
      Did not match:
         - @ConditionalOnBean (types: org.springframework.web.multipart.MultipartResolver; SearchStrategy: all) did not find any beans of type org.springframework.web.multipart.MultipartResolver (OnBeanCondition)

   ElasticsearchClientAutoConfiguration:
      Did not match:
         - @ConditionalOnClass did not find required class 'co.elastic.clients.elasticsearch.ElasticsearchClient' (OnClassCondition)

   ElasticsearchDataAutoConfiguration:
      Did not match:
         - @ConditionalOnClass did not find required class 'org.springframework.data.elasticsearch.client.elc.ElasticsearchTemplate' (OnClassCondition)

   ElasticsearchRepositoriesAutoConfiguration:
      Did not match:
         - @ConditionalOnClass did not find required class 'org.springframework.data.elasticsearch.repository.ElasticsearchRepository' (OnClassCondition)

   ElasticsearchRestClientAutoConfiguration:
      Did not match:
         - @ConditionalOnClass did not find required class 'org.elasticsearch.client.RestClientBuilder' (OnClassCondition)

   EmbeddedLdapAutoConfiguration:
      Did not match:
         - @ConditionalOnClass did not find required class 'com.unboundid.ldap.listener.InMemoryDirectoryServer' (OnClassCondition)

   EmbeddedWebServerFactoryCustomizerAutoConfiguration.JettyWebServerFactoryCustomizerConfiguration:
      Did not match:
         - @ConditionalOnClass did not find required classes 'org.eclipse.jetty.server.Server', 'org.eclipse.jetty.ee10.webapp.WebAppContext' (OnClassCondition)

   EmbeddedWebServerFactoryCustomizerAutoConfiguration.TomcatWebServerFactoryCustomizerConfiguration#tomcatVirtualThreadsProtocolHandlerCustomizer:
      Did not match:
         - @ConditionalOnThreading did not find VIRTUAL (OnThreadingCondition)

   EmbeddedWebServerFactoryCustomizerAutoConfiguration.UndertowWebServerFactoryCustomizerConfiguration:
      Did not match:
         - @ConditionalOnClass did not find required classes 'io.undertow.Undertow', 'org.xnio.SslClientAuthMode' (OnClassCondition)

   ErrorWebFluxAutoConfiguration:
      Did not match:
         - @ConditionalOnClass did not find required class 'org.springframework.web.reactive.config.WebFluxConfigurer' (OnClassCondition)

   FlywayAutoConfiguration.FlywayConfiguration#oracleFlywayConfigurationCustomizer:
      Did not match:
         - @ConditionalOnClass did not find required class 'org.flywaydb.database.oracle.OracleConfigurationExtension' (OnClassCondition)

   FlywayAutoConfiguration.FlywayConfiguration#sqlServerFlywayConfigurationCustomizer:
      Did not match:
         - @ConditionalOnClass did not find required class 'org.flywaydb.database.sqlserver.SQLServerConfigurationExtension' (OnClassCondition)

   FreeMarkerAutoConfiguration:
      Did not match:
         - @ConditionalOnClass did not find required class 'freemarker.template.Configuration' (OnClassCondition)

   GenericCacheConfiguration:
      Did not match:
         - Cache org.springframework.boot.autoconfigure.cache.GenericCacheConfiguration unknown cache type (CacheCondition)

   GraphQlAutoConfiguration:
      Did not match:
         - @ConditionalOnClass did not find required class 'graphql.GraphQL' (OnClassCondition)

   GraphQlQueryByExampleAutoConfiguration:
      Did not match:
         - @ConditionalOnClass did not find required class 'graphql.GraphQL' (OnClassCondition)

   GraphQlQuerydslAutoConfiguration:
      Did not match:
         - @ConditionalOnClass did not find required class 'com.querydsl.core.Query' (OnClassCondition)

   GraphQlRSocketAutoConfiguration:
      Did not match:
         - @ConditionalOnClass did not find required class 'graphql.GraphQL' (OnClassCondition)

   GraphQlReactiveQueryByExampleAutoConfiguration:
      Did not match:
         - @ConditionalOnClass did not find required class 'graphql.GraphQL' (OnClassCondition)

   GraphQlReactiveQuerydslAutoConfiguration:
      Did not match:
         - @ConditionalOnClass did not find required class 'com.querydsl.core.Query' (OnClassCondition)

   GraphQlWebFluxAutoConfiguration:
      Did not match:
         - @ConditionalOnClass did not find required class 'graphql.GraphQL' (OnClassCondition)

   GraphQlWebFluxSecurityAutoConfiguration:
      Did not match:
         - @ConditionalOnClass did not find required class 'graphql.GraphQL' (OnClassCondition)

   GraphQlWebMvcAutoConfiguration:
      Did not match:
         - @ConditionalOnClass did not find required class 'graphql.GraphQL' (OnClassCondition)

   GraphQlWebMvcSecurityAutoConfiguration:
      Did not match:
         - @ConditionalOnClass did not find required class 'graphql.GraphQL' (OnClassCondition)

   GroovyTemplateAutoConfiguration:
      Did not match:
         - @ConditionalOnClass did not find required class 'groovy.text.markup.MarkupTemplateEngine' (OnClassCondition)

   GsonHttpMessageConvertersConfiguration.GsonHttpMessageConverterConfiguration:
      Did not match:
         - AnyNestedCondition 0 matched 2 did not; NestedCondition on GsonHttpMessageConvertersConfiguration.PreferGsonOrJacksonAndJsonbUnavailableCondition.JacksonJsonbUnavailable NoneNestedConditions 1 matched 1 did not; NestedCondition on GsonHttpMessageConvertersConfiguration.JacksonAndJsonbUnavailableCondition.JsonbPreferred @ConditionalOnProperty (spring.mvc.converters.preferred-json-mapper=jsonb) did not find property 'spring.mvc.converters.preferred-json-mapper'; NestedCondition on GsonHttpMessageConvertersConfiguration.JacksonAndJsonbUnavailableCondition.JacksonAvailable @ConditionalOnBean (types: org.springframework.http.converter.json.MappingJackson2HttpMessageConverter; SearchStrategy: all) found bean 'mappingJackson2HttpMessageConverter'; NestedCondition on GsonHttpMessageConvertersConfiguration.PreferGsonOrJacksonAndJsonbUnavailableCondition.GsonPreferred @ConditionalOnProperty (spring.mvc.converters.preferred-json-mapper=gson) did not find property 'spring.mvc.converters.preferred-json-mapper' (GsonHttpMessageConvertersConfiguration.PreferGsonOrJacksonAndJsonbUnavailableCondition)

   H2ConsoleAutoConfiguration:
      Did not match:
         - @ConditionalOnClass did not find required class 'org.h2.server.web.JakartaWebServlet' (OnClassCondition)

   HazelcastAutoConfiguration:
      Did not match:
         - @ConditionalOnClass did not find required class 'com.hazelcast.core.HazelcastInstance' (OnClassCondition)

   HazelcastCacheConfiguration:
      Did not match:
         - @ConditionalOnClass did not find required class 'com.hazelcast.core.HazelcastInstance' (OnClassCondition)

   HazelcastJpaDependencyAutoConfiguration:
      Did not match:
         - @ConditionalOnClass did not find required class 'com.hazelcast.core.HazelcastInstance' (OnClassCondition)

   HibernateJpaAutoConfiguration:
      Did not match:
         - @ConditionalOnClass did not find required class 'jakarta.persistence.EntityManager' (OnClassCondition)

   HttpHandlerAutoConfiguration:
      Did not match:
         - @ConditionalOnClass did not find required class 'org.springframework.web.reactive.DispatcherHandler' (OnClassCondition)

   HypermediaAutoConfiguration:
      Did not match:
         - @ConditionalOnClass did not find required class 'org.springframework.hateoas.EntityModel' (OnClassCondition)

   IdentifierGeneratorAutoConfiguration:
      Did not match:
         - @ConditionalOnClass did not find required class 'org.springframework.cloud.commons.util.InetUtils' (OnClassCondition)

   InfinispanCacheConfiguration:
      Did not match:
         - @ConditionalOnClass did not find required class 'org.infinispan.spring.embedded.provider.SpringEmbeddedCacheManager' (OnClassCondition)

   InfluxDbAutoConfiguration:
      Did not match:
         - @ConditionalOnClass did not find required class 'org.influxdb.InfluxDB' (OnClassCondition)

   IntegrationAutoConfiguration:
      Did not match:
         - @ConditionalOnClass did not find required class 'org.springframework.integration.config.EnableIntegration' (OnClassCondition)

   JCacheCacheConfiguration:
      Did not match:
         - @ConditionalOnClass did not find required class 'javax.cache.Caching' (OnClassCondition)

   JdbcRepositoriesAutoConfiguration:
      Did not match:
         - @ConditionalOnClass did not find required class 'org.springframework.data.jdbc.repository.config.AbstractJdbcConfiguration' (OnClassCondition)

   JedisConnectionConfiguration:
      Did not match:
         - @ConditionalOnClass did not find required classes 'org.apache.commons.pool2.impl.GenericObjectPool', 'redis.clients.jedis.Jedis' (OnClassCondition)

   JerseyAutoConfiguration:
      Did not match:
         - @ConditionalOnClass did not find required class 'org.glassfish.jersey.server.spring.SpringComponentProvider' (OnClassCondition)

   JmsAutoConfiguration:
      Did not match:
         - @ConditionalOnClass did not find required class 'jakarta.jms.Message' (OnClassCondition)

   JndiConnectionFactoryAutoConfiguration:
      Did not match:
         - @ConditionalOnClass did not find required class 'org.springframework.jms.core.JmsTemplate' (OnClassCondition)

   JndiDataSourceAutoConfiguration:
      Did not match:
         - @ConditionalOnProperty (spring.datasource.jndi-name) did not find property 'jndi-name' (OnPropertyCondition)
      Matched:
         - @ConditionalOnClass found required classes 'javax.sql.DataSource', 'org.springframework.jdbc.datasource.embedded.EmbeddedDatabaseType' (OnClassCondition)

   JooqAutoConfiguration:
      Did not match:
         - @ConditionalOnClass did not find required class 'org.jooq.DSLContext' (OnClassCondition)

   JpaRepositoriesAutoConfiguration:
      Did not match:
         - @ConditionalOnClass did not find required class 'org.springframework.data.jpa.repository.JpaRepository' (OnClassCondition)

   JsonbAutoConfiguration:
      Did not match:
         - @ConditionalOnClass did not find required class 'jakarta.json.bind.Jsonb' (OnClassCondition)

   JsonbHttpMessageConvertersConfiguration:
      Did not match:
         - @ConditionalOnClass did not find required class 'jakarta.json.bind.Jsonb' (OnClassCondition)

   JtaAutoConfiguration:
      Did not match:
         - @ConditionalOnClass did not find required class 'jakarta.transaction.Transaction' (OnClassCondition)

   KafkaAutoConfiguration:
      Did not match:
         - @ConditionalOnClass did not find required class 'org.springframework.kafka.core.KafkaTemplate' (OnClassCondition)

   LdapAutoConfiguration:
      Did not match:
         - @ConditionalOnClass did not find required class 'org.springframework.ldap.core.ContextSource' (OnClassCondition)

   LdapRepositoriesAutoConfiguration:
      Did not match:
         - @ConditionalOnClass did not find required class 'org.springframework.data.ldap.repository.LdapRepository' (OnClassCondition)

   LettuceConnectionConfiguration#redisConnectionFactoryVirtualThreads:
      Did not match:
         - @ConditionalOnMissingBean (types: org.springframework.data.redis.connection.RedisConnectionFactory; SearchStrategy: all) found beans of type 'org.springframework.data.redis.connection.RedisConnectionFactory' redisConnectionFactory (OnBeanCondition)

   LiquibaseAutoConfiguration:
      Did not match:
         - @ConditionalOnClass did not find required class 'liquibase.change.DatabaseChange' (OnClassCondition)

   MailSenderAutoConfiguration:
      Did not match:
         - @ConditionalOnClass did not find required class 'jakarta.mail.internet.MimeMessage' (OnClassCondition)

   MailSenderValidatorAutoConfiguration:
      Did not match:
         - @ConditionalOnProperty (spring.mail.test-connection) did not find property 'test-connection' (OnPropertyCondition)

   MessageSourceAutoConfiguration:
      Did not match:
         - ResourceBundle did not find bundle with basename messages (MessageSourceAutoConfiguration.ResourceBundleCondition)

   MongoAutoConfiguration:
      Did not match:
         - @ConditionalOnClass did not find required class 'com.mongodb.client.MongoClient' (OnClassCondition)

   MongoDataAutoConfiguration:
      Did not match:
         - @ConditionalOnClass did not find required class 'com.mongodb.client.MongoClient' (OnClassCondition)

   MongoReactiveAutoConfiguration:
      Did not match:
         - @ConditionalOnClass did not find required class 'com.mongodb.reactivestreams.client.MongoClient' (OnClassCondition)

   MongoReactiveDataAutoConfiguration:
      Did not match:
         - @ConditionalOnClass did not find required class 'com.mongodb.reactivestreams.client.MongoClient' (OnClassCondition)

   MongoReactiveRepositoriesAutoConfiguration:
      Did not match:
         - @ConditionalOnClass did not find required class 'com.mongodb.reactivestreams.client.MongoClient' (OnClassCondition)

   MongoRepositoriesAutoConfiguration:
      Did not match:
         - @ConditionalOnClass did not find required class 'com.mongodb.client.MongoClient' (OnClassCondition)

   MultipleOpenApiSupportConfiguration:
      Did not match:
         - AnyNestedCondition 0 matched 2 did not; NestedCondition on MultipleOpenApiSupportCondition.OnActuatorDifferentPort @ConditionalOnProperty (springdoc.show-actuator) did not find property 'springdoc.show-actuator'; NestedCondition on MultipleOpenApiSupportCondition.OnMultipleOpenApiSupportCondition AnyNestedCondition 0 matched 2 did not; NestedCondition on MultipleOpenApiGroupsCondition.OnGroupConfigProperty @ConditionalOnProperty (springdoc.group-configs[0].group) did not find property 'springdoc.group-configs[0].group'; NestedCondition on MultipleOpenApiGroupsCondition.OnGroupedOpenApiBean @ConditionalOnBean (types: org.springdoc.core.models.GroupedOpenApi; SearchStrategy: all) did not find any beans of type org.springdoc.core.models.GroupedOpenApi (MultipleOpenApiSupportCondition)
      Matched:
         - found 'session' scope (OnWebApplicationCondition)
         - @ConditionalOnProperty (springdoc.api-docs.enabled) matched (OnPropertyCondition)

   MultipleOpenApiSupportConfiguration.SpringDocWebMvcActuatorDifferentConfiguration:
      Did not match:
         - @ConditionalOnClass did not find required class 'org.springframework.boot.actuate.endpoint.web.servlet.WebMvcEndpointHandlerMapping' (OnClassCondition)
         - Ancestor org.springdoc.webmvc.core.configuration.MultipleOpenApiSupportConfiguration did not match (ConditionEvaluationReport.AncestorsMatchedCondition)

   MustacheAutoConfiguration:
      Did not match:
         - @ConditionalOnClass did not find required class 'com.samskivert.mustache.Mustache' (OnClassCondition)

   MybatisPlusAutoConfiguration.MapperScannerRegistrarNotFoundConfiguration:
      Did not match:
         - @ConditionalOnMissingBean (types: org.mybatis.spring.mapper.MapperFactoryBean,org.mybatis.spring.mapper.MapperScannerConfigurer; SearchStrategy: all) found beans of type 'org.mybatis.spring.mapper.MapperScannerConfigurer' com.student.ImkqasApplication#MapperScannerRegistrar#0 (OnBeanCondition)

   MybatisPlusInnerInterceptorAutoConfiguration:
      Did not match:
         - @ConditionalOnBean (types: com.baomidou.mybatisplus.extension.plugins.inner.InnerInterceptor; SearchStrategy: all) did not find any beans of type com.baomidou.mybatisplus.extension.plugins.inner.InnerInterceptor (OnBeanCondition)

   MybatisPlusLanguageDriverAutoConfiguration.FreeMarkerConfiguration:
      Did not match:
         - @ConditionalOnClass did not find required classes 'org.mybatis.scripting.freemarker.FreeMarkerLanguageDriver', 'org.mybatis.scripting.freemarker.FreeMarkerLanguageDriverConfig' (OnClassCondition)

   MybatisPlusLanguageDriverAutoConfiguration.LegacyFreeMarkerConfiguration:
      Did not match:
         - @ConditionalOnClass did not find required class 'org.mybatis.scripting.freemarker.FreeMarkerLanguageDriver' (OnClassCondition)

   MybatisPlusLanguageDriverAutoConfiguration.LegacyVelocityConfiguration:
      Did not match:
         - @ConditionalOnClass did not find required class 'org.mybatis.scripting.velocity.Driver' (OnClassCondition)

   MybatisPlusLanguageDriverAutoConfiguration.ThymeleafConfiguration:
      Did not match:
         - @ConditionalOnClass did not find required class 'org.mybatis.scripting.thymeleaf.ThymeleafLanguageDriver' (OnClassCondition)

   MybatisPlusLanguageDriverAutoConfiguration.VelocityConfiguration:
      Did not match:
         - @ConditionalOnClass did not find required classes 'org.mybatis.scripting.velocity.VelocityLanguageDriver', 'org.mybatis.scripting.velocity.VelocityLanguageDriverConfig' (OnClassCondition)

   Neo4jAutoConfiguration:
      Did not match:
         - @ConditionalOnClass did not find required class 'org.neo4j.driver.Driver' (OnClassCondition)

   Neo4jDataAutoConfiguration:
      Did not match:
         - @ConditionalOnClass did not find required class 'org.neo4j.driver.Driver' (OnClassCondition)

   Neo4jReactiveDataAutoConfiguration:
      Did not match:
         - @ConditionalOnClass did not find required class 'org.neo4j.driver.Driver' (OnClassCondition)

   Neo4jReactiveRepositoriesAutoConfiguration:
      Did not match:
         - @ConditionalOnClass did not find required class 'org.neo4j.driver.Driver' (OnClassCondition)

   Neo4jRepositoriesAutoConfiguration:
      Did not match:
         - @ConditionalOnClass did not find required class 'org.neo4j.driver.Driver' (OnClassCondition)

   NoOpCacheConfiguration:
      Did not match:
         - Cache org.springframework.boot.autoconfigure.cache.NoOpCacheConfiguration unknown cache type (CacheCondition)

   OAuth2AuthorizationServerAutoConfiguration:
      Did not match:
         - @ConditionalOnClass did not find required class 'org.springframework.security.oauth2.server.authorization.OAuth2Authorization' (OnClassCondition)

   OAuth2AuthorizationServerJwtAutoConfiguration:
      Did not match:
         - @ConditionalOnClass did not find required class 'org.springframework.security.oauth2.server.authorization.OAuth2Authorization' (OnClassCondition)

   OAuth2ClientAutoConfiguration:
      Did not match:
         - @ConditionalOnClass did not find required class 'org.springframework.security.oauth2.client.registration.ClientRegistration' (OnClassCondition)

   OAuth2ResourceServerAutoConfiguration:
      Did not match:
         - @ConditionalOnClass did not find required class 'org.springframework.security.oauth2.server.resource.authentication.BearerTokenAuthenticationToken' (OnClassCondition)

   ProjectInfoAutoConfiguration#buildProperties:
      Did not match:
         - @ConditionalOnResource did not find resource '${spring.info.build.location:classpath:META-INF/build-info.properties}' (OnResourceCondition)

   ProjectInfoAutoConfiguration#gitProperties:
      Did not match:
         - GitResource did not find git info at classpath:git.properties (ProjectInfoAutoConfiguration.GitResourceAvailableCondition)

   PulsarAutoConfiguration:
      Did not match:
         - @ConditionalOnClass did not find required class 'org.apache.pulsar.client.api.PulsarClient' (OnClassCondition)

   PulsarReactiveAutoConfiguration:
      Did not match:
         - @ConditionalOnClass did not find required class 'org.apache.pulsar.client.api.PulsarClient' (OnClassCondition)

   QuartzAutoConfiguration:
      Did not match:
         - @ConditionalOnClass did not find required class 'org.quartz.Scheduler' (OnClassCondition)

   R2dbcAutoConfiguration:
      Did not match:
         - @ConditionalOnClass did not find required class 'io.r2dbc.spi.ConnectionFactory' (OnClassCondition)

   R2dbcDataAutoConfiguration:
      Did not match:
         - @ConditionalOnClass did not find required class 'org.springframework.data.r2dbc.core.R2dbcEntityTemplate' (OnClassCondition)

   R2dbcInitializationConfiguration:
      Did not match:
         - @ConditionalOnClass did not find required classes 'io.r2dbc.spi.ConnectionFactory', 'org.springframework.r2dbc.connection.init.DatabasePopulator' (OnClassCondition)

   R2dbcRepositoriesAutoConfiguration:
      Did not match:
         - @ConditionalOnClass did not find required class 'io.r2dbc.spi.ConnectionFactory' (OnClassCondition)

   R2dbcTransactionManagerAutoConfiguration:
      Did not match:
         - @ConditionalOnClass did not find required class 'org.springframework.r2dbc.connection.R2dbcTransactionManager' (OnClassCondition)

   RSocketGraphQlClientAutoConfiguration:
      Did not match:
         - @ConditionalOnClass did not find required class 'graphql.GraphQL' (OnClassCondition)

   RSocketMessagingAutoConfiguration:
      Did not match:
         - @ConditionalOnClass did not find required class 'io.rsocket.RSocket' (OnClassCondition)

   RSocketRequesterAutoConfiguration:
      Did not match:
         - @ConditionalOnClass did not find required class 'io.rsocket.RSocket' (OnClassCondition)

   RSocketSecurityAutoConfiguration:
      Did not match:
         - @ConditionalOnClass did not find required class 'org.springframework.security.rsocket.core.SecuritySocketAcceptorInterceptor' (OnClassCondition)

   RSocketServerAutoConfiguration:
      Did not match:
         - @ConditionalOnClass did not find required class 'io.rsocket.core.RSocketServer' (OnClassCondition)

   RSocketStrategiesAutoConfiguration:
      Did not match:
         - @ConditionalOnClass did not find required class 'io.rsocket.RSocket' (OnClassCondition)

   RabbitAnnotationDrivenConfiguration#directRabbitListenerContainerFactory:
      Did not match:
         - @ConditionalOnProperty (spring.rabbitmq.listener.type=direct) did not find property 'type' (OnPropertyCondition)

   RabbitAnnotationDrivenConfiguration#directRabbitListenerContainerFactoryConfigurerVirtualThreads:
      Did not match:
         - @ConditionalOnMissingBean (types: org.springframework.boot.autoconfigure.amqp.DirectRabbitListenerContainerFactoryConfigurer; SearchStrategy: all) found beans of type 'org.springframework.boot.autoconfigure.amqp.DirectRabbitListenerContainerFactoryConfigurer' directRabbitListenerContainerFactoryConfigurer (OnBeanCondition)

   RabbitAnnotationDrivenConfiguration#simpleRabbitListenerContainerFactoryConfigurerVirtualThreads:
      Did not match:
         - @ConditionalOnMissingBean (types: org.springframework.boot.autoconfigure.amqp.SimpleRabbitListenerContainerFactoryConfigurer; SearchStrategy: all) found beans of type 'org.springframework.boot.autoconfigure.amqp.SimpleRabbitListenerContainerFactoryConfigurer' simpleRabbitListenerContainerFactoryConfigurer (OnBeanCondition)

   RabbitMQConfig:
      Did not match:
         - @ConditionalOnProperty (imkqas.query-rewrite.synonym-expansion.mq-enabled=true) did not find property 'imkqas.query-rewrite.synonym-expansion.mq-enabled' (OnPropertyCondition)

   RabbitStreamConfiguration:
      Did not match:
         - @ConditionalOnClass did not find required class 'org.springframework.rabbit.stream.config.StreamRabbitListenerContainerFactory' (OnClassCondition)

   ReactiveElasticsearchClientAutoConfiguration:
      Did not match:
         - @ConditionalOnClass did not find required class 'co.elastic.clients.transport.ElasticsearchTransport' (OnClassCondition)

   ReactiveElasticsearchRepositoriesAutoConfiguration:
      Did not match:
         - @ConditionalOnClass did not find required class 'org.springframework.data.elasticsearch.client.elc.ReactiveElasticsearchClient' (OnClassCondition)

   ReactiveMultipartAutoConfiguration:
      Did not match:
         - @ConditionalOnClass did not find required class 'org.springframework.web.reactive.config.WebFluxConfigurer' (OnClassCondition)

   ReactiveOAuth2ClientAutoConfiguration:
      Did not match:
         - @ConditionalOnClass did not find required class 'org.springframework.security.oauth2.client.registration.ClientRegistration' (OnClassCondition)

   ReactiveOAuth2ResourceServerAutoConfiguration:
      Did not match:
         - @ConditionalOnWebApplication did not find reactive web application classes (OnWebApplicationCondition)

   ReactiveSecurityAutoConfiguration:
      Did not match:
         - @ConditionalOnClass did not find required class 'org.springframework.web.reactive.config.WebFluxConfigurer' (OnClassCondition)

   ReactiveUserDetailsServiceAutoConfiguration:
      Did not match:
         - AnyNestedCondition 0 matched 2 did not; NestedCondition on ReactiveUserDetailsServiceAutoConfiguration.RSocketEnabledOrReactiveWebApplication.ReactiveWebApplicationCondition did not find reactive web application classes; NestedCondition on ReactiveUserDetailsServiceAutoConfiguration.RSocketEnabledOrReactiveWebApplication.RSocketSecurityEnabledCondition @ConditionalOnBean (types: org.springframework.messaging.rsocket.annotation.support.RSocketMessageHandler; SearchStrategy: all) did not find any beans of type org.springframework.messaging.rsocket.annotation.support.RSocketMessageHandler (ReactiveUserDetailsServiceAutoConfiguration.RSocketEnabledOrReactiveWebApplication)
      Matched:
         - @ConditionalOnClass found required class 'org.springframework.security.authentication.ReactiveAuthenticationManager' (OnClassCondition)
         - AnyNestedCondition 1 matched 2 did not; NestedCondition on ReactiveUserDetailsServiceAutoConfiguration.MissingAlternativeOrUserPropertiesConfigured.PasswordConfigured @ConditionalOnProperty (spring.security.user.password) did not find property 'password'; NestedCondition on ReactiveUserDetailsServiceAutoConfiguration.MissingAlternativeOrUserPropertiesConfigured.NameConfigured @ConditionalOnProperty (spring.security.user.name) did not find property 'name'; NestedCondition on ReactiveUserDetailsServiceAutoConfiguration.MissingAlternativeOrUserPropertiesConfigured.MissingAlternative @ConditionalOnMissingClass did not find unwanted classes 'org.springframework.security.oauth2.client.registration.ClientRegistrationRepository', 'org.springframework.security.oauth2.server.resource.introspection.ReactiveOpaqueTokenIntrospector' (ReactiveUserDetailsServiceAutoConfiguration.MissingAlternativeOrUserPropertiesConfigured)

   ReactiveWebServerFactoryAutoConfiguration:
      Did not match:
         - @ConditionalOnWebApplication did not find reactive web application classes (OnWebApplicationCondition)

   RedisAutoConfiguration#redisTemplate:
      Did not match:
         - @ConditionalOnMissingBean (names: redisTemplate; SearchStrategy: all) found beans named redisTemplate (OnBeanCondition)

   RepositoryRestMvcAutoConfiguration:
      Did not match:
         - @ConditionalOnClass did not find required class 'org.springframework.data.rest.webmvc.config.RepositoryRestMvcConfiguration' (OnClassCondition)

   Saml2RelyingPartyAutoConfiguration:
      Did not match:
         - @ConditionalOnClass did not find required class 'org.springframework.security.saml2.provider.service.registration.RelyingPartyRegistrationRepository' (OnClassCondition)

   SecurityDataConfiguration:
      Did not match:
         - @ConditionalOnClass did not find required class 'org.springframework.security.data.repository.query.SecurityEvaluationContextExtension' (OnClassCondition)

   SendGridAutoConfiguration:
      Did not match:
         - @ConditionalOnClass did not find required class 'com.sendgrid.SendGrid' (OnClassCondition)

   ServletWebServerFactoryAutoConfiguration.ForwardedHeaderFilterConfiguration:
      Did not match:
         - @ConditionalOnProperty (server.forward-headers-strategy=framework) did not find property 'server.forward-headers-strategy' (OnPropertyCondition)

   ServletWebServerFactoryConfiguration.EmbeddedJetty:
      Did not match:
         - @ConditionalOnClass did not find required classes 'org.eclipse.jetty.server.Server', 'org.eclipse.jetty.ee10.webapp.WebAppContext' (OnClassCondition)

   ServletWebServerFactoryConfiguration.EmbeddedUndertow:
      Did not match:
         - @ConditionalOnClass did not find required classes 'io.undertow.Undertow', 'org.xnio.SslClientAuthMode' (OnClassCondition)

   SessionAutoConfiguration:
      Did not match:
         - @ConditionalOnClass did not find required class 'org.springframework.session.Session' (OnClassCondition)

   SimpleCacheConfiguration:
      Did not match:
         - Cache org.springframework.boot.autoconfigure.cache.SimpleCacheConfiguration unknown cache type (CacheCondition)

   SpringBootWebSecurityConfiguration.SecurityFilterChainConfiguration:
      Did not match:
         - AllNestedConditions 1 matched 1 did not; NestedCondition on DefaultWebSecurityCondition.Beans @ConditionalOnMissingBean (types: org.springframework.security.web.SecurityFilterChain; SearchStrategy: all) found beans of type 'org.springframework.security.web.SecurityFilterChain' filterChain; NestedCondition on DefaultWebSecurityCondition.Classes @ConditionalOnClass found required classes 'org.springframework.security.web.SecurityFilterChain', 'org.springframework.security.config.annotation.web.builders.HttpSecurity' (DefaultWebSecurityCondition)

   SpringBootWebSecurityConfiguration.WebSecurityEnablerConfiguration:
      Did not match:
         - @ConditionalOnMissingBean (names: springSecurityFilterChain; SearchStrategy: all) found beans named springSecurityFilterChain (OnBeanCondition)
      Matched:
         - @ConditionalOnClass found required class 'org.springframework.security.config.annotation.web.configuration.EnableWebSecurity' (OnClassCondition)

   SpringDocConfiguration#propertiesResolverForSchema:
      Did not match:
         - @ConditionalOnProperty (springdoc.api-docs.resolve-schema-properties) did not find property 'springdoc.api-docs.resolve-schema-properties' (OnPropertyCondition)

   SpringDocConfiguration#propertyCustomizingConverter:
      Did not match:
         - @ConditionalOnBean (types: org.springdoc.core.customizers.PropertyCustomizer; SearchStrategy: all) did not find any beans of type org.springdoc.core.customizers.PropertyCustomizer (OnBeanCondition)

   SpringDocConfiguration#springdocBeanFactoryPostProcessor:
      Did not match:
         - AnyNestedCondition 0 matched 2 did not; NestedCondition on CacheOrGroupedOpenApiCondition.OnCacheDisabled found non-matching nested conditions @ConditionalOnProperty (springdoc.cache.disabled) did not find property 'springdoc.cache.disabled'; NestedCondition on CacheOrGroupedOpenApiCondition.OnMultipleOpenApiSupportCondition AnyNestedCondition 0 matched 2 did not; NestedCondition on MultipleOpenApiSupportCondition.OnActuatorDifferentPort @ConditionalOnProperty (springdoc.show-actuator) did not find property 'springdoc.show-actuator'; NestedCondition on MultipleOpenApiSupportCondition.OnMultipleOpenApiSupportCondition AnyNestedCondition 0 matched 2 did not; NestedCondition on MultipleOpenApiGroupsCondition.OnGroupConfigProperty @ConditionalOnProperty (springdoc.group-configs[0].group) did not find property 'springdoc.group-configs[0].group'; NestedCondition on MultipleOpenApiGroupsCondition.OnGroupedOpenApiBean @ConditionalOnBean (types: org.springdoc.core.models.GroupedOpenApi; SearchStrategy: all) did not find any beans of type org.springdoc.core.models.GroupedOpenApi (CacheOrGroupedOpenApiCondition)
      Matched:
         - @ConditionalOnClass found required class 'org.springframework.boot.context.properties.bind.BindResult' (OnClassCondition)

   SpringDocConfiguration#springdocBeanFactoryPostProcessor2:
      Did not match:
         - @ConditionalOnMissingClass found unwanted class 'org.springframework.boot.context.properties.bind.BindResult' (OnClassCondition)

   SpringDocConfiguration.SpringDocActuatorConfiguration:
      Did not match:
         - @ConditionalOnClass did not find required class 'org.springframework.boot.actuate.autoconfigure.endpoint.web.WebEndpointProperties' (OnClassCondition)

   SpringDocConfiguration.SpringDocRepositoryRestConfiguration:
      Did not match:
         - @ConditionalOnClass did not find required class 'org.springframework.data.rest.core.config.RepositoryRestConfiguration' (OnClassCondition)

   SpringDocDataRestConfiguration:
      Did not match:
         - @ConditionalOnClass did not find required class 'org.springframework.data.rest.core.config.RepositoryRestConfiguration' (OnClassCondition)

   SpringDocFunctionCatalogConfiguration:
      Did not match:
         - @ConditionalOnClass did not find required class 'org.springframework.cloud.function.web.function.FunctionEndpointInitializer' (OnClassCondition)

   SpringDocGroovyConfiguration:
      Did not match:
         - @ConditionalOnClass did not find required class 'groovy.lang.MetaClass' (OnClassCondition)

   SpringDocHateoasConfiguration:
      Did not match:
         - @ConditionalOnClass did not find required class 'org.springframework.hateoas.server.LinkRelationProvider' (OnClassCondition)

   SpringDocJacksonKotlinModuleConfiguration:
      Did not match:
         - @ConditionalOnClass did not find required class 'com.fasterxml.jackson.module.kotlin.KotlinModule' (OnClassCondition)

   SpringDocJavadocConfiguration:
      Did not match:
         - @ConditionalOnClass did not find required class 'com.github.therapi.runtimejavadoc.CommentFormatter' (OnClassCondition)

   SpringDocKotlinxConfiguration:
      Did not match:
         - @ConditionalOnClass did not find required class 'kotlinx.coroutines.flow.Flow' (OnClassCondition)

   SpringDocSecurityConfiguration.SpringDocSecurityOAuth2Configuration:
      Did not match:
         - @ConditionalOnClass did not find required class 'org.springframework.security.oauth2.server.authorization.OAuth2AuthorizationService' (OnClassCondition)

   SpringDocSecurityConfiguration.SpringSecurityLoginEndpointConfiguration#springSecurityLoginEndpointCustomiser:
      Did not match:
         - @ConditionalOnProperty (springdoc.show-login-endpoint) did not find property 'springdoc.show-login-endpoint' (OnPropertyCondition)

   SpringDocSortConfiguration#delegatingMethodParameterCustomizer:
      Did not match:
         - @ConditionalOnMissingBean (types: org.springdoc.core.customizers.DelegatingMethodParameterCustomizer; SearchStrategy: all) found beans of type 'org.springdoc.core.customizers.DelegatingMethodParameterCustomizer' delegatingMethodParameterCustomizer (OnBeanCondition)

   SpringDocWebMvcConfiguration.SpringDocWebMvcActuatorConfiguration:
      Did not match:
         - @ConditionalOnClass did not find required class 'org.springframework.boot.actuate.endpoint.web.servlet.WebMvcEndpointHandlerMapping' (OnClassCondition)

   SwaggerConfig#springWebProvider:
      Did not match:
         - @ConditionalOnMissingBean (types: org.springdoc.core.providers.SpringWebProvider; SearchStrategy: all) found beans of type 'org.springdoc.core.providers.SpringWebProvider' springWebProvider (OnBeanCondition)

   SwaggerConfig#swaggerUiConfigParameters:
      Did not match:
         - @ConditionalOnMissingBean (types: org.springdoc.core.properties.SwaggerUiConfigParameters; SearchStrategy: all) found beans of type 'org.springdoc.core.properties.SwaggerUiConfigParameters' org.springdoc.core.properties.SwaggerUiConfigParameters (OnBeanCondition)

   SwaggerConfig#swaggerUiHome:
      Did not match:
         - @ConditionalOnProperty (springdoc.swagger-ui.use-root-path=true) did not find property 'springdoc.swagger-ui.use-root-path' (OnPropertyCondition)

   SwaggerConfig.SwaggerActuatorWelcomeConfiguration:
      Did not match:
         - @ConditionalOnClass did not find required class 'org.springframework.boot.actuate.endpoint.web.servlet.WebMvcEndpointHandlerMapping' (OnClassCondition)

   TaskExecutorConfigurations.SimpleAsyncTaskExecutorBuilderConfiguration#simpleAsyncTaskExecutorBuilderVirtualThreads:
      Did not match:
         - @ConditionalOnMissingBean (types: org.springframework.boot.task.SimpleAsyncTaskExecutorBuilder; SearchStrategy: all) found beans of type 'org.springframework.boot.task.SimpleAsyncTaskExecutorBuilder' simpleAsyncTaskExecutorBuilder (OnBeanCondition)

   TaskExecutorConfigurations.TaskExecutorConfiguration:
      Did not match:
         - @ConditionalOnMissingBean (types: java.util.concurrent.Executor; SearchStrategy: all) found beans of type 'java.util.concurrent.Executor' triageExecutorService (OnBeanCondition)

   TaskSchedulingAutoConfiguration#scheduledBeanLazyInitializationExcludeFilter:
      Did not match:
         - @ConditionalOnBean (names: org.springframework.context.annotation.internalScheduledAnnotationProcessor; SearchStrategy: all) did not find any beans named org.springframework.context.annotation.internalScheduledAnnotationProcessor (OnBeanCondition)

   TaskSchedulingConfigurations.SimpleAsyncTaskSchedulerBuilderConfiguration#simpleAsyncTaskSchedulerBuilderVirtualThreads:
      Did not match:
         - @ConditionalOnMissingBean (types: org.springframework.boot.task.SimpleAsyncTaskSchedulerBuilder; SearchStrategy: all) found beans of type 'org.springframework.boot.task.SimpleAsyncTaskSchedulerBuilder' simpleAsyncTaskSchedulerBuilder (OnBeanCondition)

   TaskSchedulingConfigurations.TaskSchedulerConfiguration:
      Did not match:
         - @ConditionalOnBean (names: org.springframework.context.annotation.internalScheduledAnnotationProcessor; SearchStrategy: all) did not find any beans named org.springframework.context.annotation.internalScheduledAnnotationProcessor (OnBeanCondition)

   ThymeleafAutoConfiguration:
      Did not match:
         - @ConditionalOnClass did not find required class 'org.thymeleaf.spring6.SpringTemplateEngine' (OnClassCondition)

   TransactionAutoConfiguration#transactionalOperator:
      Did not match:
         - @ConditionalOnSingleCandidate (types: org.springframework.transaction.ReactiveTransactionManager; SearchStrategy: all) did not find any beans (OnBeanCondition)

   TransactionAutoConfiguration.AspectJTransactionManagementConfiguration:
      Did not match:
         - @ConditionalOnBean did not find required type 'org.springframework.transaction.aspectj.AbstractTransactionAspect' (OnBeanCondition)
         - @ConditionalOnBean (types: org.springframework.transaction.aspectj.AbstractTransactionAspect; SearchStrategy: all) did not find any beans of type org.springframework.transaction.aspectj.AbstractTransactionAspect (OnBeanCondition)

   TransactionAutoConfiguration.EnableTransactionManagementConfiguration.JdkDynamicAutoProxyConfiguration:
      Did not match:
         - @ConditionalOnProperty (spring.aop.proxy-target-class=false) did not find property 'proxy-target-class' (OnPropertyCondition)

   UnmappedTermConsumer:
      Did not match:
         - @ConditionalOnProperty (imkqas.query-rewrite.synonym-expansion.mq-enabled=true) did not find property 'imkqas.query-rewrite.synonym-expansion.mq-enabled' (OnPropertyCondition)

   UserDetailsServiceAutoConfiguration:
      Did not match:
         - @ConditionalOnMissingBean (types: org.springframework.security.authentication.AuthenticationManager,org.springframework.security.authentication.AuthenticationProvider,org.springframework.security.core.userdetails.UserDetailsService,org.springframework.security.authentication.AuthenticationManagerResolver,org.springframework.security.oauth2.jwt.JwtDecoder; SearchStrategy: all) found beans of type 'org.springframework.security.authentication.AuthenticationManager' authenticationManager and found beans of type 'org.springframework.security.core.userdetails.UserDetailsService' userDetailsServiceImpl (OnBeanCondition)
      Matched:
         - @ConditionalOnClass found required class 'org.springframework.security.authentication.AuthenticationManager' (OnClassCondition)
         - AnyNestedCondition 1 matched 2 did not; NestedCondition on UserDetailsServiceAutoConfiguration.MissingAlternativeOrUserPropertiesConfigured.PasswordConfigured @ConditionalOnProperty (spring.security.user.password) did not find property 'password'; NestedCondition on UserDetailsServiceAutoConfiguration.MissingAlternativeOrUserPropertiesConfigured.NameConfigured @ConditionalOnProperty (spring.security.user.name) did not find property 'name'; NestedCondition on UserDetailsServiceAutoConfiguration.MissingAlternativeOrUserPropertiesConfigured.MissingAlternative @ConditionalOnMissingClass did not find unwanted classes 'org.springframework.security.oauth2.client.registration.ClientRegistrationRepository', 'org.springframework.security.oauth2.server.resource.introspection.OpaqueTokenIntrospector', 'org.springframework.security.saml2.provider.service.registration.RelyingPartyRegistrationRepository' (UserDetailsServiceAutoConfiguration.MissingAlternativeOrUserPropertiesConfigured)

   WebClientAutoConfiguration:
      Did not match:
         - @ConditionalOnClass did not find required class 'org.springframework.web.reactive.function.client.WebClient' (OnClassCondition)

   WebFluxAutoConfiguration:
      Did not match:
         - @ConditionalOnClass did not find required class 'org.springframework.web.reactive.config.WebFluxConfigurer' (OnClassCondition)

   WebMvcAutoConfiguration#hiddenHttpMethodFilter:
      Did not match:
         - @ConditionalOnProperty (spring.mvc.hiddenmethod.filter.enabled) did not find property 'enabled' (OnPropertyCondition)

   WebMvcAutoConfiguration.ProblemDetailsErrorHandlingConfiguration:
      Did not match:
         - @ConditionalOnProperty (spring.mvc.problemdetails.enabled=true) did not find property 'enabled' (OnPropertyCondition)

   WebMvcAutoConfiguration.ResourceChainCustomizerConfiguration:
      Did not match:
         - @ConditionalOnEnabledResourceChain did not find class org.webjars.WebJarAssetLocator (OnEnabledResourceChainCondition)

   WebMvcAutoConfiguration.WebMvcAutoConfigurationAdapter#beanNameViewResolver:
      Did not match:
         - @ConditionalOnMissingBean (types: org.springframework.web.servlet.view.BeanNameViewResolver; SearchStrategy: all) found beans of type 'org.springframework.web.servlet.view.BeanNameViewResolver' beanNameViewResolver (OnBeanCondition)

   WebServiceTemplateAutoConfiguration:
      Did not match:
         - @ConditionalOnClass did not find required class 'org.springframework.ws.client.core.WebServiceTemplate' (OnClassCondition)

   WebServicesAutoConfiguration:
      Did not match:
         - @ConditionalOnClass did not find required class 'org.springframework.ws.transport.http.MessageDispatcherServlet' (OnClassCondition)

   WebSessionIdResolverAutoConfiguration:
      Did not match:
         - @ConditionalOnWebApplication did not find reactive web application classes (OnWebApplicationCondition)

   WebSocketMessagingAutoConfiguration:
      Did not match:
         - @ConditionalOnClass did not find required class 'org.springframework.web.socket.config.annotation.WebSocketMessageBrokerConfigurer' (OnClassCondition)

   WebSocketReactiveAutoConfiguration:
      Did not match:
         - @ConditionalOnWebApplication did not find reactive web application classes (OnWebApplicationCondition)

   WebSocketServletAutoConfiguration.JettyWebSocketConfiguration:
      Did not match:
         - @ConditionalOnClass did not find required class 'org.eclipse.jetty.ee10.websocket.jakarta.server.config.JakartaWebSocketServletContainerInitializer' (OnClassCondition)

   WebSocketServletAutoConfiguration.UndertowWebSocketConfiguration:
      Did not match:
         - @ConditionalOnClass did not find required class 'io.undertow.websockets.jsr.Bootstrap' (OnClassCondition)

   XADataSourceAutoConfiguration:
      Did not match:
         - @ConditionalOnClass did not find required class 'jakarta.transaction.TransactionManager' (OnClassCondition)


Exclusions:
-----------

    None


Unconditional classes:
----------------------

    org.springframework.boot.autoconfigure.context.ConfigurationPropertiesAutoConfiguration

    org.springframework.boot.autoconfigure.ssl.SslAutoConfiguration

    org.springframework.boot.autoconfigure.context.PropertyPlaceholderAutoConfiguration

    org.springframework.boot.autoconfigure.context.LifecycleAutoConfiguration

    org.springdoc.core.configuration.SpringDocSpecPropertiesConfiguration

    org.springframework.boot.autoconfigure.availability.ApplicationAvailabilityAutoConfiguration

    org.springframework.boot.autoconfigure.info.ProjectInfoAutoConfiguration



2026-07-08 21:20:55 [main] INFO  com.student.ImkqasApplication - Started ImkqasApplication in 16.289 seconds (process running for 17.018)
2026-07-08 21:20:55 [main] DEBUG o.s.b.a.ApplicationAvailabilityBean - Application availability state LivenessState changed to CORRECT
2026-07-08 21:20:55 [main] DEBUG o.s.b.a.ApplicationAvailabilityBean - Application availability state ReadinessState changed to ACCEPTING_TRAFFIC
2026-07-08 21:43:39 [http-nio-8080-exec-1] INFO  o.a.c.c.C.[Tomcat].[localhost].[/] - Initializing Spring DispatcherServlet 'dispatcherServlet'
2026-07-08 21:43:39 [http-nio-8080-exec-1] INFO  o.s.web.servlet.DispatcherServlet - Initializing Servlet 'dispatcherServlet'
2026-07-08 21:43:39 [http-nio-8080-exec-1] INFO  o.s.web.servlet.DispatcherServlet - Completed initialization in 3 ms
2026-07-08 21:43:39 [http-nio-8080-exec-1] DEBUG c.s.filter.JwtAuthenticationFilter - 请求进入过滤器: method=GET, uri=/api/conversations, query=null
2026-07-08 21:43:39 [http-nio-8080-exec-1] DEBUG c.s.m.C.selectList_mpCount - ==>  Preparing: SELECT COUNT(*) AS total FROM conversations WHERE deleted = 0
2026-07-08 21:43:39 [http-nio-8080-exec-1] DEBUG c.s.m.C.selectList_mpCount - ==> Parameters: 
2026-07-08 21:43:39 [http-nio-8080-exec-1] DEBUG c.s.m.C.selectList_mpCount - <==      Total: 1
2026-07-08 21:43:39 [http-nio-8080-exec-1] DEBUG c.s.m.ConversationMapper.selectList - ==>  Preparing: SELECT id,user_id,title,created_at,updated_at,deleted FROM conversations WHERE deleted=0 LIMIT ?
2026-07-08 21:43:39 [http-nio-8080-exec-1] DEBUG c.s.m.ConversationMapper.selectList - ==> Parameters: 10(Long)
2026-07-08 21:43:39 [http-nio-8080-exec-1] DEBUG c.s.m.ConversationMapper.selectList - <==      Total: 3
2026-07-08 21:43:39 [http-nio-8080-exec-2] DEBUG c.s.filter.JwtAuthenticationFilter - 请求进入过滤器: method=GET, uri=/api/messages/by-conversation/2073648773575843842, query=null
2026-07-08 21:43:39 [http-nio-8080-exec-2] DEBUG c.s.m.M.selectList_mpCount - ==>  Preparing: SELECT COUNT(*) AS total FROM messages WHERE deleted = 0 AND (conversation_id = ?)
2026-07-08 21:43:39 [http-nio-8080-exec-2] DEBUG c.s.m.M.selectList_mpCount - ==> Parameters: 2073648773575843842(Long)
2026-07-08 21:43:39 [http-nio-8080-exec-2] DEBUG c.s.m.M.selectList_mpCount - <==      Total: 1
2026-07-08 21:43:39 [http-nio-8080-exec-2] DEBUG c.s.mapper.MessageMapper.selectList - ==>  Preparing: SELECT id,conversation_id,role,content,source_references,created_at,updated_at,deleted FROM messages WHERE deleted=0 AND (conversation_id = ?) ORDER BY created_at ASC LIMIT ?
2026-07-08 21:43:39 [http-nio-8080-exec-2] DEBUG c.s.mapper.MessageMapper.selectList - ==> Parameters: 2073648773575843842(Long), 10(Long)
2026-07-08 21:43:39 [http-nio-8080-exec-2] DEBUG c.s.mapper.MessageMapper.selectList - <==      Total: 4
2026-07-08 21:43:39 [http-nio-8080-exec-4] DEBUG c.s.filter.JwtAuthenticationFilter - 请求进入过滤器: method=GET, uri=/api/his/interview/by-conversation/2073648773575843842, query=null
2026-07-08 21:43:39 [http-nio-8080-exec-4] DEBUG c.s.m.h.I.selectList - ==>  Preparing: SELECT id,session_id,questionnaire_id,questionnaire_title,user_id,conversation_id,current_question_index,total_questions,answers,current_score,completed,collection_mode,degradation_level,raw_inputs,safety_flags,context_summary,provenance,consecutive_failures,created_at,last_active_at,updated_at,deleted FROM interview_sessions WHERE deleted=0 AND (conversation_id = ?) ORDER BY created_at DESC
2026-07-08 21:43:39 [http-nio-8080-exec-4] DEBUG c.s.m.h.I.selectList - ==> Parameters: 2073648773575843842(Long)
2026-07-08 21:43:39 [http-nio-8080-exec-4] DEBUG c.s.m.h.I.selectList - <==      Total: 0
2026-07-08 21:43:40 [HikariPool-1 housekeeper] WARN  com.zaxxer.hikari.pool.HikariPool - HikariPool-1 - Thread starvation or clock leap detected (housekeeper delta=5m25s340ms848µs900ns).
2026-07-08 21:43:42 [http-nio-8080-exec-5] DEBUG c.s.filter.JwtAuthenticationFilter - 请求进入过滤器: method=GET, uri=/api/messages/by-conversation/2074834669297823745, query=null
2026-07-08 21:43:42 [http-nio-8080-exec-5] DEBUG c.s.m.M.selectList_mpCount - ==>  Preparing: SELECT COUNT(*) AS total FROM messages WHERE deleted = 0 AND (conversation_id = ?)
2026-07-08 21:43:42 [http-nio-8080-exec-5] DEBUG c.s.m.M.selectList_mpCount - ==> Parameters: 2074834669297823745(Long)
2026-07-08 21:43:42 [http-nio-8080-exec-5] DEBUG c.s.m.M.selectList_mpCount - <==      Total: 1
2026-07-08 21:43:42 [http-nio-8080-exec-5] DEBUG c.s.mapper.MessageMapper.selectList - ==>  Preparing: SELECT id,conversation_id,role,content,source_references,created_at,updated_at,deleted FROM messages WHERE deleted=0 AND (conversation_id = ?) ORDER BY created_at ASC LIMIT ?
2026-07-08 21:43:42 [http-nio-8080-exec-5] DEBUG c.s.mapper.MessageMapper.selectList - ==> Parameters: 2074834669297823745(Long), 10(Long)
2026-07-08 21:43:42 [http-nio-8080-exec-5] DEBUG c.s.mapper.MessageMapper.selectList - <==      Total: 1
2026-07-08 21:43:42 [http-nio-8080-exec-3] DEBUG c.s.filter.JwtAuthenticationFilter - 请求进入过滤器: method=GET, uri=/api/his/interview/by-conversation/2074834669297823745, query=null
2026-07-08 21:43:42 [http-nio-8080-exec-3] DEBUG c.s.m.h.I.selectList - ==>  Preparing: SELECT id,session_id,questionnaire_id,questionnaire_title,user_id,conversation_id,current_question_index,total_questions,answers,current_score,completed,collection_mode,degradation_level,raw_inputs,safety_flags,context_summary,provenance,consecutive_failures,created_at,last_active_at,updated_at,deleted FROM interview_sessions WHERE deleted=0 AND (conversation_id = ?) ORDER BY created_at DESC
2026-07-08 21:43:42 [http-nio-8080-exec-3] DEBUG c.s.m.h.I.selectList - ==> Parameters: 2074834669297823745(Long)
2026-07-08 21:43:42 [http-nio-8080-exec-3] DEBUG c.s.m.h.I.selectList - <==      Total: 1
2026-07-08 21:43:42 [http-nio-8080-exec-3] DEBUG c.s.m.h.A.selectList - ==>  Preparing: SELECT id,analysis_id,session_id,questionnaire_id,questionnaire_title,user_id,conversation_id,total_score,max_score,severity,interpretation,summary,risk_assessment,detail_analysis,recommendations,follow_up,disclaimer,latency_ms,raw_llm_response,created_at,updated_at,deleted FROM analysis_reports WHERE deleted=0 AND (session_id = ?) ORDER BY created_at DESC LIMIT 1
2026-07-08 21:43:42 [http-nio-8080-exec-3] DEBUG c.s.m.h.A.selectList - ==> Parameters: bec5eec99cc6(String)
2026-07-08 21:43:42 [http-nio-8080-exec-3] DEBUG c.s.m.h.A.selectList - <==      Total: 0
2026-07-08 21:43:42 [http-nio-8080-exec-6] DEBUG c.s.filter.JwtAuthenticationFilter - 请求进入过滤器: method=GET, uri=/api/his/interview/bec5eec99cc6/messages, query=null
2026-07-08 21:43:42 [http-nio-8080-exec-6] DEBUG c.s.m.h.I.selectList - ==>  Preparing: SELECT id,conversation_id,session_id,user_id,message_type,sequence_num,questionnaire_id,questionnaire_title,message_data,created_at,updated_at,deleted FROM interview_messages WHERE deleted=0 AND (session_id = ?) ORDER BY sequence_num ASC
2026-07-08 21:43:42 [http-nio-8080-exec-6] DEBUG c.s.m.h.I.selectList - ==> Parameters: bec5eec99cc6(String)
2026-07-08 21:43:42 [http-nio-8080-exec-6] DEBUG c.s.m.h.I.selectList - <==      Total: 13
